code,description,avg_monthly_q1,april_qty,old_moq,new_moq
ADA001,Adaptor Box 100x100x70,8.666666666666666,3.0,2.1666666666666665,2.1666666666666665
ADA002,Adaptor Box 150x150x70,4.666666666666667,0.0,1.1666666666666667,1.1666666666666667
ADA003,Adaptor Box 200x200x80,2.6666666666666665,3.0,0.6666666666666666,0.75
ADA005,Adaptor Box 255x200x80mm,0.3333333333333333,0.0,0.08333333333333333,0.08333333333333333
ADA006,Adaptor Box 300x250x120mm,4.333333333333333,1.0,1.0833333333333333,1.0833333333333333
AG1001,AG 1 1L,0.0,0.0,0.0,0.0
ALL001,Allan Key Big,3.3333333333333335,2.0,0.8333333333333334,0.8333333333333334
ALL003,Stanley-Alluminium Level12'(300mm)BAOntMicAhSoc,0.3333333333333333,0.0,0.08333333333333333,0.08333333333333333
ALL004,Stanley-Alluminium Level 24''(600mmB) O-(Mb-A1S0),0.3333333333333333,0.0,0.08333333333333333,0.08333333333333333
ANG001,Angle Brackets,14.0,0.0,3.5,3.5
ANG002,Angle Line 11/2x1/4,6.0,8.0,1.5,2.0
ANG003,Angle Line 11/2x1/8,19.0,0.0,4.75,4.75
ANG004,Angle Line 11/2x3/16,5.0,0.0,1.25,1.25
ANG005,Angle Line 1x1/8,11.333333333333334,3.5,2.8333333333333335,2.8333333333333335
ANG006,Angle Line 2x1/4,5.0,1.0,1.25,1.25
ANG007,Angle Line 2x1/8,5.666666666666667,0.0,1.4166666666666667,1.4166666666666667
ANG008,Angle Line 2x3/16,2.0,4.0,0.5,1.0
ANG009,Angle Line 3/4x1/8,1.3333333333333333,7.0,0.3333333333333333,1.75
ANG011,Angle Valve 1/2turn,46.0,52.0,11.5,13.0
ANG012,Angle Valve 2way,2.6666666666666665,1.0,0.6666666666666666,0.6666666666666666
ANG014,Angle Valve 1/2turn lirlee,8.333333333333334,10.0,2.0833333333333335,2.5
AQU001,C/S/G Aqua Gloss Deep 4l,0.0,0.0,0.0,0.0
ARA001,Lirlee Arabic Shower-LR9202,3.6666666666666665,9.0,0.9166666666666665,2.25
ARA003,Araldite Glue,3.3333333333333335,8.0,0.8333333333333334,2.0
ART001,Artist Brush Pkts,1.0,3.0,0.25,0.75
ASI002,Asian Toilet,0.0,0.0,0.0,0.0
AUT001,Automatic Voltage Regulator,0.0,0.0,0.0,0.0
AXE001,Axe 2.5LB,0.0,0.0,0.0,0.0
AXE003,Axe 3.5LB,1.3333333333333333,3.0,0.3333333333333333,0.75
AXE004,Axe 3LB,1.3333333333333333,1.0,0.3333333333333333,0.3333333333333333
BAL004,Ball Cork 1,2.0,0.0,0.5,0.5
BAL005,Ball Cork 1/2,0.0,0.0,0.0,0.0
BAL010,Ball Fitting Bulb,1.3333333333333333,0.0,0.3333333333333333,0.3333333333333333
BAL011,Ball Valve 1 Pegler,2.0,3.0,0.5,0.75
BAL012,Ball Valve 1/2 Pegler,2.0,3.0,0.5,0.75
BAL013,Ball Valve 11/2 pegler,0.0,0.0,0.0,0.0
BAL014,Ball Valve 3/4 Pegler,9.666666666666666,10.0,2.4166666666666665,2.5
BAL015,Ballast Dust Tonnes,22.0,0.0,5.5,5.5
BAL016,Ballast Dust Truck,0.6666666666666666,0.0,0.16666666666666666,0.16666666666666666
BAL017,Ballast Dust Wheelbarrow,0.0,0.0,0.0,0.0
BAL018,Ballast Mchele Tonnes,0.0,1.0,0.0,0.25
BAL020,Ballast Mchele Wheelbarrow,4.0,0.0,1.0,1.0
BAL022,Ballast Truck,0.6666666666666666,0.0,0.16666666666666666,0.16666666666666666
BAL024,Ball Valve 11/4 pegler,0.6666666666666666,0.0,0.16666666666666666,0.16666666666666666
BAL025,Ball Cork 3/4,5.333333333333333,4.0,1.3333333333333333,1.3333333333333333
BAL026,Ball Valve 3/4-Lirlee,0.3333333333333333,0.0,0.08333333333333333,0.08333333333333333
BAM001,Bamburi Fundi,0.3333333333333333,0.0,0.08333333333333333,0.08333333333333333
BAM002,Bamburi Nguvu,191.66666666666666,163.0,47.916666666666664,47.916666666666664
BAM004,Bamburi Powermax,83.33333333333333,60.0,20.833333333333332,20.833333333333332
BAM005,Bamburi Tembo,4644.0,2970.0,1161.0,1161.0
BAR001,Barbed Wire 480m,1.6666666666666667,1.0,0.4166666666666667,0.4166666666666667
BAR002,Barbed Wire 610m,3.0,1.0,0.75,0.75
BAR003,Barbed Wire 610m-Tej,5.666666666666667,0.0,1.4166666666666667,1.4166666666666667
BAS003,Basco Primer Grey 1l,3.6666666666666665,0.0,0.9166666666666665,0.9166666666666665
BAS004,Basco Primer Grey 4l,2.3333333333333335,3.0,0.5833333333333334,0.75
BAS005,Basco Red Oxide 1l,0.0,0.0,0.0,0.0
BAS006,Basco Red Oxide 4l,0.0,0.0,0.0,0.0
BAS007,Basco Sanding Sealer 1l,0.3333333333333333,0.0,0.08333333333333333,0.08333333333333333
BAS008,Basco Sanding Sealer 4l,0.0,0.0,0.0,0.0
BAS009,Basco Silver Almn 1l,1.3333333333333333,1.0,0.3333333333333333,0.3333333333333333
BAS010,Basco Silver Almn 4l,0.0,0.0,0.0,0.0
BAS011,Base Aquagloss 1 4l,0.3333333333333333,0.0,0.08333333333333333,0.08333333333333333
BAS012,Base Aquagloss 2 1l,0.0,0.0,0.0,0.0
BAS013,Base Aquagloss 2 4l,0.0,0.0,0.0,0.0
BAS017,Base Sg Red 1l,0.0,0.0,0.0,0.0
BAS018,Base Sg Red 4l,0.3333333333333333,0.0,0.08333333333333333,0.08333333333333333
BAS019,Base Sg1 1l,3.3333333333333335,0.0,0.8333333333333334,0.8333333333333334
BAS020,Base Sg1 4l,2.6666666666666665,4.0,0.6666666666666666,1.0
BAS021,Base Sg2 1l,0.0,2.0,0.0,0.5
BAS022,Base Sg2 4l,2.0,1.0,0.5,0.5
BAS023,Base Sg3 1l,0.0,0.0,0.0,0.0
BAS024,Base Sg3 4l,0.3333333333333333,0.0,0.08333333333333333,0.08333333333333333
BAS025,Base Sg4 1l,0.3333333333333333,2.0,0.08333333333333333,0.5
BAS026,Base Sg4 4l,1.0,0.0,0.25,0.25
BAS027,Base Sg5 1l,1.6666666666666667,4.0,0.4166666666666667,1.0
BAS028,Base Sg5 4l,0.0,2.0,0.0,0.5
BAS029,Base Sg6 1l,0.3333333333333333,0.0,0.08333333333333333,0.08333333333333333
BAS030,Base Sg6 4l,0.0,0.0,0.0,0.0
BAS031,Base Sgylw 1l,1.0,0.0,0.25,0.25
BAS032,Base Sgylw 4l,1.0,2.0,0.25,0.5
BAS033,Base Silicon 1 Ext 4l,0.6666666666666666,2.0,0.16666666666666666,0.5
BAS034,Base Silicon 2 Ext 4l,0.0,0.0,0.0,0.0
BAS035,Base Silicon Ext 1 1l,0.0,0.0,0.0,0.0
BAS036,Base Silicon Ext 2 1l,0.0,0.0,0.0,0.0
BAS037,Base Silicon Ext 3 1l,0.3333333333333333,1.0,0.08333333333333333,0.25
BAS039,Base Vm Yox 1l,0.0,0.0,0.0,0.0
BAS041,Base Vm1 1l,3.3333333333333335,43.0,0.8333333333333334,10.75
BAS042,Base Vm1 20l,0.6666666666666666,0.0,0.16666666666666666,0.16666666666666666
BAS043,Base Vm1 4l,3.0,4.0,0.75,1.0
BAS044,Base Vm2 1l,0.0,0.0,0.0,0.0
BAS046,Base Vm2 4l,0.3333333333333333,1.0,0.08333333333333333,0.25
BAS047,Base Vm3 1l,0.0,1.0,0.0,0.25
BAS048,Base Vm3 4l,0.0,2.0,0.0,0.5
BAS049,Base Vm4 1l,0.6666666666666666,2.0,0.16666666666666666,0.5
BAS050,Base Vm4 4l,0.0,1.0,0.0,0.25
BAS051,Base Vm5 1l,0.6666666666666666,0.0,0.16666666666666666,0.16666666666666666
BAS052,Base Vm5 4l,0.0,0.0,0.0,0.0
BAS053,Base Vmylw 1l,0.3333333333333333,0.0,0.08333333333333333,0.08333333333333333
BAS054,Base Vmylw 4l,0.0,0.0,0.0,0.0
BAS055,Base Vs1 1l,3.6666666666666665,2.0,0.9166666666666665,0.9166666666666665
BAS056,Base Vs1 20l,2.0,2.0,0.5,0.5
BAS057,Base Vs1 4l,15.333333333333334,13.0,3.833333333333334,3.833333333333334
BAS058,Base Vs2 1l,0.6666666666666666,1.0,0.16666666666666666,0.25
BAS059,Base Vs2 20l,0.0,0.0,0.0,0.0
BAS060,Base Vs2 4l,1.3333333333333333,0.0,0.3333333333333333,0.3333333333333333
BAS061,Base Vs3 4l,0.3333333333333333,3.0,0.08333333333333333,0.75
BAS063,Base Vs4 1l,0.0,0.0,0.0,0.0
BAS064,Base Vs4 4l,0.0,1.0,0.0,0.25
BAS065,Base Vs5 1l,0.3333333333333333,0.0,0.08333333333333333,0.08333333333333333
BAS066,Base Vs5 4l,0.0,0.0,0.0,0.0
BAS067,Basin & Pedestal,2.0,0.0,0.5,0.5
BAS069,Basin Mixer Sprout,0.3333333333333333,0.0,0.08333333333333333,0.08333333333333333
BAS070,Basin Screw Small,3.3333333333333335,0.0,0.8333333333333334,0.8333333333333334
BAS073,Base Silicon Ext 3 4 Ll,2.0,0.0,0.5,0.5
BAS076,Base VSYLW 4l,0.0,0.0,0.0,0.0
BAS077,Basin Screw Big,4.666666666666667,3.0,1.1666666666666667,1.1666666666666667
BAS078,Base Silicon Ext3 -20 L,0.3333333333333333,2.0,0.08333333333333333,0.5
BED003,Bed Bolts 5,0.0,14.0,0.0,3.5
BED004,Bed Bolts 6,3.3333333333333335,4.0,0.8333333333333334,1.0
BIN001,Binding Wire 1kg,101.33333333333333,52.0,25.333333333333336,25.333333333333336
BIN002,Binding Wire 17kg,52.666666666666664,0.0,13.166666666666664,13.166666666666664
BIN003,Binding Wire 23kg,20.333333333333332,0.0,5.083333333333333,5.083333333333333
BIN005,Binding Wire 15KG,170.33333333333334,280.0,42.583333333333336,70.0
BLA001,Black Oxide,3.0,10.0,0.75,2.5
BLA002,Black Pipe 1,0.16666666666666666,0.0,0.041666666666666664,0.041666666666666664
BLA003,Black Pipe 11/2,1.6666666666666667,0.0,0.4166666666666667,0.4166666666666667
BLA004,Black Pipe 11/4,0.0,0.0,0.0,0.0
BLA005,Black Pipe 2,1.3333333333333333,0.0,0.3333333333333333,0.3333333333333333
BLA007,Black Pipe 3/4,2.5,0.0,0.625,0.625
BLA008,Black Pipe 4,4.0,0.0,1.0,1.0
BLA009,Black Sheet 8x4x14g,1.3333333333333333,2.0,0.3333333333333333,0.5
BLA010,Black Sheet 8x4x16g,11.833333333333334,8.0,2.9583333333333335,2.9583333333333335
BLA011,Black Sheet 8x4x18g(0.8mm),7.5,6.0,1.875,1.875
BLA016,Blanking Cover Double,4.333333333333333,6.0,1.0833333333333333,1.5
BLA017,Blanking Cover Single,5.333333333333333,5.0,1.3333333333333333,1.3333333333333333
BLA018,Black Pipe 1/2,2.0,0.0,0.5,0.5
BLA019,BLACKSHEET 8X4X3MM,1.0,1.0,0.25,0.25
BLO001,Blockboard 1,0.0,6.0,0.0,1.5
BLO002,Blockboard 3/4,23.0,1.0,5.75,5.75
BOD007,Bodyfiller 1/2kg,7.166666666666667,2.0,1.7916666666666665,1.7916666666666665
BOD008,Bodyfiller 1kg,3.3333333333333335,4.0,0.8333333333333334,1.0
BOD009,Body filler 2.5kg,8.0,7.0,2.0,2.0
BOD010,Bodyfiller 4.5kg neo,5.0,5.0,1.25,1.25
BOL004,Bolt & Nut 10x3,2.0,1.0,0.5,0.5
BOL012,Bolt & Nut No 22,1.3333333333333333,9.0,0.3333333333333333,2.25
BOS001,Boss White 200g,5.0,4.0,1.25,1.25
BOS002,Boss White 400g,4.0,5.0,1.0,1.25
BOS003,Bosch cutting Slim 4,0.0,30.0,0.0,7.5
BOS004,Bosch Grinding 7,5.333333333333333,3.0,1.3333333333333333,1.3333333333333333
BOS005,Bosch Grinding 4,2.0,4.0,0.5,1.0
BOS006,Bosch Grinding 9,4.0,2.0,1.0,1.0
BOS007,Bosch Cutting Slim 9,15.0,0.0,3.75,3.75
BOS008,Bosch Circular Saw Blade7 40T,0.3333333333333333,0.0,0.08333333333333333,0.08333333333333333
BOS009,Bosch Circular Saw Blade 7 60T,0.3333333333333333,0.0,0.08333333333333333,0.08333333333333333
BOS010,Bosch Circular Saw Blade 9 40T,0.3333333333333333,1.0,0.08333333333333333,0.25
BOS011,Bosch Circular Saw Blade 9 60T,0.3333333333333333,1.0,0.08333333333333333,0.25
BOS012,Bosch Circular Saw Blade 10 60T,0.3333333333333333,0.0,0.08333333333333333,0.08333333333333333
BOS013,Bosch Flap Disc 4 P60,0.3333333333333333,0.0,0.08333333333333333,0.08333333333333333
BOS015,Bosch Sanding DiscP60,0.0,0.0,0.0,0.0
BOS016,Bosch Cutting Diamond 4,1.6666666666666667,4.0,0.4166666666666667,1.0
BOS017,Bosch Cutting Diamond 9,0.0,0.0,0.0,0.0
BOS018,Bosch cutting Ceramic 4,1.3333333333333333,0.0,0.3333333333333333,0.3333333333333333
BOS019,Bosch Hole saw Pkt,0.3333333333333333,0.0,0.08333333333333333,0.08333333333333333
BOS020,Bosch Blade For Wood Set,0.3333333333333333,0.0,0.08333333333333333,0.08333333333333333
BOS021,Bosch Saw Blade Set,0.3333333333333333,0.0,0.08333333333333333,0.08333333333333333
BOS022,Bosch Drill Bit 3mm,0.0,1.0,0.0,0.25
BOS023,Bosch Drill Bit 4mm,0.0,0.0,0.0,0.0
BOS024,Bosch Drill Bit 5mm,0.3333333333333333,0.0,0.08333333333333333,0.08333333333333333
BOS025,Bosch Drill Bit 6mm,0.3333333333333333,0.0,0.08333333333333333,0.08333333333333333
BOS026,Bosch Bit Hard Metal 8mm,0.0,0.0,0.0,0.0
BOS027,Bosch Router Bit Set 471,0.0,0.0,0.0,0.0
BOS028,Bosch Bit Set 472,0.0,0.0,0.0,0.0
BOS029,Bosch Sand Paper P60,0.0,0.0,0.0,0.0
BOS030,Bosch Sand Paper P120,0.3333333333333333,0.0,0.08333333333333333,0.08333333333333333
BOS031,Bosch Router Bit Set 464,0.3333333333333333,0.0,0.08333333333333333,0.08333333333333333
BOS032,Bosch Hilt Bit 6mm,1.3333333333333333,0.0,0.3333333333333333,0.3333333333333333
BOS033,Bosch Hilt Bit 8mm,0.3333333333333333,0.0,0.08333333333333333,0.08333333333333333
BOS034,Bosch Hilt Bit 10mm,0.3333333333333333,0.0,0.08333333333333333,0.08333333333333333
BOS035,Bosch Accessory Set,0.3333333333333333,3.0,0.08333333333333333,0.75
BOS036,Bosch Cordless Impact Drill,0.3333333333333333,1.0,0.08333333333333333,0.25
BOS037,Bosch Drill 400w,0.6666666666666666,0.0,0.16666666666666666,0.16666666666666666
BOS038,Bosch Angle Grinder small- OLO,1.3333333333333333,2.0,0.3333333333333333,0.5
BOS039,Bosch Angle Grinder Big -OPO,0.3333333333333333,1.0,0.08333333333333333,0.25
BOS040,Bosch Straight Grinder,0.0,0.0,0.0,0.0
BOS041,Bosch Jigsaw,0.0,1.0,0.0,0.25
BOS042,Bosch Circular Hand saw,0.0,0.0,0.0,0.0
BOS043,Bosch Orbital Sander,0.0,0.0,0.0,0.0
BOS044,Bosch Industrial Router,0.0,0.0,0.0,0.0
BOS045,Bosch Heat Gun 180,0.3333333333333333,0.0,0.08333333333333333,0.08333333333333333
BOS046,Bosch Laser Tape Measure -WOO,0.3333333333333333,0.0,0.08333333333333333,0.08333333333333333
BOS047,Bosch Laser Tape Measure S00,0.3333333333333333,1.0,0.08333333333333333,0.25
BOS048,Bosch Optical Level,0.0,0.0,0.0,0.0
BOS049,Bosch Laser Level 320,0.3333333333333333,1.0,0.08333333333333333,0.25
BOS050,Bosch Screw Driver bit-2608521042,0.6666666666666666,1.0,0.16666666666666666,0.25
BOS051,Bosch Angle polisher GPO14CE,0.0,0.0,0.0,0.0
BOS052,Bosch Cordless Screw Driver Go kit,0.0,1.0,0.0,0.25
BOT001,Bottle Trap 11/2 malpine,0.3333333333333333,0.0,0.08333333333333333,0.08333333333333333
BOT002,Bottle Trap 11/4 Malpine,0.0,0.0,0.0,0.0
BOT007,"Magic Connector Plastic 11/2""",3.6666666666666665,8.0,0.9166666666666665,2.0
BOT009,"Magic Connector Plastic 11/4""",2.3333333333333335,0.0,0.5833333333333334,0.5833333333333334
BOT010,Bottle Trap Viega 1 1/4,7.0,2.0,1.75,1.75
BOT011,Bottle Trap Viega 11/2,12.0,16.0,3.0,4.0
BOW001,Bow Saw,0.3333333333333333,0.0,0.08333333333333333,0.08333333333333333
BRA001,Construction Net Mtrs,9.333333333333334,0.0,2.3333333333333335,2.3333333333333335
BRC001,Brc 610,1.0,0.0,0.25,0.25
BRC003,Brc A142 Std,27.333333333333332,13.0,6.833333333333333,6.833333333333333
BRC004,Brc A66,1.0,1.0,0.25,0.25
BRC005,Brc A98 Std,15.0,9.0,3.75,3.75
BRO001,Broom/Rake Handles,32.0,5.0,8.0,8.0
BRU001,Brush Fixtec 1,15.333333333333334,25.0,3.833333333333334,6.25
BRU002,Brush Fixtec 2,44.333333333333336,33.0,11.083333333333334,11.083333333333334
BRU003,Brush Fixtec 3,30.333333333333332,22.0,7.583333333333333,7.583333333333333
BRU004,Brush Fixtec 4,43.333333333333336,62.0,10.833333333333334,15.5
BRU005,Brush Fixtec 6,57.666666666666664,63.0,14.416666666666666,15.75
BRU007,Brush Premium 2,20.666666666666668,21.0,5.166666666666667,5.25
BRU009,Brush Premium 3,15.333333333333334,17.0,3.833333333333334,4.25
BRU010,Brush Premium 4,40.0,39.0,10.0,10.0
BRU011,Brush Premium 5,5.333333333333333,3.0,1.3333333333333333,1.3333333333333333
BRU012,Brush Premium 6,31.333333333333332,48.0,7.833333333333334,12.0
BRU013,Brush Fixtec 5,14.0,11.0,3.5,3.5
BRU014,"Brush Premium 2.5""",1.0,2.0,0.25,0.5
BUC001,Buckets,40.666666666666664,87.0,10.166666666666666,21.75
BUL001,Bulb Energy Saver Pin 7w,3.6666666666666665,2.0,0.9166666666666665,0.9166666666666665
BUL002,Bulb Energy Saver Pin 9w,5.666666666666667,12.0,1.4166666666666667,3.0
BUL003,Bulb Energy Saver Screw 7w,2.3333333333333335,5.0,0.5833333333333334,1.25
BUL004,Bulb Eneryg Saver Screw 9w,6.666666666666667,15.0,1.6666666666666667,3.75
BUL006,Bulb Filament 4w,0.3333333333333333,0.0,0.08333333333333333,0.08333333333333333
BUL007,Bulb Holder Angle,0.0,1.0,0.0,0.25
BUL008,Bulb Holder Ceiling Rose,3.0,4.0,0.75,1.0
BUL009,Bulb Holder Pin,4.0,2.0,1.0,1.0
BUL010,Bulb Holder Screw,0.3333333333333333,6.0,0.08333333333333333,1.5
BUL011,Bulb Holder Straight,12.333333333333334,0.0,3.083333333333334,3.083333333333334
BUL015,Bulk Head Fitting,0.0,0.0,0.0,0.0
BUS002,"Bush JK 1/2""",28.0,50.0,7.0,12.5
BUS003,"Bush JK 11/2""",12.0,0.0,3.0,3.0
BUS004,"Bush JK 11/4""",1.3333333333333333,0.0,0.3333333333333333,0.3333333333333333
BUS005,"Bush JK 3/4""",0.0,0.0,0.0,0.0
BUS007,Bush Ball 11/2x4,1.6666666666666667,0.0,0.4166666666666667,0.4166666666666667
BUS008,Bush Ball 11/4x4,3.3333333333333335,0.0,0.8333333333333334,0.8333333333333334
BUS009,Bush Ball 1x4,17.666666666666668,2.0,4.416666666666667,4.416666666666667
BUS010,Bush Ball 3/4x4,10.333333333333334,16.0,2.5833333333333335,4.0
BUS015,Bush Smooth 1,11.0,2.0,2.75,2.75
BUS016,Bush Smooth 11/2,5.666666666666667,7.0,1.4166666666666667,1.75
BUS017,Bush Smooth 11/4,6.333333333333333,0.0,1.5833333333333335,1.5833333333333335
BUS018,Bush Smooth 3/4,21.666666666666668,2.0,5.416666666666667,5.416666666666667
BUS019,Bush smooth 1/2,14.666666666666666,18.0,3.666666666666666,4.5
BUT005,Butterfly Bush 3/4,6.666666666666667,0.0,1.6666666666666667,1.6666666666666667
BUT006,"Butterfly Bush 1"" imported",24.333333333333332,63.0,6.083333333333333,15.75
BUT007,"Butterfly Bush 3/4"" imported",12.666666666666666,22.0,3.166666666666667,5.5
C/ 002,C/ Roofmaster Beetle Green 4,0.0,0.0,0.0,0.0
C/ 004,C/ Transeal 1l,0.3333333333333333,4.0,0.08333333333333333,1.0
C/ 005,C/ Transeal 4l,9.0,8.0,2.25,2.25
C/E001,C/S/G Aqua Glow Accent 4l,0.3333333333333333,1.0,0.08333333333333333,0.25
C/E004,C/E Covermatt White 1l,12.333333333333334,15.0,3.083333333333334,3.75
C/E005,C/E Covermatt White 20l,101.33333333333333,80.0,25.333333333333336,25.333333333333336
C/E006,C/E Covermatt White 4l,53.0,54.0,13.25,13.5
C/E007,C/E Matt Accent Base 1l,3.6666666666666665,5.0,0.9166666666666665,1.25
C/E008,C/E Matt Accent Base 20l,2.0,3.0,0.5,0.75
C/E009,C/E Matt Accent Base 4l,3.3333333333333335,2.0,0.8333333333333334,0.8333333333333334
C/E012,C/E Matt Black 1l,1.3333333333333333,1.0,0.3333333333333333,0.3333333333333333
C/E014,C/E Matt Black 4l,1.6666666666666667,1.0,0.4166666666666667,0.4166666666666667
C/E015,C/E Matt Deep Base 1l,1.0,0.0,0.25,0.25
C/E016,C/E Matt Deep Base 20l,0.0,0.0,0.0,0.0
C/E017,C/E Matt Deep Base 4l,0.6666666666666666,0.0,0.16666666666666666,0.16666666666666666
C/E018,C/E Matt Pastel Base 1l,11.333333333333334,7.0,2.8333333333333335,2.8333333333333335
C/E019,C/E Matt Pastel Base 20l,22.666666666666668,12.0,5.666666666666667,5.666666666666667
C/E020,C/E Matt Pastel Base 4l,19.0,28.0,4.75,7.0
C/E025,C/E Silicon Accent Base 1l,9.333333333333334,5.0,2.3333333333333335,2.3333333333333335
C/E026,C/E Silicon Accent Base 20l,1.3333333333333333,4.0,0.3333333333333333,1.0
C/E027,C/E Silicon Accent Base 4l,8.666666666666666,16.0,2.1666666666666665,4.0
C/E028,C/E Silicon B/White 1l,0.0,2.0,0.0,0.5
C/E029,C/E Silicon B/White 20l,5.333333333333333,5.0,1.3333333333333333,1.3333333333333333
C/E030,C/E Silicon B/White 4l,4.666666666666667,5.0,1.1666666666666667,1.25
C/E031,C/E Silicon Black 1l,0.0,6.0,0.0,1.5
C/E032,C/E Silicon Black 4l,2.3333333333333335,1.0,0.5833333333333334,0.5833333333333334
C/E033,C/E Silicon Deep Base 1l,3.6666666666666665,6.0,0.9166666666666665,1.5
C/E034,C/E Silicon Deep Base 20l,1.6666666666666667,3.0,0.4166666666666667,0.75
C/E035,C/E Silicon Deep Base 4l,3.3333333333333335,4.0,0.8333333333333334,1.0
C/E036,C/E Silicon Pastel Base 1l,11.333333333333334,7.0,2.8333333333333335,2.8333333333333335
C/E037,C/E Silicon Pastel Base 20l,8.0,17.0,2.0,4.25
C/E038,C/E Silicon Pastel Base 4l,19.333333333333332,23.0,4.833333333333333,5.75
C/E040,C/E Silk Accent Base 1l,5.333333333333333,5.0,1.3333333333333333,1.3333333333333333
C/E041,C/E Silk Accent Base 20l,0.0,1.0,0.0,0.25
C/E042,C/E Silk Accent Base 4l,6.333333333333333,6.0,1.5833333333333335,1.5833333333333335
C/E043,C/E Silk Brill White 20l,4.333333333333333,6.0,1.0833333333333333,1.5
C/E044,C/E Silk Deep Base 1l,2.0,6.0,0.5,1.5
C/E045,C/E Silk Deep Base 20l,2.3333333333333335,0.0,0.5833333333333334,0.5833333333333334
C/E046,C/E Silk Deep Base 4l,3.0,9.0,0.75,2.25
C/E047,C/E Silk Pastel Base 1l,20.333333333333332,20.0,5.083333333333333,5.083333333333333
C/E048,C/E Silk Pastel Base 20l,27.0,12.0,6.75,6.75
C/E049,C/E Silk Pastel Base 4l,60.0,50.0,15.0,15.0
C/S002,C/S/G Accent Base 4l,27.0,16.0,6.75,6.75
C/S003,C/S/G Accent Base 1l,19.0,17.0,4.75,4.75
C/S009,C/S/G Black 1l,11.666666666666666,15.0,2.9166666666666665,3.75
C/S010,C/S/G Black BITUMINOUS 4l,11.333333333333334,1.0,2.8333333333333335,2.8333333333333335
C/S012,C/S/G C/Varnish H/G 1l,12.0,3.0,3.0,3.0
C/S013,C/S/G C/Varnish H/G 4l,20.666666666666668,10.0,5.166666666666667,5.166666666666667
C/S014,C/S/G Clear Varnish Matt 1l,1.6666666666666667,2.0,0.4166666666666667,0.5
C/S016,C/S/G Clear Varnish Nc 4l,1.0,3.0,0.25,0.75
C/S017,C/S/G Deep Base 1l,5.0,2.0,1.25,1.25
C/S018,C/S/G Deep Base 4l,5.333333333333333,6.0,1.3333333333333333,1.5
C/S020,C/S/G Eggshell Accent Base 1l,0.3333333333333333,5.0,0.08333333333333333,1.25
C/S021,C/S/G Eggshell Accent Base 4l,1.3333333333333333,31.0,0.3333333333333333,7.75
C/S022,C/S/G Eggshell Black 1l,0.0,1.0,0.0,0.25
C/S023,C/S/G Eggshell Black 4l,0.6666666666666666,1.0,0.16666666666666666,0.25
C/S024,C/S/G Eggshell Deep Base 1l,1.0,0.0,0.25,0.25
C/S025,C/S/G Eggshell Deep Base 4l,0.0,3.0,0.0,0.75
C/S026,C/S/G Eggshell Pastel 1l,1.0,0.0,0.25,0.25
C/S027,C/S/G Eggshell Pastel 4l,0.3333333333333333,13.0,0.08333333333333333,3.25
C/S028,C/S/G Floor Grey 4l,0.6666666666666666,0.0,0.16666666666666666,0.16666666666666666
C/S029,C/S/G Floor Paint Red Oxide 1l,2.0,1.0,0.5,0.5
C/S031,C/S/G Floor Paint Red Oxide 4L,2.3333333333333335,1.0,0.5833333333333334,0.5833333333333334
C/S037,C/S/G Clear Varnish Matt 4l,5.333333333333333,0.0,1.3333333333333333,1.3333333333333333
C/S038,C/S/G Matt Finish Black 1l,2.6666666666666665,2.0,0.6666666666666666,0.6666666666666666
C/S039,C/S/G Matt Finish Black 4l,2.6666666666666665,0.0,0.6666666666666666,0.6666666666666666
C/S044,C/S/G Nc Clear Lacquer 4l,0.3333333333333333,0.0,0.08333333333333333,0.08333333333333333
C/S046,C/S/G Pastel Base 1l,25.0,16.0,6.25,6.25
C/S047,C/S/G Pastel Base 4l,40.0,64.0,10.0,16.0
C/S048,C/S/G Roadline White 4l,3.6666666666666665,2.0,0.9166666666666665,0.9166666666666665
C/S050,C/S/G Roadline Yellow 4l,0.6666666666666666,1.0,0.16666666666666666,0.25
C/S053,C/S/G Roof Green 4l,0.0,0.0,0.0,0.0
C/S057,C/S/G Roofmaster Clear Base,3.3333333333333335,26.0,0.8333333333333334,6.5
C/S058,C/S/G Ruff & Tuff 30l-Normal,101.33333333333333,92.0,25.333333333333336,25.333333333333336
C/S061,C/S/G Sanding Sealer 1l,7.666666666666667,11.0,1.916666666666667,2.75
C/S062,C/S/G Sanding Sealer 4l,26.0,22.0,6.5,6.5
C/S067,C/S/G Thinner For Roadline 1l,0.0,0.0,0.0,0.0
C/S068,C/S/G Thinner For Roadline 5L,1.6666666666666667,5.0,0.4166666666666667,1.25
C/S069,C/S/G Twopack Thinner 1l,0.0,1.0,0.0,0.25
C/S070,C/S/G Twopack Thinner 5l,7.333333333333333,6.0,1.833333333333333,1.833333333333333
C/S071,C/S/G Twopack V/Gloss 1l,3.6666666666666665,2.0,0.9166666666666665,0.9166666666666665
C/S072,C/S/G Twopack V/Gloss 4l,9.333333333333334,10.0,2.3333333333333335,2.5
C/S074,C/S/G Twopack V/Matt 4l,0.3333333333333333,0.0,0.08333333333333333,0.08333333333333333
C/S075,C/S/G Undercoat 1l,8.666666666666666,8.0,2.1666666666666665,2.1666666666666665
C/S076,C/S/G Undercoat 4l,24.333333333333332,12.0,6.083333333333333,6.083333333333333
C/S077,C/S/G Varnish Mahogany 1L,5.666666666666667,3.0,1.4166666666666667,1.4166666666666667
C/S078,C/S/G Vesta Black 1l,1.6666666666666667,0.0,0.4166666666666667,0.4166666666666667
C/S079,C/S/G Vesta Black 4l,1.0,1.0,0.25,0.25
C/S080,C/S/G Vesta Floor Red 4l,0.3333333333333333,1.0,0.08333333333333333,0.25
C/S081,C/S/G Vesta Grey Oxide 1l-primer,11.0,14.0,2.75,3.5
C/S083,C/S/G Vesta Red Oxide 1l,0.3333333333333333,1.0,0.08333333333333333,0.25
C/S084,C/S/G Vesta Red Oxide 4l,0.0,1.0,0.0,0.25
C/S085,C/S/G Vesta Roof Green 4l,0.0,0.0,0.0,0.0
C/S086,C/S/G Vesta White 1l,1.0,0.0,0.25,0.25
C/S087,C/S/G Vesta White 4l,0.3333333333333333,0.0,0.08333333333333333,0.08333333333333333
C/S089,C/S/G Wood Primer White 4l,1.0,1.0,0.25,0.25
CAB001,Cable Clips 10mm,3.6666666666666665,4.0,0.9166666666666665,1.0
CAB002,Cable Clips 12mm,2.6666666666666665,0.0,0.6666666666666666,0.6666666666666666
CAB003,Cable Clips 9mm,0.0,0.0,0.0,0.0
CAB005,Cable Clips Round 10mm,1.0,0.0,0.25,0.25
CAB006,Cable Ties 10,2.3333333333333335,2.0,0.5833333333333334,0.5833333333333334
CAB007,Cable Ties 12,2.3333333333333335,5.0,0.5833333333333334,1.25
CAB008,Cable Ties 14,5.0,0.0,1.25,1.25
CAB009,Cable Ties 6,2.3333333333333335,0.0,0.5833333333333334,0.5833333333333334
CAB010,Cable Ties 8,4.0,0.0,1.0,1.0
CAB011,Cable Ties Pcs,63.333333333333336,101.0,15.833333333333332,25.25
CAB013,"CABLE TIES 4""",0.0,0.0,0.0,0.0
CAB014,Cable Clips 8mm,1.3333333333333333,2.0,0.3333333333333333,0.5
CAL001,Caliper,0.0,0.0,0.0,0.0
CAN001,Canvas Fire hose 3x30m,0.6666666666666666,0.0,0.16666666666666666,0.16666666666666666
CAR004,Carpet Brush,5.0,0.0,1.25,1.25
CEI001,Ceiling Board Flowered,12.0,0.0,3.0,3.0
CEI002,Ceiling Board Plain,17.333333333333332,7.0,4.333333333333333,4.333333333333333
CEM001,Cement In Kgs,39.833333333333336,37.0,9.958333333333334,9.958333333333334
CEN001,Center Stopper,20.0,6.0,5.0,5.0
CER002,Cerrazo 1l,1.6666666666666667,2.0,0.4166666666666667,0.5
CER003,Cerrazo 5l,2.0,4.0,0.5,1.0
CES002,C/E Silk Bril White 1Ltr,1.6666666666666667,1.0,0.4166666666666667,0.4166666666666667
CES003,C/E Silk Bril White 4 ltr,2.6666666666666665,8.0,0.6666666666666666,2.0
CEV002,C/S/G Vesta Primer Grey Oxide 4l,14.333333333333334,17.0,3.583333333333333,4.25
CHA001,Chain 1/4,8.333333333333334,0.0,2.0833333333333335,2.0833333333333335
CHA002,Chain 3/16,3.6666666666666665,2.0,0.9166666666666665,0.9166666666666665
CHA005,Chain Link 4ft,1.3333333333333333,5.0,0.3333333333333333,1.25
CHA006,Chain Link 5ft,3.6666666666666665,4.0,0.9166666666666665,1.0
CHA007,Chain Link 6ft,4.666666666666667,0.0,1.1666666666666667,1.1666666666666667
CHA008,Chain Link 7ft,2.3333333333333335,3.0,0.5833333333333334,0.75
CHA009,Chain Link 8ft,3.6666666666666665,3.0,0.9166666666666665,0.9166666666666665
CHA011,Chair Rubber Square 1,0.0,1.0,0.0,0.25
CHA012,Chair Rubber Square 2,0.3333333333333333,0.0,0.08333333333333333,0.08333333333333333
CHA013,Chair Rubber Square 3/4,0.6666666666666666,0.0,0.16666666666666666,0.16666666666666666
CHA014,Chalk pcs,6.333333333333333,0.0,1.5833333333333335,1.5833333333333335
CHA015,Chalk Line,2.0,3.0,0.5,0.75
CHA016,Chalk Carton,4.666666666666667,2.0,1.1666666666666667,1.1666666666666667
CHA017,Chalk Pkt,0.0,0.0,0.0,0.0
CHE001,Chequered Plate 16g,2.0,0.0,0.5,0.5
CHE002,Chequered Plate 2mm,0.3333333333333333,1.0,0.08333333333333333,0.25
CHE004,Chequered Plate 4mm,11.0,0.0,2.75,2.75
CHI001,Chicken Wire 1/2x30 MTRS,22.833333333333332,20.0,5.708333333333333,5.708333333333333
CHI004,Chicken Wire Roll 1/2x30,20.0,18.0,5.0,5.0
CHI005,Chicken Wire Roll 1/2x6FT,1.0,1.0,0.25,0.25
CHI006,MDF Particle White,0.3333333333333333,1.0,0.08333333333333333,0.25
CHI008,Chisel 1/2,1.6666666666666667,0.0,0.4166666666666667,0.4166666666666667
CHI009,Chisel 3/4,2.6666666666666665,1.0,0.6666666666666666,0.6666666666666666
CHR001,Chrome Brackets 1,14.333333333333334,9.0,3.583333333333333,3.583333333333333
CHR002,Chrome Brackets 1/2,0.0,0.0,0.0,0.0
CHR003,Chrome Brackets 3/4,7.333333333333333,0.0,1.833333333333333,1.833333333333333
CHR004,Chrome Pipe 1,7.0,2.0,1.75,1.75
CHR005,Chrome Pipe 3/4,1.0,0.0,0.25,0.25
CIR002,Circular Blade 4.5,3.0,10.0,0.75,2.5
CIR003,Circular Blade 7,2.6666666666666665,2.0,0.6666666666666666,0.6666666666666666
CIR004,Circular Blade 9,7.666666666666667,0.0,1.916666666666667,1.916666666666667
CIR006,Circular Box 2way,0.3333333333333333,0.0,0.08333333333333333,0.08333333333333333
CIR007,Circular Box 3way 20mm,54.666666666666664,0.0,13.666666666666666,13.666666666666666
CIR008,Circular Box 3way 25mm,24.333333333333332,1.0,6.083333333333333,6.083333333333333
CIR009,Circular Box 4way 20mm,378.6666666666667,592.0,94.66666666666667,148.0
CIR010,Circular Box 4way 25mm,26.333333333333332,126.0,6.583333333333332,31.5
CIR011,Circular Box 1 way 20MM,8.666666666666666,0.0,2.1666666666666665,2.1666666666666665
CIS004,Cistern High Lever,0.6666666666666666,1.0,0.16666666666666666,0.25
CIS005,Cistern Low Lever,1.6666666666666667,1.0,0.4166666666666667,0.4166666666666667
CIS006,Cistern Top Flush,2.6666666666666665,5.0,0.6666666666666666,1.25
CLA001,Claw Bar 4ft,1.0,1.0,0.25,0.25
CLA002,Claw Bar 5ft,5.333333333333333,0.0,1.3333333333333333,1.3333333333333333
CLA003,Claw Bar 6ft,0.3333333333333333,7.0,0.08333333333333333,1.75
CLA004,Stanley-Claw Hammer 160z (453g)f/g,0.3333333333333333,0.0,0.08333333333333333,0.08333333333333333
CLA005,Stanley-Claw Hammer 20oz,0.6666666666666666,0.0,0.16666666666666666,0.16666666666666666
CLA006,Claw Hammer 27mm,3.0,1.0,0.75,0.75
CLE004,Clear Tape Big,6.0,2.0,1.5,1.5
CLE005,Clear Tape 2X20mts,0.0,0.0,0.0,0.0
CLO003,Close Couple Fitting Pvc,1.0,0.0,0.25,0.25
CLO004,Close Couple Set,3.6666666666666665,4.0,0.9166666666666665,1.0
CLO006,Cloth Line,4.0,0.0,1.0,1.0
COA001,Coast Calcium,17.666666666666668,40.0,4.416666666666667,10.0
COA002,Coat Hook Double,1.0,1.0,0.25,0.25
COA003,Coat Hook Single,0.0,3.0,0.0,0.75
COF001,Coffee Tray Roll,1.0,1.0,0.25,0.25
COF002,Coffee Tray Mtrs,28.166666666666668,10.0,7.041666666666667,7.041666666666667
COL001,Colorant Ext Orange,0.0,0.0,0.0,0.0
COL002,Colorant Ext Red,0.0,0.0,0.0,0.0
COL003,Colorant Ext Yellow,0.0,0.0,0.0,0.0
COL004,Colorant Fast Black,1.0,0.0,0.25,0.25
COL005,Colorant Fast Blue,0.0,0.0,0.0,0.0
COL006,Colorant Fast Green,0.0,0.0,0.0,0.0
COL007,Colorant Fast Magenta,0.0,0.0,0.0,0.0
COL008,Colorant Fast Red Oxide,0.0,0.0,0.0,0.0
COL009,Colorant Fast Violet,0.0,0.0,0.0,0.0
COL010,Colorant Fast Yellow Oxide,2.0,1.0,0.5,0.5
COL011,Colorant Ht Blue,0.3333333333333333,0.0,0.08333333333333333,0.08333333333333333
COL012,Colorant Ht Green,0.0,0.0,0.0,0.0
COL013,Colorant Ht White,0.6666666666666666,0.0,0.16666666666666666,0.16666666666666666
COL014,Colorant Int Red,0.0,0.0,0.0,0.0
COL015,Colorant Int Yellow,0.0,2.0,0.0,0.5
COL016,Colorant Tmed Yellow,0.3333333333333333,0.0,0.08333333333333333,0.08333333333333333
COM001,Complete Hinges 1,19.0,5.0,4.75,4.75
CON006,Conduit Metro 20mm,1110.0,2378.0,277.5,594.5
CON007,Conduit Metro 25mm,347.6666666666667,771.0,86.91666666666667,192.75
CON008,Conduit Metro 32mm,82.66666666666667,186.0,20.666666666666668,46.5
CON009,Conduit Metro 38mm,21.666666666666668,3.0,5.416666666666667,5.416666666666667
CON010,Conduit Metro 50mm,15.0,61.0,3.75,15.25
CON012,Construction Net,8.666666666666666,4.0,2.1666666666666665,2.1666666666666665
CON013,Consumer Unit 10way,1.0,0.0,0.25,0.25
CON014,Consumer Unit 14way,0.0,0.0,0.0,0.0
CON015,Consumer Unit 4way,2.0,1.0,0.5,0.5
CON016,Consumer Unit 6way,0.3333333333333333,0.0,0.08333333333333333,0.08333333333333333
CON017,Consumer Unit 8way,1.3333333333333333,6.0,0.3333333333333333,1.5
CON021,Conta 1/2kg,2.6666666666666665,3.0,0.6666666666666666,0.75
CON022,Conta 1/4kg,4.666666666666667,0.0,1.1666666666666667,1.1666666666666667
CON023,Conta 100ml,9.333333333333334,3.0,2.3333333333333335,2.3333333333333335
CON024,Conta 1kg,11.333333333333334,15.0,2.8333333333333335,3.75
CON025,Conta 4kg,13.333333333333334,15.0,3.3333333333333335,3.75
CON026,Conta 50ml,1.6666666666666667,4.0,0.4166666666666667,1.0
CON028,Consumer Unit 12way,1.6666666666666667,0.0,0.4166666666666667,0.4166666666666667
COO002,Cooker Unit Socket,1.0,0.0,0.25,0.25
COO003,Cooker Connector,1.0,0.0,0.25,0.25
COO004,Cooker Socket Grey,0.0,0.0,0.0,0.0
COO005,Cooker Socket Black,0.0,0.0,0.0,0.0
COO006,Cooker Socket Gold,0.0,0.0,0.0,0.0
COR001,Cornace Super Fix 2kg,4.666666666666667,0.0,1.1666666666666667,1.1666666666666667
COR003,Corner Strip,0.3333333333333333,0.0,0.08333333333333333,0.08333333333333333
COR004,Corner Strip Aluminium,54.0,24.0,13.5,13.5
COR005,Corner Strip Cream,3.6666666666666665,0.0,0.9166666666666665,0.9166666666666665
COR006,Corner Strip Gold,0.6666666666666666,0.0,0.16666666666666666,0.16666666666666666
COR007,Corner Strip L Shaped,100.66666666666667,112.0,25.166666666666668,28.0
COR008,Corner Strip Plastic White,14.666666666666666,2.0,3.666666666666666,3.666666666666666
COR010,Gypsum Corner Tape,29.666666666666668,11.0,7.416666666666667,7.416666666666667
COR011,Cornace Super Fix 5kg,0.0,7.0,0.0,1.75
COR012,Cordless Spray Gun Set-(FCSG20LFBXO-1M)AS,0.0,0.0,0.0,0.0
COU001,Counter Sunk Screw 1,0.0,3.0,0.0,0.75
COU002,Counter Sunk Screw 1.5,6.666666666666667,8.0,1.6666666666666667,2.0
COU004,Counter Sunk Screw 2,1.3333333333333333,3.0,0.3333333333333333,0.75
COU007,Coupler Threaded 20mm,10.666666666666666,150.0,2.6666666666666665,37.5
COU008,Coupler Threaded 25mm,0.0,100.0,0.0,25.0
COU009,Couplers 20mm,2573.3333333333335,4058.0,643.3333333333334,1014.5
COU010,Couplers 25mm,539.3333333333334,1161.0,134.83333333333334,290.25
COU011,Couplers 32mm,188.0,240.0,47.0,60.0
COU012,Couplers 38mm,1.0,3.0,0.25,0.75
COU013,Couplers 50mm,26.666666666666668,40.0,6.666666666666667,10.0
CRO001,Crown Colorant B,10.0,32.0,2.5,8.0
CRO002,Crown Colorant C,4.0,3.0,1.0,1.0
CRO003,Crown Colorant D,1.3333333333333333,2.0,0.3333333333333333,0.5
CRO004,Crown Colorant E,2.0,1.0,0.5,0.5
CRO005,Crown Colorant Ext Orange Us,0.0,0.0,0.0,0.0
CRO006,Crown Colorant High Yellow-QS,0.0,1.0,0.0,0.25
CRO007,Crown Colorant Kx,3.6666666666666665,5.0,0.9166666666666665,1.25
CRO008,Crown Colorant M/Yellow- T,1.3333333333333333,1.0,0.3333333333333333,0.3333333333333333
CRO009,Crown Colorant R,0.3333333333333333,0.0,0.08333333333333333,0.08333333333333333
CRO010,Crown Colorant Raw Umber-L,1.6666666666666667,1.0,0.4166666666666667,0.4166666666666667
CRO011,Crown Colorant Red Oxide-F,1.6666666666666667,2.0,0.4166666666666667,0.5
CRO012,Crown Colorant Rn,1.3333333333333333,0.0,0.3333333333333333,0.3333333333333333
CRO013,Crown Colorant V,2.8333333333333335,1.0,0.7083333333333334,0.7083333333333334
CRO014,Crown Colorant Violet-Zs,0.3333333333333333,0.0,0.08333333333333333,0.08333333333333333
CRO015,Crown Colorant Yellow An,1.0,0.0,0.25,0.25
CRO016,Crown Colorant Yellow Axx,0.6666666666666666,0.0,0.16666666666666666,0.16666666666666666
CRO024,Crown Wallputty 25kg,234.33333333333334,138.0,58.583333333333336,58.583333333333336
CRO025,Crown Wallputty 1kg,57.166666666666664,74.5,14.291666666666664,18.625
CRO026,C/S/G Ruff & Tuff Stoneless,1.0,5.0,0.25,1.25
CSG002,C/S/G Aqua Glow B/W 4l,0.3333333333333333,7.0,0.08333333333333333,1.75
CSG003,C/E Vesta White 20l,0.3333333333333333,0.0,0.08333333333333333,0.08333333333333333
CSG004,C/S/G Varnish Mahogany 4L,3.3333333333333335,1.0,0.8333333333333334,0.8333333333333334
CSG005,C/S/G Black 4l,6.0,9.0,1.5,2.25
CSG006,C/S/G Roadline Black 4l,2.6666666666666665,6.0,0.6666666666666666,1.5
CSG007,C/S/G Zinc phophate Grey 4 l,0.3333333333333333,0.0,0.08333333333333333,0.08333333333333333
CSG009,C/S/G Ruff & Tuff 30l-White Base,31.333333333333332,50.0,7.833333333333334,12.5
CSG010,C/S/G Vesta Red Oxide 4l-Primer,0.0,0.0,0.0,0.0
CSG011,C/S/G Ruff & Tuff 30l-Clear Base,4.666666666666667,7.0,1.1666666666666667,1.75
CSG013,C/S/G Vesta Undercoat 1 Ltr,0.0,0.0,0.0,0.0
CSG015,C/S/G Ruff & Tuff 5l-Normal,0.6666666666666666,0.0,0.16666666666666666,0.16666666666666666
CUP001,Cup Washers,0.0,0.0,0.0,0.0
CUP002,Cup Wire Brush twisted,0.6666666666666666,0.0,0.16666666666666666,0.16666666666666666
CUP003,Cup Wire Brush smooth,0.3333333333333333,4.0,0.08333333333333333,1.0
CUR001,Curtain Balls Black,2.6666666666666665,0.0,0.6666666666666666,0.6666666666666666
CUR002,Curtain Balls Copper,0.3333333333333333,0.0,0.08333333333333333,0.08333333333333333
CUR003,Curtain Balls Gold,0.6666666666666666,0.0,0.16666666666666666,0.16666666666666666
CUR004,Curtain Balls Silver,3.0,0.0,0.75,0.75
CUR005,Curtain Balls White,8.0,0.0,2.0,2.0
CUR007,Curtain Brackets Copper,1.6666666666666667,2.0,0.4166666666666667,0.5
CUR008,Curtain Brackets White,0.6666666666666666,6.0,0.16666666666666666,1.5
CUR009,Curtain Caps Black,0.0,0.0,0.0,0.0
CUR010,Curtain Caps Copper,0.0,0.0,0.0,0.0
CUR011,Curtain Caps Gold,0.0,0.0,0.0,0.0
CUR012,Curtain Caps Silver,0.0,0.0,0.0,0.0
CUR013,Curtain Caps White,0.0,2.0,0.0,0.5
CUR017,Curtain Ring,6.666666666666667,0.0,1.6666666666666667,1.6666666666666667
CUR023,Curtain Rod Jk 2m Bronze,0.3333333333333333,0.0,0.08333333333333333,0.08333333333333333
CUR024,Curtain Rod Jk 2m Gold,0.3333333333333333,0.0,0.08333333333333333,0.08333333333333333
CUR025,Curtain Rod Jk 2m White,0.0,0.0,0.0,0.0
CUR027,Curtain Rod Jk 3m White,0.0,0.0,0.0,0.0
CUR028,Curtain Rod Jk 6m Black,0.3333333333333333,0.0,0.08333333333333333,0.08333333333333333
CUR029,Curtain Rod Jk 6m White,1.3333333333333333,0.0,0.3333333333333333,0.3333333333333333
CUT001,Cut Out Double,0.6666666666666666,2.0,0.16666666666666666,0.5
CUT002,Cut Out Single,0.0,1.0,0.0,0.25
CUT006,Cutting Disk Diamond 4,22.666666666666668,22.0,5.666666666666667,5.666666666666667
CUT007,Cutting Disk Diamond 7,6.666666666666667,7.0,1.6666666666666667,1.75
CUT008,Cutting Disk Diamond 9,19.0,17.0,4.75,4.75
CUT009,Cutting Disk Metal 4,1.0,2.0,0.25,0.5
CUT010,Grinding Disk 7.,26.666666666666668,46.0,6.666666666666667,11.5
CUT011,Cutting Disk Metal 9,31.0,74.0,7.75,18.5
CUT012,Cutting Disk Slim 4,62.666666666666664,38.0,15.666666666666668,15.666666666666668
CUT013,Cutting Disk Slim 9,265.6666666666667,276.0,66.41666666666667,69.0
CUT014,Cutting Disk Stone 7,0.0,0.0,0.0,0.0
CUT015,Cutting Disk Metal 7,1.3333333333333333,5.0,0.3333333333333333,1.25
CUT016,Cutting Disk Damond Continuous 4,0.3333333333333333,3.0,0.08333333333333333,0.75
CUT017,Cutting Disk Damond Continuous 7,0.0,0.0,0.0,0.0
CUT018,Cutting Disk Damond Continuous 9,0.0,3.0,0.0,0.75
CYL001,CYLINDER BIG,0.3333333333333333,0.0,0.08333333333333333,0.08333333333333333
CYP001,Syphone,0.6666666666666666,5.0,0.16666666666666666,1.25
CYP003,Syphon Top Flush,2.6666666666666665,1.0,0.6666666666666666,0.6666666666666666
CYP005,Cypress 2x1,15.0,0.0,3.75,3.75
CYP006,Cypress 2x2,0.0,0.0,0.0,0.0
CYP011,Cypress 6x2,0.0,0.0,0.0,0.0
CYP012,Cypress 8x1,0.0,7.0,0.0,1.75
CYP014,Cypress Cornice,0.0,0.0,0.0,0.0
CYP016,Cypress Quarter Round,0.0,0.0,0.0,0.0
CYP019,Cyphone Side Flash,0.6666666666666666,0.0,0.16666666666666666,0.16666666666666666
D 1001,D 10,9193.0,6086.0,2298.25,2298.25
D 1002,D 12,3123.0,3291.0,780.75,822.75
D 1003,D 16,1400.3333333333333,1780.0,350.0833333333333,445.0
D 2001,D 20,498.3333333333333,923.0,124.58333333333334,230.75
D 2002,D 25,55.333333333333336,209.0,13.833333333333336,52.25
D 3001,D 32,13.333333333333334,66.0,3.3333333333333335,16.5
D 8001,D 8,5335.333333333333,6225.0,1333.8333333333333,1556.25
D/E001,D/E Matt Black 1l,0.6666666666666666,0.0,0.16666666666666666,0.16666666666666666
D/E002,D/E Matt Black 4l,2.6666666666666665,1.0,0.6666666666666666,0.6666666666666666
D/E004,D/E Matt Brilliant White 1l,1.0,1.0,0.25,0.25
D/E008,D/E Sf Brill White 20l,10.333333333333334,12.0,2.5833333333333335,3.0
D/E009,D/E Sf Brill White 4l,9.333333333333334,15.0,2.3333333333333335,3.75
D/E010,D/E Sf Brilliant White 1l,4.0,1.0,1.0,1.0
D/E014,D/E Silk White 1l,3.6666666666666665,1.0,0.9166666666666665,0.9166666666666665
D/E015,D/E Silk White 4l,3.0,0.0,0.75,0.75
D/G001,D/G Aquagloss White 1l,0.0,1.0,0.0,0.25
D/G003,D/G Black 4l,1.0,1.0,0.25,0.25
D/G004,D/G Clear Gloss Varnish 1l,0.0,0.0,0.0,0.0
D/G005,D/G Clear Gloss Varnish 4l,1.6666666666666667,0.0,0.4166666666666667,0.4166666666666667
D/G007,D/G Matt Primer Grey 4l,0.0,0.0,0.0,0.0
D/G008,D/G Nc Lacquer 1l,1.3333333333333333,0.0,0.3333333333333333,0.3333333333333333
D/G010,D/G Undercoat 1l,1.0,1.0,0.25,0.25
D/R001,D/Real Roc White 20l,0.6666666666666666,0.0,0.16666666666666666,0.16666666666666666
D/S003,D/Sanding Sealer 1l,0.6666666666666666,0.0,0.16666666666666666,0.16666666666666666
D/S004,D/Sanding Sealer 4l,4.333333333333333,1.0,1.0833333333333333,1.0833333333333333
D10004,D 10 Accurate,46.666666666666664,0.0,11.666666666666666,11.666666666666666
D12004,D 12 Accurate,26.666666666666668,0.0,6.666666666666667,6.666666666666667
D16003,D 16-Kifaru,0.0,733.0,0.0,183.25
D16004,D 16 Accurate,9.333333333333334,0.0,2.3333333333333335,2.3333333333333335
D25001,D 25- Kifaru,26.666666666666668,0.0,6.666666666666667,6.666666666666667
D8A001,D 8 Accurate,50.0,0.0,12.5,12.5
DAM001,Variance/DG Goods Sold,2.6666666666666665,1.0,0.6666666666666666,0.6666666666666666
DAR001,Dari,2.0,2.0,0.5,0.5
DAT001,Data Socket Grey,0.0,0.0,0.0,0.0
DAT002,Data Socket Black,0.0,0.0,0.0,0.0
DAY010,Waterpump Dayliff 0.5HP,0.6666666666666666,0.0,0.16666666666666666,0.16666666666666666
DAY011,Dayliff Chlorine65-5kgs,0.0,2.0,0.0,0.5
DEC001,Decra Ridges,0.0,0.0,0.0,0.0
DEC002,Decra Roofing Sheet,0.0,0.0,0.0,0.0
DEC003,Decra Valleys,0.0,0.0,0.0,0.0
DES003,D/E Sf Soft White 1tr,0.0,0.0,0.0,0.0
DEW001,Dewalt Angle Grinder2200w-230mm,0.3333333333333333,0.0,0.08333333333333333,0.08333333333333333
DEW002,Dewalt DrillDriver 18v-1.5Ah,0.3333333333333333,0.0,0.08333333333333333,0.08333333333333333
DEW003,DewaltAngle Grinder220W-180mm,0.3333333333333333,0.0,0.08333333333333333,0.08333333333333333
DEW004,Dewalt Blower800W,0.0,0.0,0.0,0.0
DEW005,Dewalt Paddle Switch 1200w-115mm,0.3333333333333333,0.0,0.08333333333333333,0.08333333333333333
DEW006,Dewalt Circula Saw 1500w-190mm,0.0,1.0,0.0,0.25
DEW007,Dewalt std HeatGun 1800w,0.0,0.0,0.0,0.0
DEW008,Dewalt Grinder 4010,0.0,0.0,0.0,0.0
DEW009,Dewalt Grinder 4120,0.0,0.0,0.0,0.0
DEW010,"Dewalt Grinding Disk4""",0.0,1.0,0.0,0.25
DEW011,"Dewalt Slim cutting4""",0.0,4.0,0.0,1.0
DEW012,Dewalt Hilt 6mm,0.3333333333333333,0.0,0.08333333333333333,0.08333333333333333
DEW013,Dewalt Hilt 14mm,0.6666666666666666,0.0,0.16666666666666666,0.16666666666666666
DEW014,Dewalt Hilt 18mm,0.0,0.0,0.0,0.0
DEW015,Dewalt Hilt 20mm,0.6666666666666666,0.0,0.16666666666666666,0.16666666666666666
DEW016,Dewalt Hilt Elite 12mm-DT8935-QZ,0.3333333333333333,0.0,0.08333333333333333,0.08333333333333333
DEW017,Dewalt Hilt Bit 7mm,0.0,3.0,0.0,0.75
DEW018,Dewalt Hilt Bit 6508- 8mm,0.0,0.0,0.0,0.0
DEW019,Dewalt Hilt Bit6556-6mm,0.3333333333333333,0.0,0.08333333333333333,0.08333333333333333
DEW020,Dewalt Diamond 41/2- 47450hp,0.3333333333333333,0.0,0.08333333333333333,0.08333333333333333
DEW021,Dewalt Diamond 9-47900hp,0.3333333333333333,0.0,0.08333333333333333,0.08333333333333333
DEW022,Dewalt Diamond Cup 4-4772t-AE,0.3333333333333333,0.0,0.08333333333333333,0.08333333333333333
DEW023,"Dewalt Diamond 7""-47702HP",0.3333333333333333,0.0,0.08333333333333333,0.08333333333333333
DEW024,"Dewalt Diamond 9"" -47902 HP",1.0,0.0,0.25,0.25
DEW025,"Dewalt Diamond 4"" dx3721",0.0,0.0,0.0,0.0
DEW026,Dewalt Drill Driver DC077152B,0.3333333333333333,0.0,0.08333333333333333,0.08333333333333333
DEW027,Dewalt Sander DWE6423-B5,0.0,0.0,0.0,0.0
DEW028,Dewalt Laser DW088K-XJ,0.3333333333333333,0.0,0.08333333333333333,0.08333333333333333
DEW029,Dewalt Hammer chuck d25033c-B5,0.0,0.0,0.0,0.0
DEW030,Dewalt Drill Driver DCD710D2-B,0.0,0.0,0.0,0.0
DEW031,Dewalt Diamond Cup41/2 4774T-AE,0.0,0.0,0.0,0.0
DGB001,D/G White 4L,1.3333333333333333,4.0,0.3333333333333333,1.0
DGC001,D/G Clear High Gloss 1 Ltr,0.3333333333333333,2.0,0.08333333333333333,0.5
DGW001,D/G White 1l,0.0,6.0,0.0,1.5
DHO001,Dhobi Sink,0.3333333333333333,1.0,0.08333333333333333,0.25
DIG002,Dewalt Digital LED Heat Gun,0.6666666666666666,0.0,0.16666666666666666,0.16666666666666666
DIS001,Distribution Board 4way,0.3333333333333333,0.0,0.08333333333333333,0.08333333333333333
DIS002,Distribution Board 8way,0.3333333333333333,0.0,0.08333333333333333,0.08333333333333333
DOO001,Door Bell Ding Dong,0.0,2.0,0.0,0.5
DOO002,Door Bell Switch,0.0,1.0,0.0,0.25
DOO005,Door Stopper,1.0,4.0,0.25,1.0
DOO006,Door Stopper Steel,1.6666666666666667,4.0,0.4166666666666667,1.0
DOO014,Door Bell Switch water Proof,0.0,0.0,0.0,0.0
DOV001,Dovetail Tank 1000l Rect,0.0,0.0,0.0,0.0
DOV007,Dovetail Tank 10000l,0.0,1.0,0.0,0.25
DOV009,Dovetail Tank 1500l,0.0,0.0,0.0,0.0
DOV010,Dovetail Tank 2000l,0.6666666666666666,0.0,0.16666666666666666,0.16666666666666666
DOV011,Dovetail Tank 3000l,0.0,0.0,0.0,0.0
DOV012,Dovetail Tank 5000l,0.3333333333333333,0.0,0.08333333333333333,0.08333333333333333
DOV013,Dovetail Tank 2500l,0.6666666666666666,0.0,0.16666666666666666,0.16666666666666666
DOW001,Down Stoppers,28.0,19.0,7.0,7.0
DOW002,Down Lighter Glass 6w,0.0,0.0,0.0,0.0
DOW003,Down lighter 3w,0.0,0.0,0.0,0.0
DPC001,Dpc,41.333333333333336,50.0,10.333333333333334,12.5
DR 002,Dr Fixit Gapseal Tape 10m,2.0,0.0,0.5,0.5
DR 003,Dr Fixit Gapseal Tape Mtrs,3.6666666666666665,7.0,0.9166666666666665,1.75
DR 004,Dr Fixit Pidiproof 1l,6.0,13.0,1.5,3.25
DR 005,Dr Fixit Pidiproof 20l,3.3333333333333335,5.0,0.8333333333333334,1.25
DR 006,Dr Fixit Pidiproof 5l,2.3333333333333335,0.0,0.5833333333333334,0.5833333333333334
DR 007,Dr Fixit Superlatex 1l,6.666666666666667,12.0,1.6666666666666667,3.0
DR 008,Dr Fixit Superlatex 5kg,11.333333333333334,15.0,2.8333333333333335,3.75
DR 009,Dr Fixit Sureseal 1kg,3.6666666666666665,5.0,0.9166666666666665,1.25
DR 010,Dr Fixit Sureseal 5kg,2.0,6.0,0.5,1.5
DR 011,Dr Fixit Modern Tile Adhesive 25kg,363.3333333333333,416.0,90.83333333333333,104.0
DR 012,Dr Fixit Waterproof Powder,243.66666666666666,462.0,60.91666666666666,115.5
DRA001,Drain Opener 1kg,0.3333333333333333,2.0,0.08333333333333333,0.5
DRA002,Drain Opener 500g,1.6666666666666667,3.0,0.4166666666666667,0.75
DRA004,Drawer Handle Big,0.0,0.0,0.0,0.0
DRA005,Drawer Handle Small Gold,1.0,0.0,0.25,0.25
DRA006,Drawer Handle Small Silver,0.6666666666666666,4.0,0.16666666666666666,1.0
DRA008,Drawer Handles Brass 9,15.666666666666666,0.0,3.916666666666667,3.916666666666667
DRA010,Drawer Handles Silver 9,0.6666666666666666,0.0,0.16666666666666666,0.16666666666666666
DRA011,Drawer Knob Big,0.0,0.0,0.0,0.0
DRA016,Drawer Lock Evergood,4.666666666666667,0.0,1.1666666666666667,1.1666666666666667
DRA017,Drawer Lock Moon,0.3333333333333333,0.0,0.08333333333333333,0.08333333333333333
DRA022,Drawer Rail Hydro 14,8.0,0.0,2.0,2.0
DRA023,Drawer Rail D/Extension 16,2.6666666666666665,5.0,0.6666666666666666,1.25
DRA024,Drawer Rail Hydro 18,7.0,8.0,1.75,2.0
DRA025,Drawer Rail Hydro 20,0.6666666666666666,0.0,0.16666666666666666,0.16666666666666666
DRA026,Drawer Rail Hydro 12,0.6666666666666666,0.0,0.16666666666666666,0.16666666666666666
DRA028,Drawer Handles Brass 8,0.0,0.0,0.0,0.0
DRI002,Drill Bit 10mm,2.0,1.0,0.5,0.5
DRI003,Drill Bit 11mm,0.0,0.0,0.0,0.0
DRI004,Drill Bit 12mm,2.3333333333333335,0.0,0.5833333333333334,0.5833333333333334
DRI005,Drill Bit 14mm,0.3333333333333333,0.0,0.08333333333333333,0.08333333333333333
DRI006,Drill Bit 16mm,2.3333333333333335,1.0,0.5833333333333334,0.5833333333333334
DRI008,Drill Bit 3.5mm,5.666666666666667,3.0,1.4166666666666667,1.4166666666666667
DRI009,Drill Bit 3/16mm,1.3333333333333333,0.0,0.3333333333333333,0.3333333333333333
DRI010,Drill Bit 3mm,5.333333333333333,6.0,1.3333333333333333,1.5
DRI012,Drill Bit 4mm,3.6666666666666665,9.0,0.9166666666666665,2.25
DRI013,Drill Bit 5mm,3.0,1.0,0.75,0.75
DRI014,Drill Bit 6mm,6.0,12.0,1.5,3.0
DRI016,Drill Bit 8mm,3.3333333333333335,4.0,0.8333333333333334,1.0
DRI017,Drill Bit 9mm,0.0,0.0,0.0,0.0
DRI018,Drill Bit Hilt 10mm,0.0,0.0,0.0,0.0
DRI022,Drill Bit Hilt 8mm,0.3333333333333333,0.0,0.08333333333333333,0.08333333333333333
DRU002,Drum 220l,2.3333333333333335,3.0,0.5833333333333334,0.75
DRU004,Drum 240l,0.0,1.0,0.0,0.25
DU 001,Du Acrylic Sealer 4L,2.0,1.0,0.5,0.5
DUC001,Duct Tape,1.3333333333333333,0.0,0.3333333333333333,0.3333333333333333
DUR001,Dura Paint Remover 1l,1.3333333333333333,0.0,0.3333333333333333,0.3333333333333333
DUR002,Dura Paint Remover 5l,0.6666666666666666,0.0,0.16666666666666666,0.16666666666666666
DUR003,Dura Skim Coat 1kg,5.333333333333333,17.0,1.3333333333333333,4.25
DUR004,Dura Skim Coat 25kg,71.33333333333333,18.0,17.833333333333332,17.833333333333332
DUS001,Dust Mask Pkt,3.0,0.0,0.75,0.75
DUS002,Dust Mask Plastic,1.6666666666666667,2.0,0.4166666666666667,0.5
DUS003,Dust Mask Pcs,10.666666666666666,13.0,2.6666666666666665,3.25
EAR001,Earthrod 4FT,1.0,1.0,0.25,0.25
EAR002,Earthrod 5FT,1.6666666666666667,0.0,0.4166666666666667,0.4166666666666667
ELE001,Elec Bend 20mm,53.666666666666664,4.0,13.416666666666668,13.416666666666668
ELE002,Elec Bend 25mm,41.333333333333336,50.0,10.333333333333334,12.5
ELE003,Elec Bend 32mm,65.33333333333333,70.0,16.333333333333332,17.5
ELE004,Elec Bend 38mm,9.0,8.0,2.25,2.25
ELE005,Elec Bend 50mm,19.0,17.0,4.75,4.75
ELE006,Elec Cable Flex 1.5mm mtrs,41.666666666666664,15.0,10.416666666666666,10.416666666666666
ELE007,Elec Cable Flex 2.5mm mtrs,47.0,0.0,11.75,11.75
ELE008,Elec Cable Single 1.5mm red mtrs,30.666666666666668,42.0,7.666666666666668,10.5
ELE009,Elec Cable Single 1.5mm Black Roll,2.6666666666666665,1.0,0.6666666666666666,0.6666666666666666
ELE010,Elec Cable Single 1.5mm Green Roll,2.0,1.0,0.5,0.5
ELE011,Elec Cable Single 1.5mm Red Roll,4.0,5.0,1.0,1.25
ELE013,Elec Cable Single 2.5mm Red mtrs,60.333333333333336,50.0,15.083333333333332,15.083333333333332
ELE014,Elec Cable Single 2.5mm Black mtrs,57.0,54.0,14.25,14.25
ELE015,Elec Cable Single 2.5mm Green Roll,1.6666666666666667,0.0,0.4166666666666667,0.4166666666666667
ELE016,Elec Cable Single 2.5mm Red Roll,2.0,1.0,0.5,0.5
ELE018,Elec Cable Twin 1.5mm Roll Grey,2.0,1.0,0.5,0.5
ELE019,Elec Cable Twin 2.5mm Roll,2.0,0.0,0.5,0.5
ELE026,Elec Top Plug,15.666666666666666,19.0,3.916666666666667,4.75
ELE028,Electric Starter,1.0,0.0,0.25,0.25
ELE030,Element Shower,2.3333333333333335,0.0,0.5833333333333334,0.5833333333333334
ELE031,Elec Cable Single 1.5mm Black mtrs,30.666666666666668,22.0,7.666666666666668,7.666666666666668
ELE032,Elec Cable Single 1.5mm Green mtrs,20.666666666666668,0.0,5.166666666666667,5.166666666666667
ELE033,Elec Cable Single 2.5mm Black Roll,2.0,1.0,0.5,0.5
ELE034,Elec Cable Single 2.5mm Green mtrs,48.666666666666664,30.0,12.166666666666666,12.166666666666666
ELE035,Elec Cable Twin 1.5mm Mtrs,93.0,40.0,23.25,23.25
ELE036,Elec Cable Twin 2.5mm Mtrs,149.33333333333334,33.0,37.333333333333336,37.333333333333336
ELE037,ELEC CABLE FLEX 1.5MM ROLL,1.3333333333333333,0.0,0.3333333333333333,0.3333333333333333
ELE038,ELEC CABLE FLEX 2.5MM ROLL,0.3333333333333333,1.0,0.08333333333333333,0.25
ELE040,Elec Cable 6mm3 core amoured,27.666666666666668,0.0,6.916666666666668,6.916666666666668
ELE041,Elec Cable 6mm 2core amoured-16mBmOMAS,33.333333333333336,0.0,8.333333333333334,8.333333333333334
ELE042,Elec Cable 2core amoured-10mm,53.333333333333336,0.0,13.333333333333334,13.333333333333334
ELE043,Elec Cable 6mm 2core amoured-2.5mBmOMAS,40.0,0.0,10.0,10.0
ELE044,Elec cable Single core 10mm,10.0,0.0,2.5,2.5
ELE045,Electric Sprayer630WTS-(FSG6301-BBSO)MAS,0.0,0.0,0.0,0.0
EME001,Emery Cloth No. 0,148.66666666666666,46.0,37.166666666666664,37.166666666666664
EXP002,Expanded Metal Medium,3.0,0.0,0.75,0.75
EXT004,Extension Ring,0.0,0.0,0.0,0.0
EXT005,Extension Socket 4way,0.3333333333333333,1.0,0.08333333333333333,0.25
EXT006,Extension Socket 6way,1.3333333333333333,0.0,0.3333333333333333,0.3333333333333333
EYE004,Eye Hook No 2,5.0,0.0,1.25,1.25
EYE007,Eye Hook No 6,5.333333333333333,0.0,1.3333333333333333,1.3333333333333333
EYE008,Eye Hook No 8,34.0,0.0,8.5,8.5
FEN001,Fencing Posts,2.6666666666666665,0.0,0.6666666666666666,0.6666666666666666
FEV003,Fevicol Pur 150g,0.6666666666666666,0.0,0.16666666666666666,0.16666666666666666
FEV004,Fevicol Pur 1kg,6.666666666666667,4.0,1.6666666666666667,1.6666666666666667
FEV005,Fevicol Pur 500gm,10.666666666666666,2.0,2.6666666666666665,2.6666666666666665
FEV006,Fevicol Pur 70gm,0.6666666666666666,0.0,0.16666666666666666,0.16666666666666666
FIB002,Fibre Cement Board 6mm,2.0,0.0,0.5,0.5
FIL001,File 10 jk,5.666666666666667,10.0,1.4166666666666667,2.5
FIL003,File 8 jk,7.666666666666667,6.0,1.916666666666667,1.916666666666667
FIL004,File Round jk,0.0,0.0,0.0,0.0
FIL005,File Saw J.K,5.666666666666667,3.0,1.4166666666666667,1.4166666666666667
FLA001,Flap Disk 4,1.0,0.0,0.25,0.25
FLA002,Flap Disk 7,3.0,1.0,0.75,0.75
FLA003,Flush Door,1.0,0.0,0.25,0.25
FLA007,Flusher Plugs pcs,266.6666666666667,0.0,66.66666666666667,66.66666666666667
FLA008,Flashing Handle H/G,1.3333333333333333,0.0,0.3333333333333333,0.3333333333333333
FLA009,Flashing Handle L/G,1.0,0.0,0.25,0.25
FLA010,Flat 11/2x1/4,6.333333333333333,11.0,1.5833333333333335,2.75
FLA011,Flat 11/2x1/8,14.666666666666666,20.5,3.666666666666666,5.125
FLA013,Flat 1x1/4,11.666666666666666,0.0,2.9166666666666665,2.9166666666666665
FLA014,Flat 1x1/8,22.666666666666668,0.0,5.666666666666667,5.666666666666667
FLA015,Flat 2x1/4,3.6666666666666665,3.0,0.9166666666666665,0.9166666666666665
FLA016,Flat 2x1/8,6.166666666666667,7.0,1.541666666666667,1.75
FLA017,Flat 3/4x1/4,0.0,0.0,0.0,0.0
FLA018,Flat 3/4x1/8,20.666666666666668,2.0,5.166666666666667,5.166666666666667
FLA019,Bosch Flap Disc 4 P40,1.6666666666666667,0.0,0.4166666666666667,0.4166666666666667
FLA020,Bosch Flap Disc 4 P 120,1.6666666666666667,0.0,0.4166666666666667,0.4166666666666667
FLE001,Flex Conduit 25mm Mtrs,5.666666666666667,3.0,1.4166666666666667,1.4166666666666667
FLE002,Flex Tube Metallic 1/2x1.5ft,26.666666666666668,48.0,6.666666666666667,12.0
FLE004,Flex Tube Plastic 1/2x2ft,5.666666666666667,4.0,1.4166666666666667,1.4166666666666667
FLE007,Flex Tube Plastic 1/2x1.5ft,0.3333333333333333,0.0,0.08333333333333333,0.08333333333333333
FLE008,Flex Tube 1/2x1ft,1.6666666666666667,6.0,0.4166666666666667,1.5
FLE009,Flex metallic Tube 1/2x2ft,8.666666666666666,15.0,2.1666666666666665,3.75
FLE010,Flex Tube 11/2x1/2 M/F,0.3333333333333333,0.0,0.08333333333333333,0.08333333333333333
FLE011,Flex Tube Plastic 3/4x1.5ft,1.0,0.0,0.25,0.25
FLE012,Flex Tube Metallic 1/2x1ft,11.333333333333334,7.0,2.8333333333333335,2.8333333333333335
FLE013,Flex conduit 20mm Mtrs,10.333333333333334,27.0,2.5833333333333335,6.75
FLE014,Flex conduit Roll 20mm black,0.0,1.0,0.0,0.25
FLE015,Flex conduit Roll 25mm black,1.0,0.0,0.25,0.25
FLE016,Flex conduit Roll 20mm White,0.0,0.0,0.0,0.0
FLE017,Flex conduit Roll 25mm white,1.0,0.0,0.25,0.25
FLO001,Float Switch,0.3333333333333333,2.0,0.08333333333333333,0.5
FLO004,Floor Drain,2.3333333333333335,0.0,0.5833333333333334,0.5833333333333334
FLO006,Flourescent Fitting 2ft,4.0,0.0,1.0,1.0
FLO007,Flourescent Fitting 4ft,4.0,0.0,1.0,1.0
FLU001,Flusher Plug pkts,4.333333333333333,2.0,1.0833333333333333,1.0833333333333333
FOO003,Foot Valve 1 peggler,1.3333333333333333,2.0,0.3333333333333333,0.5
FOO004,Foot Valve 1/2,0.6666666666666666,0.0,0.16666666666666666,0.16666666666666666
FOO005,Foot Valve 11/2,0.0,0.0,0.0,0.0
FOO007,Foot Valve 3/4 pegler,1.0,0.0,0.25,0.25
FOO008,Foot Valve 3/4,2.3333333333333335,0.0,0.5833333333333334,0.5833333333333334
FOO009,Foot Valve 1,1.0,0.0,0.25,0.25
FOR001,Force Pump small,1.0,0.0,0.25,0.25
FOR002,Fork Jembe 1.5LB,1.3333333333333333,2.0,0.3333333333333333,0.5
FOR003,Fork Jembe 2.5LB,4.0,0.0,1.0,1.0
FOR004,Fork Jembe 3.5LB,5.666666666666667,0.0,1.4166666666666667,1.4166666666666667
FOR006,Force Pump Big,0.0,1.0,0.0,0.25
FRI001,Fridge Guard,0.0,0.0,0.0,0.0
GAL003,Galvanised Wire Kgs,0.6,0.0,0.15,0.15
GAL006,Galvanized Wire 2mm,0.3333333333333333,0.0,0.08333333333333333,0.08333333333333333
GAR007,GARDENA HOSE CONNECTOR,0.3333333333333333,0.0,0.08333333333333333,0.08333333333333333
GAT002,Gate Valve 1,6.666666666666667,1.0,1.6666666666666667,1.6666666666666667
GAT003,Gate Valve 1/2,3.3333333333333335,7.0,0.8333333333333334,1.75
GAT004,Gate Valve 11/2,1.6666666666666667,1.0,0.4166666666666667,0.4166666666666667
GAT005,Gate Valve 11/4,4.333333333333333,7.0,1.0833333333333333,1.75
GAT006,Gate Valve 2 pegler,1.0,0.0,0.25,0.25
GAT007,Gate Valve 3/4,25.0,30.0,6.25,7.5
GAT008,Gate Valve 1 pegler,15.0,8.0,3.75,3.75
GI 001,Gi Back Nut 1,6.666666666666667,8.0,1.6666666666666667,2.0
GI 002,Gi Back Nut 1/2,1.3333333333333333,2.0,0.3333333333333333,0.5
GI 004,Gi Back Nut 11/4,1.0,0.0,0.25,0.25
GI 005,Gi Back Nut 2,2.0,0.0,0.5,0.5
GI 006,Gi Back Nut 3/4,11.0,3.0,2.75,2.75
GI 007,Gi Barrel Nipple 1,3.6666666666666665,1.0,0.9166666666666665,0.9166666666666665
GI 008,Gi Barrel Nipple 1/2,12.333333333333334,10.0,3.083333333333334,3.083333333333334
GI 009,Gi Barrel Nipple 11/2,0.3333333333333333,0.0,0.08333333333333333,0.08333333333333333
GI 010,Gi Barrel Nipple 11/4,1.6666666666666667,0.0,0.4166666666666667,0.4166666666666667
GI 011,Gi Barrel Nipple 2,0.0,0.0,0.0,0.0
GI 012,Gi Barrel Nipple 3/4,2.0,6.0,0.5,1.5
GI 013,Gi Bend 1,0.0,0.0,0.0,0.0
GI 014,Gi Bend 1/2,0.0,3.0,0.0,0.75
GI 015,Gi Bend 11/2,0.3333333333333333,0.0,0.08333333333333333,0.08333333333333333
GI 016,Gi Bend 11/4,0.0,0.0,0.0,0.0
GI 018,Gi Bend 3/4,0.0,1.0,0.0,0.25
GI 019,Gi Cup Female 1,1.3333333333333333,2.0,0.3333333333333333,0.5
GI 020,Gi Cup Female 1/2,100.33333333333333,48.0,25.083333333333332,25.083333333333332
GI 021,Gi Cup Female 11/2,0.3333333333333333,0.0,0.08333333333333333,0.08333333333333333
GI 023,Gi Cup Female 3/4,3.3333333333333335,8.0,0.8333333333333334,2.0
GI 024,Gi Elbow 1,4.333333333333333,0.0,1.0833333333333333,1.0833333333333333
GI 025,Gi Elbow 1/2,12.666666666666666,3.0,3.166666666666667,3.166666666666667
GI 026,Gi Elbow 11/2,0.0,0.0,0.0,0.0
GI 027,Gi Elbow 11/4,0.0,0.0,0.0,0.0
GI 028,Gi Elbow 2,0.6666666666666666,0.0,0.16666666666666666,0.16666666666666666
GI 029,Gi Elbow 3/4,2.0,8.0,0.5,2.0
GI 030,Gi Hex Nipple 1,2.0,1.0,0.5,0.5
GI 031,Gi Hex Nipple 1/2,125.66666666666667,95.0,31.41666666666667,31.41666666666667
GI 032,Gi Hex Nipple 11/2,2.3333333333333335,0.0,0.5833333333333334,0.5833333333333334
GI 033,Gi Hex Nipple 11/4,2.6666666666666665,1.0,0.6666666666666666,0.6666666666666666
GI 034,Gi Hex Nipple 2,1.3333333333333333,0.0,0.3333333333333333,0.3333333333333333
GI 035,Gi Hex Nipple 3/4,11.0,7.0,2.75,2.75
GI 036,Gi Long Thread Nipple 1,3.6666666666666665,4.0,0.9166666666666665,1.0
GI 037,Gi Long Thread Nipple 1/2,0.6666666666666666,5.0,0.16666666666666666,1.25
GI 038,Gi Long Thread Nipple 11/2,2.0,0.0,0.5,0.5
GI 039,Gi Long Thread Nipple 11/4,0.6666666666666666,0.0,0.16666666666666666,0.16666666666666666
GI 040,Gi Long Thread Nipple 2,0.3333333333333333,0.0,0.08333333333333333,0.08333333333333333
GI 041,Gi Long Thread Nipple 3/4,7.333333333333333,1.0,1.833333333333333,1.833333333333333
GI 042,Gi Plug Male 1,2.0,0.0,0.5,0.5
GI 043,Gi Plug Male 1/2,33.0,74.0,8.25,18.5
GI 045,Gi Plug Male 3/4,2.0,20.0,0.5,5.0
GI 046,Gi Red Bush 11/2x11/4,0.6666666666666666,0.0,0.16666666666666666,0.16666666666666666
GI 047,Gi Red Bush 11/2x3/4,0.0,1.0,0.0,0.25
GI 048,Gi Red Bush 11/4x1,1.3333333333333333,0.0,0.3333333333333333,0.3333333333333333
GI 049,Gi Red Bush 11/4x3/4,0.0,0.0,0.0,0.0
GI 051,Gi Red Bush 1x3/4,0.0,2.0,0.0,0.5
GI 052,Gi Red Bush 2x1,0.3333333333333333,0.0,0.08333333333333333,0.08333333333333333
GI 053,Gi Red Bush 2x11/2,1.0,0.0,0.25,0.25
GI 054,Gi Red Bush 2x11/4,0.3333333333333333,0.0,0.08333333333333333,0.08333333333333333
GI 055,Gi Red Bush 2x3/4,0.0,0.0,0.0,0.0
GI 056,Gi Red Bush 3/4x1/2,6.333333333333333,4.0,1.5833333333333335,1.5833333333333335
GI 057,Gi Red Socket 11/2x1,1.0,0.0,0.25,0.25
GI 058,Gi Red Socket 11/2x1/2,0.6666666666666666,0.0,0.16666666666666666,0.16666666666666666
GI 059,Gi Red Socket 11/2x3/4,0.6666666666666666,0.0,0.16666666666666666,0.16666666666666666
GI 060,Gi Red Socket 11/4x1,1.0,0.0,0.25,0.25
GI 061,Gi Red Socket 1x1/2,1.0,0.0,0.25,0.25
GI 062,Gi Red Socket 1x3/4,5.666666666666667,1.0,1.4166666666666667,1.4166666666666667
GI 064,Gi Red Socket 2 X 3/4,0.0,0.0,0.0,0.0
GI 065,Gi Red Socket 3/4x1/2,5.666666666666667,1.0,1.4166666666666667,1.4166666666666667
GI 066,Gi Red Tee 1x1/2,0.0,0.0,0.0,0.0
GI 068,Gi Socket 1,6.666666666666667,5.0,1.6666666666666667,1.6666666666666667
GI 069,Gi Socket 1/2,73.33333333333333,65.0,18.333333333333332,18.333333333333332
GI 070,Gi Socket 11/2,0.3333333333333333,0.0,0.08333333333333333,0.08333333333333333
GI 071,Gi Socket 11/4,0.6666666666666666,0.0,0.16666666666666666,0.16666666666666666
GI 073,Gi Socket 3/4,5.0,9.0,1.25,2.25
GI 074,Gi Stand Pipe 1/2x1.5ft,6.333333333333333,15.0,1.5833333333333335,3.75
GI 075,Gi Stand Pipe 1/2x1ft,3.0,0.0,0.75,0.75
GI 076,Gi Stand Pipe 1/2x2ft,3.3333333333333335,2.0,0.8333333333333334,0.8333333333333334
GI 077,Gi Stand Pipe 1/2x3ft,0.6666666666666666,4.0,0.16666666666666666,1.0
GI 079,Gi Stand Pipe 3/4x1ft,0.3333333333333333,0.0,0.08333333333333333,0.08333333333333333
GI 081,Gi Tee 1,0.0,1.0,0.0,0.25
GI 082,Gi Tee 1/2,14.333333333333334,3.0,3.583333333333333,3.583333333333333
GI 083,Gi Tee 11/2,0.3333333333333333,0.0,0.08333333333333333,0.08333333333333333
GI 084,Gi Tee 11/4,0.0,0.0,0.0,0.0
GI 085,Gi Tee 2,0.3333333333333333,0.0,0.08333333333333333,0.08333333333333333
GI 088,Gi Tee 3/4,1.3333333333333333,3.0,0.3333333333333333,0.75
GI 089,Gi Union 1,3.3333333333333335,0.0,0.8333333333333334,0.8333333333333334
GI 090,Gi Union 1/2,0.6666666666666666,0.0,0.16666666666666666,0.16666666666666666
GI 092,Gi Union 11/4,0.0,2.0,0.0,0.5
GI 095,Gi Union 3/4,2.6666666666666665,8.0,0.6666666666666666,2.0
GIR001,Gi Red Bush 11/2x1/2,0.0,0.0,0.0,0.0
GLA004,Glass Bit,0.0,0.0,0.0,0.0
GLA006,Glass Clear 3mm,36.166666666666664,0.0,9.041666666666666,9.041666666666666
GLA007,Glass Clear 4mm,20.766666666666666,0.0,5.191666666666666,5.191666666666666
GLA008,Glass Clear 5mm,3.6666666666666665,15.5,0.9166666666666665,3.875
GLA009,Glass Clear 6mm,2.0,0.0,0.5,0.5
GLA012,Glass Flowered 3mm,1.1666666666666667,10.0,0.2916666666666667,2.5
GLA013,Glass Gold Bronze 4mm,0.0,6.0,0.0,1.5
GLA014,Glass Mirror 3mm,0.0,0.0,0.0,0.0
GLA015,Glass Mirror 4mm,13.5,5.0,3.375,3.375
GLA016,Glass Mirror 5mm,0.0,0.0,0.0,0.0
GLA017,Glass Obs Blue 3mm,3.0,0.0,0.75,0.75
GLA018,Glass One Way Blue,0.0,0.0,0.0,0.0
GLA020,Glass One Way Gold,0.0,0.0,0.0,0.0
GLA021,Glass One Way Grey,0.0,0.0,0.0,0.0
GLA022,Glass Square Type Grey Obs,0.0,0.0,0.0,0.0
GLA023,Glass Tint Grey 4mm,0.0,2.0,0.0,0.5
GLA024,Glass Tint Grey Indi,0.0,0.0,0.0,0.0
GLO004,Gloves Leather H/G,7.0,0.0,1.75,1.75
GLO005,Gloves Leather Hg 14',4.333333333333333,4.0,1.0833333333333333,1.0833333333333333
GLO007,Gloves Rubber H/G,16.333333333333332,14.0,4.083333333333333,4.083333333333333
GOO001,Gauze Wire Mtrs,34.333333333333336,51.0,8.583333333333334,12.75
GOO002,Gauze Wire Roll,3.0,3.0,0.75,0.75
GRE002,Grey Oxide Powder 1kg,0.6666666666666666,10.0,0.16666666666666666,2.5
GRE003,Green Oxide 1kg,0.0,4.0,0.0,1.0
GRI004,Grinding Disc 9,2.0,0.0,0.5,0.5
GRO002,Grout 1kg Cream,2.0,7.0,0.5,1.75
GRO005,Grout 3kg Grey,1.0,8.0,0.25,2.0
GRO006,Grout 3kg White,3.3333333333333335,5.0,0.8333333333333334,1.25
GRO015,Grout 1kg Grey-Fuga,101.33333333333333,52.0,25.333333333333336,25.333333333333336
GRO016,Grout 1kg White-Fuga,70.33333333333333,72.0,17.583333333333332,18.0
GRO017,Grout white-kalekim 3kg,1.6666666666666667,10.0,0.4166666666666667,2.5
GRO018,Grout Grey- Kalekim 3kg,2.3333333333333335,5.0,0.5833333333333334,1.25
GUM003,Gum Poles Small,3.6666666666666665,0.0,0.9166666666666665,0.9166666666666665
GUM004,Gumboot No 6,5.333333333333333,1.0,1.3333333333333333,1.3333333333333333
GUM005,Gumboot No 7,6.0,0.0,1.5,1.5
GUM006,Gumboot No 8,3.6666666666666665,0.0,0.9166666666666665,0.9166666666666665
GUM007,Gumboot No 10,2.0,0.0,0.5,0.5
GUM008,Gumboot No 9,6.666666666666667,0.0,1.6666666666666667,1.6666666666666667
GUM009,Gumboot H/G No 6,0.0,0.0,0.0,0.0
GUM010,Gumboot H/G No 7,0.0,2.0,0.0,0.5
GUM011,Gumboot H/G No 8,0.0,2.0,0.0,0.5
GUM012,Gumboot H/G No 9,0.0,2.0,0.0,0.5
GUM013,Gumboot H/G No 10,0.0,1.0,0.0,0.25
GUT001,Gutter Angle,5.666666666666667,0.0,1.4166666666666667,1.4166666666666667
GUT002,Gutter Bracket,91.66666666666667,75.0,22.916666666666668,22.916666666666668
GUT003,Gutter Connector,8.333333333333334,18.0,2.0833333333333335,4.5
GUT008,Gutter Metro,9.333333333333334,20.0,2.3333333333333335,5.0
GUT012,Gutter Stop End,16.333333333333332,26.0,4.083333333333333,6.5
GUT014,Gutters Outlet,8.666666666666666,12.0,2.1666666666666665,3.0
GYP002,Gypsum Angle Line,131.66666666666666,36.0,32.916666666666664,32.916666666666664
GYP003,Gypsum Board 12mm,31.666666666666668,13.0,7.916666666666666,7.916666666666666
GYP006,Gypsum Board Hada,807.3333333333334,848.0,201.83333333333337,212.0
GYP008,Gypsum Board Moist Resistant,77.0,53.0,19.25,19.25
GYP010,Gypsum Board Waterproof 9mm,0.3333333333333333,1.0,0.08333333333333333,0.25
GYP011,Gypsum Channel,1795.3333333333333,1618.0,448.83333333333337,448.83333333333337
GYP012,Gypsum Cornice-Plain,455.3333333333333,183.0,113.83333333333333,113.83333333333333
GYP013,Gypsum Corner Bead,53.333333333333336,28.0,13.333333333333334,13.333333333333334
GYP016,Gypsum Fibre Tape,90.33333333333333,29.0,22.583333333333332,22.583333333333332
GYP020,Gypsum Knife,1.6666666666666667,1.0,0.4166666666666667,0.4166666666666667
GYP021,Gypsum Powder 1kg,43.166666666666664,60.5,10.791666666666666,15.125
GYP022,Gypsum Powder 25kg,100.0,98.0,25.0,25.0
GYP025,Gypsum Screws 1 *1000pcs -Blue esBseOnMtiaAlS,104.0,156.0,26.0,39.0
GYP026,Gypsum Screws 1 Pkt,18.333333333333332,7.0,4.583333333333333,4.583333333333333
GYP027,Gypsum Screws 11/2 Pkt,9.666666666666666,14.0,2.4166666666666665,3.5
GYP028,Gypsum Screws 11/4 Pkt,2.3333333333333335,4.0,0.5833333333333334,1.0
GYP029,Gypsum Screws 2 Pkt,10.833333333333334,11.0,2.7083333333333335,2.75
GYP030,Gypsum Screws 3/4 Pkt,4.666666666666667,1.0,1.1666666666666667,1.1666666666666667
GYP032,Gypsum Screws Assorted,50.0,0.0,12.5,12.5
GYP034,Gypsum Stud,1863.6666666666667,3682.0,465.91666666666674,920.5
GYP036,Gypsum Board Thumb 9mm,124.33333333333333,0.0,31.083333333333332,31.083333333333332
GYP037,Gypsum Screws 1 *1000pcs,25.666666666666668,1.0,6.416666666666666,6.416666666666666
GYP038,Gypsum Cornice-Flowered,108.33333333333333,16.0,27.08333333333333,27.08333333333333
GYP039,Gypsum Stud 75mm,109.66666666666667,15.0,27.416666666666668,27.416666666666668
GYP040,Gypsum Channel 75mm,56.666666666666664,7.0,14.166666666666668,14.166666666666668
GYP041,Gypsum Furring Channel 68,120.0,13.0,30.0,30.0
GYP042,Gypsum Cornace-Type 2,0.0,0.0,0.0,0.0
HAC001,Hacksaw Blade,534.0,424.0,133.5,133.5
HAC005,Hacksaw Frame J/K,1.3333333333333333,4.0,0.3333333333333333,1.0
HAC006,Hacksaw Frame Orange,3.0,8.0,0.75,2.0
HAM001,Hammer Jk,6.0,2.0,1.5,1.5
HAM003,Hammer Rubber 29mm,3.3333333333333335,9.0,0.8333333333333334,2.25
HAN003,Handsaw 16,3.6666666666666665,2.0,0.9166666666666665,0.9166666666666665
HAN006,Hard Broom With Handle,24.666666666666668,49.0,6.166666666666668,12.25
HAN007,Hard Broom Without Handle,17.0,5.0,4.25,4.25
HAN008,Handsaw 16 -Metallic,0.3333333333333333,1.0,0.08333333333333333,0.25
HAN009,Hand sprayer Pump 20lt,0.3333333333333333,0.0,0.08333333333333333,0.08333333333333333
HAS001,Hasp & Staple 2,1.6666666666666667,0.0,0.4166666666666667,0.4166666666666667
HAS003,Hasp & Staple 3,1.0,0.0,0.25,0.25
HAS005,Hasp Juakali,23.666666666666668,15.0,5.916666666666667,5.916666666666667
HDP001,Hdpe Pipe Roll 32mm,0.0,0.0,0.0,0.0
HDP003,Hdpe Pipe Roll 50mm,0.0,2.0,0.0,0.5
HDP004,Hdpe Pipe roll 40mm,0.0,0.0,0.0,0.0
HDP005,Hdpe pipe roll 25mm,0.0,0.0,0.0,0.0
HDP006,Hdpe pipe roll 20mm,0.3333333333333333,0.0,0.08333333333333333,0.08333333333333333
HEL001,Helmets Red,16.0,4.0,4.0,4.0
HEL002,Helmets Blue,3.3333333333333335,0.0,0.8333333333333334,0.8333333333333334
HEL003,Helmets white,13.666666666666666,15.0,3.4166666666666665,3.75
HEL004,Helmets yellow,9.666666666666666,2.0,2.4166666666666665,2.4166666666666665
HEM001,Hemp,0.0,3.0,0.0,0.75
HIG002,High Gloss Thinner 5lt,0.6666666666666666,0.0,0.16666666666666666,0.16666666666666666
HIL002,Hilt Bit 12mm,1.3333333333333333,0.0,0.3333333333333333,0.3333333333333333
HIL003,Hilt Bit 14mm,1.0,1.0,0.25,0.25
HIL004,Hilt Bit 16mm,1.0,0.0,0.25,0.25
HIL005,Hilt Bit 6mm,17.333333333333332,4.0,4.333333333333333,4.333333333333333
HIL006,Hilt Bit 8mm,3.0,3.0,0.75,0.75
HIL007,Hilt Bit 10MM,1.6666666666666667,1.0,0.4166666666666667,0.4166666666666667
HIN002,Hinges 1.5- Pairs,3.3333333333333335,0.0,0.8333333333333334,0.8333333333333334
HIN003,Hinges 2- Pairs,10.0,6.0,2.5,2.5
HIN004,Hinges 2.5- Pairs,4.666666666666667,1.0,1.1666666666666667,1.1666666666666667
HIN005,Hinges 3- Pairs,9.333333333333334,25.0,2.3333333333333335,6.25
HIN006,Hinges 4- Pairs,17.666666666666668,43.0,4.416666666666667,10.75
HIN011,Hinges Double Action 4,0.0,0.0,0.0,0.0
HIN015,Hinges Oxford Brass,29.333333333333332,21.0,7.333333333333332,7.333333333333332
HIN016,Hinges Oxford Silver,10.333333333333334,9.0,2.5833333333333335,2.5833333333333335
HOO002,Hoop Iron Kgs,0.08333333333333333,0.0,0.020833333333333332,0.020833333333333332
HOO003,Hoop Iron Roll,259.6666666666667,395.0,64.91666666666667,98.75
HOS001,Hose Clip 1,1.3333333333333333,0.0,0.3333333333333333,0.3333333333333333
HOS008,Hose Connector 1/2:,0.0,0.0,0.0,0.0
HOS011,Hose Pipe Braided 1/2x30m,0.6666666666666666,0.0,0.16666666666666666,0.16666666666666666
HOS012,Hose Pipe Braided 1/2x50m,1.6666666666666667,2.0,0.4166666666666667,0.5
HOS013,Hose Pipe Braided 1x30m,1.3333333333333333,0.0,0.3333333333333333,0.3333333333333333
HOS014,Hose Pipe Braided 1x50,2.0,2.0,0.5,0.5
HOS015,Hose Pipe Braided 3/4x30m,3.3333333333333335,4.0,0.8333333333333334,1.0
HOS016,Hose Pipe Braided 3/4x50m,6.666666666666667,3.0,1.6666666666666667,1.6666666666666667
HOS017,Hose Pipe Clear 1/2x120ft,1.6666666666666667,0.0,0.4166666666666667,0.4166666666666667
HOS018,Hose Pipe Clear 1/2x60ft,1.6666666666666667,6.0,0.4166666666666667,1.5
HOS019,Hose Pipe Clear 1/4 X 50 Roll(s),2.6666666666666665,4.0,0.6666666666666666,1.0
HOS021,Hose Pipe Clear 3/4x120ft,0.6666666666666666,0.0,0.16666666666666666,0.16666666666666666
HOS022,Hose Pipe Clear 3/4x60ft,0.0,0.0,0.0,0.0
HOS023,Hose Pipe Zebra 1/2x60ft,0.0,1.0,0.0,0.25
HOS026,Hose Pipe Zebra 3/4x60ft,0.0,1.0,0.0,0.25
HOS030,Hospital Tap,0.6666666666666666,0.0,0.16666666666666666,0.16666666666666666
IND001,Ind Socket Single Phase,2.0,1.0,0.5,0.5
IND002,Ind Socket Three Phase,0.0,0.0,0.0,0.0
IND003,Industrial Socket Two Phase,0.0,0.0,0.0,0.0
INS001,Insulating Tape Black Big,43.0,48.0,10.75,12.0
INS002,InsulatingTape Black Small,31.666666666666668,13.0,7.916666666666666,7.916666666666666
INS004,Insulating Tape Yellow Big,5.666666666666667,0.0,1.4166666666666667,1.4166666666666667
INS008,Insulating Tape White Big,3.0,2.0,0.75,0.75
INS012,Instant Shower Ener 4t,6.333333333333333,3.0,1.5833333333333335,1.5833333333333335
INS015,Instant Shower Lorenzeti,4.0,6.0,1.0,1.5
INS018,Insulating Tape Green Big,4.0,0.0,1.0,1.0
INS019,Insulating Tape Red Big,5.666666666666667,2.0,1.4166666666666667,1.4166666666666667
INS020,Insulating Tape Blue Big,0.6666666666666666,0.0,0.16666666666666666,0.16666666666666666
INT001,TV Outlet,0.0,0.0,0.0,0.0
IZO001,IZOSTOP 3001-Kalekim,10.666666666666666,100.0,2.6666666666666665,25.0
J,B001 J Bolts,5.666666666666667,32.0,1.4166666666666667,8.0
JEM001,Jembe 1.5LB,1.0,0.0,0.25,0.25
JEM002,Jembe 2.5LB,6.0,7.0,1.5,1.75
JEM003,Jembe 2LB,1.0,0.0,0.25,0.25
JEM004,Jembe 3LB,6.0,0.0,1.5,1.5
JEM005,Jembe Handle,50.666666666666664,35.0,12.666666666666668,12.666666666666668
JIG001,Jigsaw Blade,0.3333333333333333,0.0,0.08333333333333333,0.08333333333333333
JUM001,Jumbo Tank 10000l,3.3333333333333335,1.0,0.8333333333333334,0.8333333333333334
JUM002,Jumbo Tank 1000l,2.0,2.0,0.5,0.5
JUM003,Jumbo Tank 100l,0.0,1.0,0.0,0.25
JUM005,Jumbo Tank 1500l,0.6666666666666666,0.0,0.16666666666666666,0.16666666666666666
JUM007,Jumbo Tank 2300l,0.0,0.0,0.0,0.0
JUM009,Jumbo Tank 2500l,0.6666666666666666,0.0,0.16666666666666666,0.16666666666666666
JUM010,Jumbo Tank 3000l,2.3333333333333335,3.0,0.5833333333333334,0.75
JUM011,Jumbo Tank 300l,0.3333333333333333,0.0,0.08333333333333333,0.08333333333333333
JUM014,Jumbo Tank 5000l,5.333333333333333,2.0,1.3333333333333333,1.3333333333333333
JUM017,Jumbo Tank Rect 1000l,0.6666666666666666,2.0,0.16666666666666666,0.5
JUM019,Jumbo Tank Rect 500l,0.0,1.0,0.0,0.25
KEN001,KenSeal4KG,0.3333333333333333,0.0,0.08333333333333333,0.08333333333333333
KHA001,KHAKI BAGS NO5,2.0,0.0,0.5,0.5
KHA002,KHAKI BAG NO 2,2.0,0.0,0.5,0.5
KHA003,KHAKI BAG NO 1/2,2.0,0.0,0.5,0.5
KIF001,Kifagio Big,29.666666666666668,32.0,7.416666666666667,8.0
KIT002,Bath Mixer wall Pillar,0.3333333333333333,0.0,0.08333333333333333,0.08333333333333333
KIT003,Kitchen Mixer Sink,0.6666666666666666,0.0,0.16666666666666666,0.16666666666666666
KIT004,Kitchen Mixer Wall,0.6666666666666666,1.0,0.16666666666666666,0.25
KIT006,Kitchen Sink D/B S/D,1.6666666666666667,0.0,0.4166666666666667,0.4166666666666667
KIT007,Kitchen Sink S/B S/D,1.0,0.0,0.25,0.25
KIT008,Kitchen Sink S/B S/D Light,0.3333333333333333,0.0,0.08333333333333333,0.08333333333333333
LEA003,Leaf Rake Plastic Big,3.0,4.0,0.75,1.0
LED001,Flourescent Led Fittings 2ft,0.0,1.0,0.0,0.25
LED002,Flourescent Led Fittings 4ft,0.3333333333333333,1.0,0.08333333333333333,0.25
LED004,Flourescent Led Tubes 2ft,0.6666666666666666,2.0,0.16666666666666666,0.5
LED005,Flourescent Led Tubes 4ft,3.6666666666666665,1.0,0.9166666666666665,0.9166666666666665
LED006,Led Panel Light 6w,0.0,1.0,0.0,0.25
LED007,LED Panel light(6500k),0.0,0.0,0.0,0.0
LED008,Led Panel Light 6w(3000k),0.3333333333333333,0.0,0.08333333333333333,0.08333333333333333
LED009,LED Butten lights 50w,1.0,0.0,0.25,0.25
LED010,LED Butten light 20w,0.6666666666666666,2.0,0.16666666666666666,0.5
LED011,LED Flood Light 30w(Sensor),0.0,0.0,0.0,0.0
LED012,LED Flood Light 20w,0.0,0.0,0.0,0.0
LED013,LED Flood Lights 30w,0.0,0.0,0.0,0.0
LED014,LED Panel 24W,0.0,2.0,0.0,0.5
LIM001,Lime 25kg,43.666666666666664,44.0,10.916666666666666,11.0
LIP001,Lipping Beach Roll,2.54,0.0,0.635,0.635
LIP002,Lipping Cherry Roll,0.0,0.0,0.0,0.0
LIP003,Lipping Coimbra,0.3333333333333333,0.0,0.08333333333333333,0.08333333333333333
LIP004,Lipping Mtrs,32.666666666666664,36.0,8.166666666666666,9.0
LIP006,Lipping Wall Nut,0.0,0.0,0.0,0.0
LIP007,Lipping White,10.333333333333334,0.0,2.5833333333333335,2.5833333333333335
LOC002,Lock Flyglobe Gold,1.6666666666666667,0.0,0.4166666666666667,0.4166666666666667
LOC003,Lock Flyglobe Silver,1.0,3.0,0.25,0.75
LOC004,Lock Moment,3.6666666666666665,0.0,0.9166666666666665,0.9166666666666665
LOC006,Lock Union 2lever Silver,3.3333333333333335,2.0,0.8333333333333334,0.8333333333333334
LOC008,Lock Union Almn 2lever,1.3333333333333333,0.0,0.3333333333333333,0.3333333333333333
LOC009,Lock Union Brass 2lever,0.0,0.0,0.0,0.0
LOC010,Lock Union Dead 3lever,1.6666666666666667,2.0,0.4166666666666667,0.5
LOC011,Lock Wista W-20188,3.3333333333333335,0.0,0.8333333333333334,0.8333333333333334
LOC012,Lock Union 2lever brass/gold,6.666666666666667,3.0,1.6666666666666667,1.6666666666666667
LOC013,Lock Wista W-23615,1.0,2.0,0.25,0.5
LOC014,Lock Wista W-23613,0.0,1.0,0.0,0.25
LOC015,Lock Wista W-20252,0.0,1.0,0.0,0.25
LOO001,Looping Boxes,2.0,58.0,0.5,14.5
LOR001,Lordex 1kg,4.333333333333333,3.0,1.0833333333333333,1.0833333333333333
LOR002,Lordex 300g,2.3333333333333335,4.0,0.5833333333333334,1.0
MAC002,Machine Screw 2ba pcs,3.0,0.0,0.75,0.75
MAC004,Machine Screw 4ba,1.0,0.0,0.25,0.25
MAC005,MACHINE SCREW 2BA PKT,4.333333333333333,0.0,1.0833333333333333,1.0833333333333333
MAG001,Magic Connector 11/2 CHROME,3.0,4.0,0.75,1.0
MAG002,Magic Connector 11/4 CHROME,8.0,6.0,2.0,2.0
MAG004,Magnetic Socket 10mm,0.0,0.0,0.0,0.0
MAG005,Magnetic Socket 8mm,6.666666666666667,6.0,1.6666666666666667,1.6666666666666667
MAH001,Mahogany Spirit Stain,9.666666666666666,0.0,2.4166666666666665,2.4166666666666665
MAH003,Orion Mahogany Varnish1/2l,0.0,2.0,0.0,0.5
MAL003,Malpha Hinges Hydraulic,72.33333333333333,9.0,18.083333333333332,18.083333333333332
MAN001,Manhole Cover 12x12,36.666666666666664,10.0,9.166666666666666,9.166666666666666
MAN002,Manhole Cover 15x15,7.666666666666667,18.0,1.916666666666667,4.5
MAN003,Manhole Cover 18x18,26.0,13.0,6.5,6.5
MAN004,Manhole Cover 18x24,47.0,56.0,11.75,14.0
MAN005,Manhole Cover 24x24,5.666666666666667,2.0,1.4166666666666667,1.4166666666666667
MAN007,Manilla Roll 100m,3.6666666666666665,5.0,0.9166666666666665,1.25
MAN008,Manilla Roll 500m,5.666666666666667,5.0,1.4166666666666667,1.4166666666666667
MAN009,Manilla Rope 10mm- Mtrs,118.33333333333333,10.0,29.583333333333332,29.583333333333332
MAN010,Manilla Rope 12mm- Mtrs,16.333333333333332,119.5,4.083333333333333,29.875
MAN011,Manilla Rope 14mm- Mtrs,127.0,62.0,31.75,31.75
MAN013,Manilla Rope 18ply,16.333333333333332,19.0,4.083333333333333,4.75
MAN014,Manilla Rope 42ply,9.666666666666666,10.0,2.4166666666666665,2.5
MAN015,Manilla Rope 6mm- Mtrs,101.0,0.0,25.25,25.25
MAN016,Manilla Rope 8mm- Mtrs,150.33333333333334,0.0,37.583333333333336,37.583333333333336
MAN017,Manilla Roll 1000m,3.0,6.0,0.75,1.5
MAN020,Manilla rope 10mm roll,1.0,0.0,0.25,0.25
MAN021,Manilla Rope 6mm Rolls,0.3333333333333333,0.0,0.08333333333333333,0.08333333333333333
MAN022,Manilla Rope 8mm Rolls,0.6666666666666666,0.0,0.16666666666666666,0.16666666666666666
MAN023,Manilla Rope 12mm Rolls,0.3333333333333333,0.0,0.08333333333333333,0.08333333333333333
MAN024,Manilla Rope 14mm Rolls,0.3333333333333333,0.0,0.08333333333333333,0.08333333333333333
MAR001,Marine Board- Tywood,1158.0,334.0,289.5,289.5
MAR002,Marine Board-Zurkit 16mm,537.6666666666666,0.0,134.41666666666666,134.41666666666666
MAR003,Marine Board-Zurkit 18mm,164.0,1130.0,41.0,282.5
MAS002,"Masking Tape Welfast 1.5""",15.333333333333334,5.0,3.833333333333334,3.833333333333334
MAS006,"Masking Tape Welfast 1""",112.66666666666667,126.0,28.166666666666668,31.5
MAS007,Masking Tape Big 1.5,11.333333333333334,0.0,2.8333333333333335,2.8333333333333335
MAS008,"Masking Tape Welfast 2""",134.33333333333334,156.0,33.583333333333336,39.0
MAS009,"Masking Tape Welfast 3/4""",31.333333333333332,117.0,7.833333333333334,29.25
MAS010,Mason Bit 10mm,2.6666666666666665,4.0,0.6666666666666666,1.0
MAS011,Mason Bit 12mm,1.3333333333333333,0.0,0.3333333333333333,0.3333333333333333
MAS014,Mason Bit 6mm,6.0,5.0,1.5,1.5
MAS015,Mason Bit 8mm,2.0,3.0,0.5,0.75
MAS016,Mason Chisel Flat,5.0,4.0,1.25,1.25
MAS017,Mason Chisel Pointed,25.0,34.0,6.25,8.5
MAS019,Mason Hammer 2.5lb,4.666666666666667,6.0,1.1666666666666667,1.5
MAS020,Mason Hammer 2lb,1.6666666666666667,1.0,0.4166666666666667,0.4166666666666667
MAS021,Mason Hammer 3lb,1.6666666666666667,6.0,0.4166666666666667,1.5
MAS022,Mason Square 24,1.3333333333333333,2.0,0.3333333333333333,0.5
MAS024,Mason Square Black,2.0,0.0,0.5,0.5
MAS025,"Masking Tape 1""X20mts",0.0,0.0,0.0,0.0
MAS026,"Masking Tape 2""X20mts",0.0,0.0,0.0,0.0
MAT001,Mattock Combined,28.0,24.0,7.0,7.0
MCB001,Mcb 63 A D/Pole,1.3333333333333333,3.0,0.3333333333333333,0.75
MCB002,Mcb 20A S/Pole,0.3333333333333333,3.0,0.08333333333333333,0.75
MCB003,Mcb 32A S/Pole,4.333333333333333,3.0,1.0833333333333333,1.0833333333333333
MCB004,MCB 10 AMP,3.0,1.0,0.75,0.75
MCB005,MCB 16 AMP,0.3333333333333333,0.0,0.08333333333333333,0.08333333333333333
MCB006,Mcb 63 A S/Pole,0.3333333333333333,1.0,0.08333333333333333,0.25
MCB007,Mcb 100 A D/Pole,1.0,2.0,0.25,0.5
MCB008,Mcb 40A S/Pole,0.0,1.0,0.0,0.25
MDF001,Mdf Board Beech,7.0,0.0,1.75,1.75
MDF002,Mdf Board Cherry,4.666666666666667,0.0,1.1666666666666667,1.1666666666666667
MDF003,Mdf Board Coimbra,5.333333333333333,4.0,1.3333333333333333,1.3333333333333333
MDF005,Mdf Board Plain,3.6666666666666665,0.0,0.9166666666666665,0.9166666666666665
MDF006,Mdf Board American Walnut,3.3333333333333335,2.0,0.8333333333333334,0.8333333333333334
MDF007,Mdf Board White,10.333333333333334,5.0,2.5833333333333335,2.5833333333333335
MDF008,Mdf Ply Plain,1.3333333333333333,0.0,0.3333333333333333,0.3333333333333333
MDF009,Mdf Ply White,1.3333333333333333,1.0,0.3333333333333333,0.3333333333333333
MDF012,Mdf Screws 1 Pkt,9.333333333333334,3.0,2.3333333333333335,2.3333333333333335
MDF013,Mdf Screws 1/12 Pkt,8.333333333333334,2.0,2.0833333333333335,2.0833333333333335
MDF014,Mdf Screws 11/4 Pkt,20.666666666666668,12.0,5.166666666666667,5.166666666666667
MDF015,Mdf Screws 2 Pkt,32.333333333333336,33.0,8.083333333333334,8.25
MDF017,Mdf Screws 3 Pkt,6.333333333333333,3.0,1.5833333333333335,1.5833333333333335
MDF018,Mdf Screws 3/4 Pkt,2.0,4.0,0.5,1.0
MDF019,MDF SCEWS 4 PKT,0.0,1.0,0.0,0.25
MEA001,Stanley-Measuring Tape-5m power loBcOkMAS,1.3333333333333333,0.0,0.3333333333333333,0.3333333333333333
MEA002,Stanley -Measuring Tape 5m-Tylon,1.0,1.0,0.25,0.25
MEA003,stanley-Measuring Tape 8m-tylon,0.3333333333333333,0.0,0.08333333333333333,0.08333333333333333
MET006,Meter Box Powdered 13X13,1.3333333333333333,0.0,0.3333333333333333,0.3333333333333333
MET009,Metro Glue 250gms,4.0,10.0,1.0,2.5
MIN001,Mini Trunking,21.666666666666668,16.0,5.416666666666667,5.416666666666667
MIR001,Mirror Screws Pcs,45.666666666666664,0.0,11.416666666666666,11.416666666666666
MOP003,Mop Bucket,2.0,0.0,0.5,0.5
MOP004,Mop Bucket J/K,0.0,0.0,0.0,0.0
MOP006,Mop Teepee,9.333333333333334,5.0,2.3333333333333335,2.3333333333333335
MUL001,Multi Plug,3.0,0.0,0.75,0.75
NAI001,Nails 1'- Kgs,6.416666666666667,9.0,1.6041666666666665,2.25
NAI002,Nails 1.5'- Kgs,8.083333333333334,5.75,2.0208333333333335,2.0208333333333335
NAI003,Nails 2'- Kgs,87.5,31.25,21.875,21.875
NAI004,Nails 2.5'- Kgs,81.33333333333333,176.5,20.333333333333332,44.125
NAI005,Nails 3'- Kgs,348.9166666666667,567.75,87.22916666666667,141.9375
NAI006,Nails 4'- Kgs,417.1666666666667,540.5,104.29166666666669,135.125
NAI007,Nails 5'- Kgs,29.083333333333332,27.0,7.270833333333334,7.270833333333334
NAI008,Nails 6'- Kgs,2.3333333333333335,4.0,0.5833333333333334,1.0
NAI009,Nails Bag 1,0.6666666666666666,1.0,0.16666666666666666,0.25
NAI011,Nails Bag 2,5.0,5.0,1.25,1.25
NAI012,Nails Bag 2.5,5.333333333333333,5.0,1.3333333333333333,1.3333333333333333
NAI013,Nails Bag 3,30.333333333333332,42.0,7.583333333333333,10.5
NAI014,Nails Bag 4,45.0,54.0,11.25,13.5
NAI015,Nails Bag 5,1.6666666666666667,2.0,0.4166666666666667,0.5
NAI016,Nails Bag 6,0.0,1.0,0.0,0.25
NAI017,Nails Bag Ceiling 1,0.0,0.0,0.0,0.0
NAI018,Nails Bag Ceiling 1.5,0.3333333333333333,0.0,0.08333333333333333,0.08333333333333333
NAI019,Nails Bag Panel Pins 1,0.0,0.0,0.0,0.0
NAI020,Nails Bag Panel Pins 1.5,1.0,0.0,0.25,0.25
NAI022,Nails Ceiling 1,1.75,3.0,0.4375,0.75
NAI023,Nails Ceiling 1.5,12.666666666666666,6.75,3.166666666666667,3.166666666666667
NAI024,Nails Panel Pins 1,2.75,5.5,0.6875,1.375
NAI025,Nails Panel Pins 1.5,18.666666666666668,6.25,4.666666666666667,4.666666666666667
NAI027,Nails Polished Bag 1.5,0.0,0.0,0.0,0.0
NAI029,Nails Roofing Bag,2.0,2.0,0.5,0.5
NAI030,Nails Roofing Kgs,73.25,107.25,18.3125,26.8125
NAI031,Nails U Bags,0.6666666666666666,0.0,0.16666666666666666,0.16666666666666666
NAI032,"Nails Polished Bag 1""",0.0,0.0,0.0,0.0
NAI035,Nails U Kgs,6.916666666666667,0.25,1.729166666666667,1.729166666666667
NAI036,Nail Polished 1.5- Kgs,0.0,0.0,0.0,0.0
NEM015,Nemsi Push Tap Wall-A003,0.0,3.0,0.0,0.75
NEM016,Nemsi Pillar tapCurved Highneck-BS1B0O1M1HAS,0.0,0.0,0.0,0.0
NEM017,Nemsi Delay Push Tap Kitchen-EG96B1O7MAS,0.0,0.0,0.0,0.0
NEM018,Nemsi Long Neck Pillar KitchenMixerB AOdMj-AKSM2051,0.6666666666666666,0.0,0.16666666666666666,0.16666666666666666
NEM019,Nemsi Long Neck BIB Kitchen Mixer-BKOMM30A5S1,1.0,1.0,0.25,0.25
NEM020,Nemsi Shower Head$Mirror 40cm-KSB0O02MAS,1.3333333333333333,0.0,0.3333333333333333,0.3333333333333333
NEM021,Nemsi Adjustable shower tube-KS004B,0.0,0.0,0.0,0.0
NEM022,Nemsi Sq- Framed 4-way shower mixBeOr BMlAacSk-KS1012,0.0,0.0,0.0,0.0
NEM023,Nemsi 3-Way Almn-Piano shower MixBeOr-MKASS1055,1.0,0.0,0.25,0.25
NEM024,Nemsi 3-way Brass ConcealedShoweBr OMMixAeSr-KS2016,0.0,0.0,0.0,0.0
NEM025,Nemsi Premium ktchen mixer ChromeB-OKMS6A0S41,0.6666666666666666,0.0,0.16666666666666666,0.16666666666666666
NEM026,Nemsi Kitchen Tap L- Neck Blk& silveBrO-KMSA9S022,0.6666666666666666,0.0,0.16666666666666666,0.16666666666666666
NEM027,Nemsi Kitchen Wall Tap-KS9051,0.0,0.0,0.0,0.0
NEM028,Nemsi Double Corner-Shelf With TowBeOl-NM0A0S2,0.6666666666666666,1.0,0.16666666666666666,0.25
NEM029,Nemsi mirrorSingle Corner Shelf-N00B9OMAS,1.0,0.0,0.25,0.25
NEM030,Nemsi Single Corner Shelf Blk-N009-B,0.3333333333333333,0.0,0.08333333333333333,0.08333333333333333
NEM031,Nemsi Black Towel ring-N025B,0.0,0.0,0.0,0.0
NEM032,Nemsi Double Tumbler Holder-N026,0.0,0.0,0.0,0.0
NEM033,Nemsi Bath 6pcs Accessories set BlaBcOk-MNA05S3B,0.0,0.0,0.0,0.0
NEM034,Nemsi Bath 6pcs Accessories Set -MBirrOoMr-NA0S53M,0.0,0.0,0.0,0.0
NEM035,Nemsi Black Grab Bar 25x40-N063-B,0.0,0.0,0.0,0.0
NEM036,Nemsi Single Tumbler Holder Mirror-NB0O7M2AS,0.0,0.0,0.0,0.0
NEM037,Nemsi Soap Dish Mirror-N092,1.3333333333333333,0.0,0.3333333333333333,0.3333333333333333
NEM038,Nemsi Tissue Holder mirror-N131,0.6666666666666666,0.0,0.16666666666666666,0.16666666666666666
NEM039,Nemsi Tissue Holder Black-N131-B,1.0,0.0,0.25,0.25
NEM040,Nemsi Hook Double Black-N177,1.0,1.0,0.25,0.25
NEM041,Nemsi Double Towel bar With 5 HooBksO-NM2A2S6,0.3333333333333333,0.0,0.08333333333333333,0.08333333333333333
NEM042,Nemsi Double Tumbler+T.Brush HoldBeOr -MMA.MSirror-N299,0.0,0.0,0.0,0.0
NEM043,Nemsi Premium Double T+T.Brush HBolOdMerA BSlack299B,0.0,0.0,0.0,0.0
NEM044,Nemsi Premium Gun Grey Towel BaBr-ON3M0A6S,0.0,0.0,0.0,0.0
NEM045,Nemsi Premium Gun Grey Towel RingB-ONM30A9S,0.0,0.0,0.0,0.0
NEM046,Nemsi Premium Single T+T.Brush h- B MOiMrroArS-N313M,0.0,0.0,0.0,0.0
NEM047,Nemsi Rectangle Shelf Gun Grey-N31B6OMAS,0.3333333333333333,0.0,0.08333333333333333,0.08333333333333333
NEM048,Nemsi M- Hooks silver& black AluminBiuOmM-NA3S66,0.3333333333333333,1.0,0.08333333333333333,0.25
NEM049,Nemsi Heavy Duty Hand rail Grab BaBr-ONM37A0S,0.0,0.0,0.0,0.0
NEM050,Nemsi Double Glass Soap DispenserB MOiMrroArS-N378,0.0,0.0,0.0,0.0
NEM051,Nemsi Black $ Chrome Kitchen Pillar BTOapM-APS019,0.0,0.0,0.0,0.0
NEM052,Nemsi Paint Roller 9,1.6666666666666667,7.0,0.4166666666666667,1.75
NON001,"Non Return Valve lirlee 1""",0.6666666666666666,0.0,0.16666666666666666,0.16666666666666666
NON002,Non Return Valve 1 pegler,4.666666666666667,2.0,1.1666666666666667,1.1666666666666667
NON003,Non Return Valve 1/2 Pegler,1.6666666666666667,2.0,0.4166666666666667,0.5
NON006,Non Return Valve 3/4 Pegler,6.333333333333333,6.0,1.5833333333333335,1.5833333333333335
NYL002,Nylon Window Netting Mtrs,4.333333333333333,0.0,1.0833333333333333,1.0833333333333333
NYU001,Nyumba Cement,2593.3333333333335,5500.0,648.3333333333334,1375.0
ORI002,Orion Clear Varnish 1l,0.0,0.0,0.0,0.0
P 1002,SQ 12,1.1666666666666667,0.0,0.2916666666666667,0.2916666666666667
PAC001,Packing Tape Clear,1.6666666666666667,0.0,0.4166666666666667,0.4166666666666667
PAC002,PACKING BAG BIG,2.3333333333333335,0.0,0.5833333333333334,0.5833333333333334
PAC003,PACKING BAG MEDIUM,4.666666666666667,0.0,1.1666666666666667,1.1666666666666667
PAC004,PACKING BAG SMALL,6.0,0.0,1.5,1.5
PAD001,Padbolt 6,0.6666666666666666,14.0,0.16666666666666666,3.5
PAD002,Padbolt China,1.3333333333333333,0.0,0.3333333333333333,0.3333333333333333
PAD004,Padbolt Jk Big,4.0,0.0,1.0,1.0
PAD006,Padbolt Juakali-Shiny,15.333333333333334,5.0,3.833333333333334,3.833333333333334
PAD009,Padlock Mindy 70mm,2.6666666666666665,3.0,0.6666666666666666,0.75
PAD015,Padlock Tri Circle 261,1.0,1.0,0.25,0.25
PAD016,Padlock Tri Circle 262,2.3333333333333335,2.0,0.5833333333333334,0.5833333333333334
PAD017,Padlock Tri Circle 263,6.333333333333333,4.0,1.5833333333333335,1.5833333333333335
PAD018,Padlock Tri Circle 264,9.0,9.0,2.25,2.25
PAD019,Padlock Tri Circle 265,6.0,6.0,1.5,1.5
PAD020,Padlock Tri Circle 266,4.666666666666667,2.0,1.1666666666666667,1.1666666666666667
PAD021,Padlock Mindy 60mm,5.0,2.0,1.25,1.25
PAD022,Padlock Mindy 50mm,5.0,5.0,1.25,1.25
PAI002,Paint Roller 4,5.0,5.0,1.25,1.25
PAI004,Paint Roller 9,64.0,61.0,16.0,16.0
PAI006,"Nemsi Paint Roller Tray 9""",0.0,2.0,0.0,0.5
PAN001,Panga,0.0,1.0,0.0,0.25
PAN002,Panga H/G,16.333333333333332,11.0,4.083333333333333,4.083333333333333
PAN003,Panel Door Laminated,0.6666666666666666,0.0,0.16666666666666666,0.16666666666666666
PAN004,Panel Door Mahogany,0.0,0.0,0.0,0.0
PAN005,Panel Light 20w,0.0,0.0,0.0,0.0
PAT001,Pattress Double Deep,8.666666666666666,4.0,2.1666666666666665,2.1666666666666665
PAT003,Pattress Single Deep,10.0,11.0,2.5,2.75
PAT004,Pattress Single Shallow,0.3333333333333333,1.0,0.08333333333333333,0.25
PAT005,Pattex PL100,2.6666666666666665,0.0,0.6666666666666666,0.6666666666666666
PAT006,Pattex PL-150,3.3333333333333335,2.0,0.8333333333333334,0.8333333333333334
PED001,Pedrallo Pump 0.5hp,2.6666666666666665,1.0,0.6666666666666666,0.6666666666666666
PED002,Pedrallo Pump 1hp,0.0,1.0,0.0,0.25
PHO001,Photocell Switch,1.3333333333333333,0.0,0.3333333333333333,0.3333333333333333
PIL001,Pillar Coping 15,2.6666666666666665,0.0,0.6666666666666666,0.6666666666666666
PIL002,Kitchen Mixer Tap 1/2,0.0,0.0,0.0,0.0
PIL003,Pillar Tap Basin Type,9.0,22.0,2.25,5.5
PIL005,Pillar Tap Sprout Brimix,1.3333333333333333,2.0,0.3333333333333333,0.5
PIL006,Pillar Tap Sprout,0.6666666666666666,0.0,0.16666666666666666,0.16666666666666666
PIN005,Pine 8x1,0.0,0.0,0.0,0.0
PIP001,Pipe Wrench 10,0.3333333333333333,0.0,0.08333333333333333,0.08333333333333333
PIP002,Pipe Wrench 12,1.0,0.0,0.25,0.25
PIP003,Pipe Wrench 14,1.6666666666666667,0.0,0.4166666666666667,0.4166666666666667
PIP005,Pipe Wrench 8,0.3333333333333333,0.0,0.08333333333333333,0.08333333333333333
PLA001,Plain Sheet Roll 30g,4.0,2.0,1.0,1.0
PLA002,Plain Sheet Roll 32g,2.3333333333333335,3.0,0.5833333333333334,0.75
PLA004,Plascon Ext Clear 5l,0.0,2.0,0.0,0.5
PLA007,Plascon Int Clear 1l,0.6666666666666666,0.0,0.16666666666666666,0.16666666666666666
PLA008,Plascon Int Clear 5l,0.6666666666666666,1.0,0.16666666666666666,0.25
PLA010,Plascon Int Mahogany 5l,1.0,5.0,0.25,1.25
PLA016,Plain sheet 30g mtrs,54.166666666666664,40.0,13.541666666666664,13.541666666666664
PLA017,Plain sheet 32g mtrs,29.666666666666668,44.0,7.416666666666667,11.0
PLA020,Plascon Int Pine 5l,0.0,0.0,0.0,0.0
PLA021,Plascon EXT Pine 5l,1.6666666666666667,0.0,0.4166666666666667,0.4166666666666667
PLA022,Plascon Woodcare Pine 1l,0.3333333333333333,0.0,0.08333333333333333,0.08333333333333333
PLA023,Plascon Woodcare Ext Pine 1l,0.3333333333333333,0.0,0.08333333333333333,0.08333333333333333
PLA024,Plascon Woodcare Int Teak 5l,0.0,0.0,0.0,0.0
PLA026,Plascon Woodcare Ext Teak 5l,0.3333333333333333,0.0,0.08333333333333333,0.08333333333333333
PLA027,Plascon Woodcare Ext Teak 1l,0.6666666666666666,0.0,0.16666666666666666,0.16666666666666666
PLI001,Pliers H.G,4.0,4.0,1.0,1.0
PLI003,Pliers Red,4.666666666666667,5.0,1.1666666666666667,1.25
PLI004,Stanley-Pliers Combination7'' dyna grBipO MAS,0.0,0.0,0.0,0.0
PLI005,Stanley-Pliers Circlip7'' Bent External,0.0,0.0,0.0,0.0
PLI006,"Stanley-Pliers circlip7"" straight internaBlOMAS",0.0,0.0,0.0,0.0
PLI007,Stanley-Pliears Combination8''DynagBripO.MAS,0.6666666666666666,0.0,0.16666666666666666,0.16666666666666666
PLI008,Stanley-Pliers End Nipper6,0.0,0.0,0.0,0.0
PLI009,Stanley-Pliers Mini -MultiTool,0.3333333333333333,0.0,0.08333333333333333,0.08333333333333333
PLU001,Plumb Line,1.3333333333333333,4.0,0.3333333333333333,1.0
PLY001,Plywood 3mm,49.0,31.0,12.25,12.25
PLY002,Plywood 6mm,43.666666666666664,31.0,10.916666666666666,10.916666666666666
PLY003,Plywood 9mm,22.333333333333332,13.0,5.583333333333333,5.583333333333333
POL003,Polythene Black 15kg,30.666666666666668,20.0,7.666666666666668,7.666666666666668
POL004,Polythene Black 20kg,71.0,103.0,17.75,25.75
POL005,Polythene Black Mtrs,189.0666666666667,259.0,47.26666666666667,64.75
POL006,Polythene Clear Mtrs,5.0,0.0,1.25,1.25
POL007,Polythene Clear Roll,1.6666666666666667,0.0,0.4166666666666667,0.4166666666666667
POL008,Polishing Pad,3.0,0.0,0.75,0.75
PON001,Ponal Glue 1/2l,1.6666666666666667,11.0,0.4166666666666667,2.75
PON002,Ponal Glue 1/4l,3.3333333333333335,8.0,0.8333333333333334,2.0
PON003,Ponal Glue 1l,7.666666666666667,1.0,1.916666666666667,1.916666666666667
PON005,Ponal Glue 4l,1.0,4.0,0.25,1.0
POP002,Pop Rivets 3/4,0.0,0.0,0.0,0.0
POP004,"Pop Up Waste Chrome 11/2""",1.3333333333333333,0.0,0.3333333333333333,0.3333333333333333
POP005,Pop Up Waste Chrome 11/4,1.6666666666666667,4.0,0.4166666666666667,1.0
POU001,Poultry Mesh Blue,1.0,0.0,0.25,0.25
POU002,Poultry Mesh Green,0.6666666666666666,1.0,0.16666666666666666,0.25
POW001,Power Guard,0.3333333333333333,0.0,0.08333333333333333,0.08333333333333333
PPR001,Ppr Ball Cork 20mm,0.0,0.0,0.0,0.0
PPR002,Ppr Ball Cork 25mm,7.0,0.0,1.75,1.75
PPR003,Ppr Ball Cork 32mm,0.3333333333333333,0.0,0.08333333333333333,0.08333333333333333
PPR006,Ppr Ball Cork 63mm,0.3333333333333333,0.0,0.08333333333333333,0.08333333333333333
PPR007,Ppr Cup 20mm,1.3333333333333333,0.0,0.3333333333333333,0.3333333333333333
PPR008,Ppr Cup 25mm,15.333333333333334,14.0,3.833333333333334,3.833333333333334
PPR009,Ppr Cup 32mm,11.333333333333334,20.0,2.8333333333333335,5.0
PPR010,Ppr Cup 40mm,1.3333333333333333,1.0,0.3333333333333333,0.3333333333333333
PPR011,Ppr Cup 50mm,1.6666666666666667,0.0,0.4166666666666667,0.4166666666666667
PPR012,Ppr Cup 63mm,0.0,0.0,0.0,0.0
PPR013,Ppr Double Elbow 25x1/2,5.666666666666667,12.0,1.4166666666666667,3.0
PPR014,Ppr Elbow 20mm,20.666666666666668,10.0,5.166666666666667,5.166666666666667
PPR015,Ppr Elbow 20mm *45',0.0,0.0,0.0,0.0
PPR016,Ppr Elbow 25mm,540.0,600.0,135.0,150.0
PPR017,Ppr Elbow 25mmx45,20.333333333333332,9.0,5.083333333333333,5.083333333333333
PPR018,Ppr Elbow 32mm,208.33333333333334,185.0,52.08333333333333,52.08333333333333
PPR019,Ppr Elbow 32mm x45,4.333333333333333,0.0,1.0833333333333333,1.0833333333333333
PPR020,Ppr Elbow 40mm,14.333333333333334,22.0,3.583333333333333,5.5
PPR021,Ppr Elbow 50mm,5.333333333333333,1.0,1.3333333333333333,1.3333333333333333
PPR022,Ppr Elbow 63mm,3.3333333333333335,0.0,0.8333333333333334,0.8333333333333334
PPR023,Ppr F/Adapter 20x1/2,6.333333333333333,2.0,1.5833333333333335,1.5833333333333335
PPR024,Ppr F/Adapter 25x1/2,42.333333333333336,41.0,10.583333333333334,10.583333333333334
PPR025,Ppr F/Adapter 25x3/4,24.0,17.0,6.0,6.0
PPR026,Ppr F/Adapter 32x1,16.666666666666668,21.0,4.166666666666667,5.25
PPR027,Ppr F/Adapter 32x3/4,1.6666666666666667,2.0,0.4166666666666667,0.5
PPR028,Ppr F/Adapter 40x11/4,1.3333333333333333,0.0,0.3333333333333333,0.3333333333333333
PPR029,Ppr F/Adapter 50x11/2,2.3333333333333335,1.0,0.5833333333333334,0.5833333333333334
PPR030,Ppr F/Adapter 63x2,0.0,0.0,0.0,0.0
PPR031,Ppr F/Elbow 20x1/2,0.6666666666666666,0.0,0.16666666666666666,0.16666666666666666
PPR032,Ppr F/Elbow 25x1/2,189.66666666666666,257.0,47.416666666666664,64.25
PPR033,Ppr F/Elbow 25x3/4,31.0,39.0,7.75,9.75
PPR034,Ppr F/Elbow 32x1,2.6666666666666665,5.0,0.6666666666666666,1.25
PPR036,Ppr F/Elbow 32x3/4,1.0,0.0,0.25,0.25
PPR037,Ppr F/Elbow 40x11/4,1.6666666666666667,0.0,0.4166666666666667,0.4166666666666667
PPR038,Ppr F/Elbow 50x11/2,0.0,0.0,0.0,0.0
PPR039,Ppr F/Tee 20x1/2,1.6666666666666667,1.0,0.4166666666666667,0.4166666666666667
PPR040,Ppr F/Tee 25x1/2,8.666666666666666,25.0,2.1666666666666665,6.25
PPR041,Ppr F/Tee 25x3/4,1.0,2.0,0.25,0.5
PPR042,Ppr F/Tee 32x1,1.6666666666666667,0.0,0.4166666666666667,0.4166666666666667
PPR043,Ppr F/Tee 32x3/4,0.3333333333333333,3.0,0.08333333333333333,0.75
PPR044,Ppr F/Tee 40x11/4,0.0,0.0,0.0,0.0
PPR045,Ppr F/ Thread Union 1,1.3333333333333333,1.0,0.3333333333333333,0.3333333333333333
PPR048,Ppr Gate Valve 25mm,0.0,1.0,0.0,0.25
PPR050,Ppr M/Adapter 20x1/2,9.333333333333334,5.0,2.3333333333333335,2.3333333333333335
PPR051,Ppr M/Adapter 25x1/2,97.0,232.0,24.25,58.0
PPR052,Ppr M/Adapter 25x3/4,110.33333333333333,102.0,27.583333333333336,27.583333333333336
PPR053,Ppr M/Adapter 32x1,59.333333333333336,39.0,14.833333333333334,14.833333333333334
PPR054,Ppr M/Adapter 32x1/2,1.0,0.0,0.25,0.25
PPR055,Ppr M/Adapter 32x3/4,2.3333333333333335,5.0,0.5833333333333334,1.25
PPR056,Ppr M/Adapter 40x11/4,16.0,6.0,4.0,4.0
PPR057,Ppr M/Adapter 50x11/2,3.0,2.0,0.75,0.75
PPR058,Ppr M/Adapter 63x2,1.0,0.0,0.25,0.25
PPR059,Ppr M/Elbow 20x1/2,0.6666666666666666,0.0,0.16666666666666666,0.16666666666666666
PPR060,Ppr M/Elbow 25x1/2,5.666666666666667,2.0,1.4166666666666667,1.4166666666666667
PPR061,Ppr M/Elbow 25x3/4,11.333333333333334,1.0,2.8333333333333335,2.8333333333333335
PPR062,Ppr M/Elbow 32x1,0.0,4.0,0.0,1.0
PPR063,Ppr M/Elbow 32x3/4,0.0,0.0,0.0,0.0
PPR064,Ppr M/Elbow 40x11/4,0.0,0.0,0.0,0.0
PPR065,Ppr M/Elbow 50x11/2,0.0,0.0,0.0,0.0
PPR066,Ppr M/Tee 20x1/2,0.0,0.0,0.0,0.0
PPR067,Ppr M/Tee 25x1/2,0.0,13.0,0.0,3.25
PPR068,Ppr M/Tee 25x3/4,1.6666666666666667,0.0,0.4166666666666667,0.4166666666666667
PPR069,Ppr M/Tee 32x1,0.0,0.0,0.0,0.0
PPR070,Ppr M/Tee 32x3/4,0.6666666666666666,0.0,0.16666666666666666,0.16666666666666666
PPR071,Ppr M/Tee 40x11/4,0.0,0.0,0.0,0.0
PPR072,Ppr M/Thread Union 1,5.666666666666667,1.0,1.4166666666666667,1.4166666666666667
PPR074,Ppr M/Thread Union 3/4,9.0,0.0,2.25,2.25
PPR075,Ppr Machine H/G,0.3333333333333333,2.0,0.08333333333333333,0.5
PPR076,Ppr Overbend 25mm,21.333333333333332,20.0,5.333333333333333,5.333333333333333
PPR084,Ppr Pipe Danco 20mm,12.333333333333334,1.0,3.083333333333334,3.083333333333334
PPR085,Ppr Pipe Danco 25mm,271.0,281.0,67.75,70.25
PPR086,Ppr Pipe Danco 32mm,93.33333333333333,74.0,23.333333333333332,23.333333333333332
PPR087,Ppr Pipe Danco 40mm,10.666666666666666,22.0,2.6666666666666665,5.5
PPR088,Ppr Pipe Danco 50mm,7.333333333333333,1.0,1.833333333333333,1.833333333333333
PPR089,Ppr Pipe Metro 20mm,0.3333333333333333,0.0,0.08333333333333333,0.08333333333333333
PPR093,Ppr Pipe Metro 40mm,1.0,0.0,0.25,0.25
PPR094,Ppr Pipe Metro 50mm,0.0,0.0,0.0,0.0
PPR095,Ppr Pipe Metro 63mm,0.0,0.0,0.0,0.0
PPR096,Ppr Pipe Roll 20mm-DANCO,0.0,0.0,0.0,0.0
PPR098,Ppr Pipe Roll 32mm,0.0,0.0,0.0,0.0
PPR100,Ppr Pipe Roll Danco 25mm,2.0,4.0,0.5,1.0
PPR101,Ppr Pipe Roll Danco 32mm,1.6666666666666667,1.0,0.4166666666666667,0.4166666666666667
PPR102,Ppr Pipe Roll Danco 40mm,0.0,0.0,0.0,0.0
PPR103,Ppr Pipe Roll Danco 50mm,0.0,0.0,0.0,0.0
PPR104,Ppr Pipe Roll Danco 63mm,0.0,0.0,0.0,0.0
PPR105,Ppr Plug 20mm,5.666666666666667,0.0,1.4166666666666667,1.4166666666666667
PPR106,Ppr Plug 25mm,11.0,0.0,2.75,2.75
PPR107,Ppr Red/Socket 25x20,3.6666666666666665,0.0,0.9166666666666665,0.9166666666666665
PPR108,Ppr Red/Socket 32x20,0.0,0.0,0.0,0.0
PPR109,Ppr Red/Socket 32x25,62.333333333333336,10.0,15.583333333333334,15.583333333333334
PPR110,Ppr Red/Socket 40x25,7.0,11.0,1.75,2.75
PPR111,Ppr Red/Socket 40x32,6.333333333333333,6.0,1.5833333333333335,1.5833333333333335
PPR112,Ppr Red/Socket 50x20,0.0,0.0,0.0,0.0
PPR115,Ppr Red/Socket 50x40,0.3333333333333333,0.0,0.08333333333333333,0.08333333333333333
PPR116,Ppr Red/Socket 63x25,2.0,0.0,0.5,0.5
PPR117,Ppr Red/Socket 63x32,0.6666666666666666,0.0,0.16666666666666666,0.16666666666666666
PPR118,Ppr Red/Socket 63x40,0.6666666666666666,0.0,0.16666666666666666,0.16666666666666666
PPR120,Ppr Red/Tee 20x25,0.3333333333333333,0.0,0.08333333333333333,0.08333333333333333
PPR121,Ppr Red/Tee 32x20,0.3333333333333333,0.0,0.08333333333333333,0.08333333333333333
PPR122,Ppr Red/Tee 32x25,10.666666666666666,0.0,2.6666666666666665,2.6666666666666665
PPR124,Ppr Red/Tee 40x32,0.0,2.0,0.0,0.5
PPR125,Ppr Socket 20mm,6.333333333333333,18.0,1.5833333333333335,4.5
PPR126,Ppr Socket 25mm,442.0,363.0,110.5,110.5
PPR127,Ppr Socket 32mm,186.66666666666666,68.0,46.666666666666664,46.666666666666664
PPR128,Ppr Socket 40mm,17.0,19.0,4.25,4.75
PPR130,Ppr Socket 63mm,6.666666666666667,0.0,1.6666666666666667,1.6666666666666667
PPR133,Ppr Stone 32mm,0.3333333333333333,0.0,0.08333333333333333,0.08333333333333333
PPR135,Ppr socket 50mm,9.666666666666666,0.0,2.4166666666666665,2.4166666666666665
PPR137,Ppr Tee 20mm,6.0,0.0,1.5,1.5
PPR138,Ppr Tee 25mm,163.0,208.0,40.75,52.0
PPR139,Ppr Tee 32mm,90.33333333333333,26.0,22.583333333333332,22.583333333333332
PPR140,Ppr Tee 40mm,14.0,2.0,3.5,3.5
PPR141,Ppr Tee 50mm,0.3333333333333333,5.0,0.08333333333333333,1.25
PPR142,Ppr Tee 63mm,1.3333333333333333,0.0,0.3333333333333333,0.3333333333333333
PPR145,Ppr Thread Union 32mm,1.3333333333333333,0.0,0.3333333333333333,0.3333333333333333
PPR147,Ppr Union 20mm,1.0,0.0,0.25,0.25
PPR148,Ppr Union 25mm,21.333333333333332,20.0,5.333333333333333,5.333333333333333
PPR149,Ppr Union 32mm,21.0,12.0,5.25,5.25
PPR150,Ppr Union 40mm,1.3333333333333333,0.0,0.3333333333333333,0.3333333333333333
PPR151,Ppr Union 50mm,3.3333333333333335,1.0,0.8333333333333334,0.8333333333333334
PPR152,Ppr Union 63mm,0.6666666666666666,0.0,0.16666666666666666,0.16666666666666666
PPR153,Ppr clip 20mm,0.0,0.0,0.0,0.0
PPR155,Ppr Pipe Danco 63mm,5.0,0.0,1.25,1.25
PPR156,Ppr M/Elbow 63x2,0.0,0.0,0.0,0.0
PPR158,Ppr F/Thread Union 3/4,0.3333333333333333,2.0,0.08333333333333333,0.5
PPR159,Ppr Red/Tee 50x25,0.0,3.0,0.0,0.75
PPR160,Ppr Pipe Roll 25mm-Metro(PN16),8.666666666666666,0.0,2.1666666666666665,2.1666666666666665
PTG003,Ptg Connector,2.3333333333333335,0.0,0.5833333333333334,0.5833333333333334
PTG008,Ptg Elbow 65',0.0,0.0,0.0,0.0
PTG010,Ptg Endcup,0.0,0.0,0.0,0.0
PTG011,Ptg Gutter,0.0,0.0,0.0,0.0
PTG013,Ptg Inside Corner,0.3333333333333333,0.0,0.08333333333333333,0.08333333333333333
PTG015,Ptg Outside Corner,0.3333333333333333,0.0,0.08333333333333333,0.08333333333333333
PUM001,Pump Control Auto,4.333333333333333,5.0,1.0833333333333333,1.25
PUS001,Push Tap,0.6666666666666666,4.0,0.16666666666666666,1.0
PUT003,Putty Premium in Kgs,54.5,19.0,13.625,13.625
PUT004,Putty Premium Buckets- 40kgs,67.66666666666667,1.0,16.916666666666668,16.916666666666668
PVC001,Pvc Bend 11/2x45,81.33333333333333,91.0,20.333333333333332,22.75
PVC002,Pvc Bend 11/2x90,163.0,253.0,40.75,63.25
PVC003,Pvc Bend 11/4x45,3.0,0.0,0.75,0.75
PVC004,Pvc Bend 11/4x90,6.666666666666667,16.0,1.6666666666666667,4.0
PVC005,Pvc Bend 2x45,67.0,60.0,16.75,16.75
PVC006,Pvc Bend 2x90,146.0,219.0,36.5,54.75
PVC007,Pvc Bend 3x45,26.666666666666668,17.0,6.666666666666667,6.666666666666667
PVC008,Pvc Bend 3x90,58.0,95.0,14.5,23.75
PVC009,Pvc Bend 4x45,46.666666666666664,51.0,11.666666666666666,12.75
PVC010,Pvc Bend 4x90,128.33333333333334,129.0,32.083333333333336,32.25
PVC011,Pvc Bend 6x45,1.6666666666666667,0.0,0.4166666666666667,0.4166666666666667
PVC012,Pvc Bend 6x90,9.333333333333334,5.0,2.3333333333333335,2.3333333333333335
PVC013,Pvc Bend 8x90,0.0,0.0,0.0,0.0
PVC014,Pvc Boss Connector 4x11/2,2.6666666666666665,3.0,0.6666666666666666,0.75
PVC015,Pvc Boss Connector 4x11/4,0.3333333333333333,0.0,0.08333333333333333,0.08333333333333333
PVC016,Pvc Boss Connector 4x2,7.0,23.0,1.75,5.75
PVC017,Pvc Boss Connector 4x3,1.0,0.0,0.25,0.25
PVC019,Pvc Cross Tee 4,2.0,4.0,0.5,1.0
PVC020,Pvc Flex Bend 4,15.333333333333334,19.0,3.833333333333334,4.75
PVC022,Pvc Floor Trap 4way,108.0,206.0,27.0,51.5
PVC023,Pvc Floor Trap 1Way,15.333333333333334,9.0,3.833333333333334,3.833333333333334
PVC026,Pvc Full Bora 4,6.666666666666667,0.0,1.6666666666666667,1.6666666666666667
PVC027,Pvc Gulley Trap 2,2.0,0.0,0.5,0.5
PVC028,Pvc Gulley Trap 4,17.333333333333332,1.0,4.333333333333333,4.333333333333333
PVC031,Pvc Inspection Bend 4,9.333333333333334,6.0,2.3333333333333335,2.3333333333333335
PVC032,Pvc Inspection Tee 4,1.0,0.0,0.25,0.25
PVC033,Pvc Pipe Sewer 6,0.0,0.0,0.0,0.0
PVC034,Pvc Plug 11/2,26.666666666666668,20.0,6.666666666666667,6.666666666666667
PVC035,Pvc Plug 11/4,1.0,1.0,0.25,0.25
PVC036,Pvc Plug 2,38.333333333333336,19.0,9.583333333333334,9.583333333333334
PVC037,Pvc Plug 3,10.666666666666666,16.0,2.6666666666666665,4.0
PVC038,Pvc Plug 4,15.333333333333334,17.0,3.833333333333334,4.25
PVC039,Pvc Plug 6,1.3333333333333333,2.0,0.3333333333333333,0.5
PVC040,Pvc Plug 8,0.0,0.0,0.0,0.0
PVC041,Pvc Press Elbow 1,0.0,0.0,0.0,0.0
PVC042,Pvc Press Elbow 1/2,0.0,0.0,0.0,0.0
PVC043,Pvc Press Elbow 11/2,0.0,0.0,0.0,0.0
PVC044,Pvc Press Elbow 11/4,0.0,0.0,0.0,0.0
PVC046,Pvc Press Elbow 3/4,0.0,0.0,0.0,0.0
PVC047,Pvc Press Tee 11/4,0.0,0.0,0.0,0.0
PVC048,Pvc Pressure Tee 1,0.0,0.0,0.0,0.0
PVC049,Pvc Pressure Tee 1/2,0.0,0.0,0.0,0.0
PVC050,Pvc Pressure Tee 11/2,0.0,0.0,0.0,0.0
PVC051,Pvc Pressure Tee 2,0.0,0.0,0.0,0.0
PVC052,Pvc Pressure Tee 3/4,0.0,0.0,0.0,0.0
PVC053,Pvc Reducer 11/2x11/4,5.0,0.0,1.25,1.25
PVC054,Pvc Reducer 2x11/2,22.333333333333332,20.0,5.583333333333333,5.583333333333333
PVC055,Pvc Reducer 2x11/4,0.3333333333333333,1.0,0.08333333333333333,0.25
PVC056,Pvc Reducer 3x2,10.333333333333334,7.0,2.5833333333333335,2.5833333333333335
PVC057,Pvc Reducer 4x2,10.666666666666666,4.0,2.6666666666666665,2.6666666666666665
PVC058,Pvc Reducer 4x3,9.666666666666666,4.0,2.4166666666666665,2.4166666666666665
PVC059,Pvc Reducer 6x4,1.0,0.0,0.25,0.25
PVC061,Pvc Ring Sewer 6,0.0,0.0,0.0,0.0
PVC062,Pvc Socket 4,9.666666666666666,1.0,2.4166666666666665,2.4166666666666665
PVC064,Pvc Tee 11/2,27.333333333333332,30.0,6.833333333333333,7.5
PVC065,Pvc Tee 11/4,2.3333333333333335,1.0,0.5833333333333334,0.5833333333333334
PVC066,Pvc Tee 2,71.0,134.0,17.75,33.5
PVC067,Pvc Tee 3,17.666666666666668,22.0,4.416666666666667,5.5
PVC068,Pvc Tee 4,28.333333333333332,31.0,7.083333333333334,7.75
PVC069,Pvc Tee 6,1.0,2.0,0.25,0.5
PVC070,Pvc Tee 8,0.0,0.0,0.0,0.0
PVC072,Pvc Vent Core 2,1.6666666666666667,7.0,0.4166666666666667,1.75
PVC073,Pvc Vent Core 3,3.3333333333333335,4.0,0.8333333333333334,1.0
PVC074,Pvc Vent Core 4,10.333333333333334,0.0,2.5833333333333335,2.5833333333333335
PVC076,Pvc W/Pipe Brown 4,39.0,0.0,9.75,9.75
PVC077,Pvc W/Pipe Grey 11/2,25.333333333333332,0.0,6.333333333333334,6.333333333333334
PVC079,Pvc W/Pipe Grey 2,26.0,0.0,6.5,6.5
PVC080,Pvc W/Pipe Grey 3,21.0,0.0,5.25,5.25
PVC081,Pvc W/Pipe Grey 4,22.666666666666668,4.0,5.666666666666667,5.666666666666667
PVC082,Pvc W/Pipe Grey 6,4.0,2.0,1.0,1.0
PVC083,Pvc W/Pipe Grey 8 pm,3.6666666666666665,0.0,0.9166666666666665,0.9166666666666665
PVC085,Pvc W/Pipe Metro 11/2,22.333333333333332,50.0,5.583333333333333,12.5
PVC086,Pvc W/Pipe Metro 2,73.66666666666667,108.0,18.416666666666668,27.0
PVC087,Pvc W/Pipe Metro 3,35.666666666666664,68.0,8.916666666666666,17.0
PVC088,Pvc W/Pipe Metro 4,99.66666666666667,192.0,24.916666666666664,48.0
PVC089,Pvc W/Pipe Metro 6,19.333333333333332,19.0,4.833333333333333,4.833333333333333
PVC093,Pvc W/Pipe Pm 4,28.0,13.0,7.0,7.0
PVC094,Pvc Y Tee 4,0.6666666666666666,0.0,0.16666666666666666,0.16666666666666666
PVC096,"Pvc W/Pipe Metro 11/4""",2.6666666666666665,1.0,0.6666666666666666,0.6666666666666666
QUA001,Quarry Stones 6x9,0.0,0.0,0.0,0.0
QUA002,Quarry Stones 9x9,4.666666666666667,0.0,1.1666666666666667,1.1666666666666667
QUA003,Quarry stone 9ft,0.0,0.0,0.0,0.0
QUA004,Quarry stone 6ft,0.0,0.0,0.0,0.0
QUA005,Quarry stone 4x9,0.0,0.0,0.0,0.0
R,P001 R Pipe 11/2x16g,35.833333333333336,45.0,8.958333333333334,11.25
R 1001,R 10- 1/2 length,0.3333333333333333,4.0,0.08333333333333333,1.0
R 1003,R 16,2.0,1.0,0.5,0.5
R 1004,R 16 Ft,29.0,29.0,7.25,7.25
R 6001,R 6,231.33333333333334,81.0,57.833333333333336,57.833333333333336
R 8001,R 8,3.0,0.0,0.75,0.75
R/S001,R/S Box Charcoal Grey 2.5m,14.333333333333334,1.0,3.583333333333333,3.583333333333333
R/S002,R/S Box Charcoal Grey 3m,30.666666666666668,4.0,7.666666666666668,7.666666666666668
R/S003,R/S Box Clear 2.5m,0.0,10.0,0.0,2.5
R/S004,R/S Box Clear 2m,0.3333333333333333,0.0,0.08333333333333333,0.08333333333333333
R/S005,R/S Box Clear 3m,4.333333333333333,0.0,1.0833333333333333,1.0833333333333333
R/S011,R/S Clear 2.5m,5.666666666666667,10.0,1.4166666666666667,2.5
R/S012,R/S Clear 2m,3.3333333333333335,8.0,0.8333333333333334,2.0
R/S013,R/S Clear 3m,2.3333333333333335,3.0,0.5833333333333334,0.75
R/S014,R/S Maisha 2.5x30g,51.333333333333336,83.0,12.833333333333332,20.75
R/S015,R/S Maisha 2.5x32g,43.666666666666664,79.0,10.916666666666666,19.75
R/S016,R/S Maisha 2x30g,19.0,36.0,4.75,9.0
R/S017,R/S Maisha 2x32g,53.0,14.0,13.25,13.25
R/S018,R/S Maisha 3x30g,55.666666666666664,48.0,13.916666666666664,13.916666666666664
R/S019,R/S Maisha 3x32g,39.333333333333336,57.0,9.833333333333334,14.25
RAK001,Rake 10,0.0,0.0,0.0,0.0
RAK002,Rake 12,0.6666666666666666,0.0,0.16666666666666666,0.16666666666666666
RAK003,Rake 14,1.3333333333333333,0.0,0.3333333333333333,0.3333333333333333
RAK005,Rake Juakali Big,8.333333333333334,6.0,2.0833333333333335,2.0833333333333335
RAK007,Rake Juakali Small,1.0,0.0,0.25,0.25
RAW001,Rawl Bolt M10,61.0,66.0,15.25,16.5
RAW002,Rawl Bolt M12,26.0,22.0,6.5,6.5
RAW003,Rawl Bolt M6,10.0,0.0,2.5,2.5
RAW004,Rawl Bolt M8,74.33333333333333,59.0,18.583333333333332,18.583333333333332
RAZ001,Razor Wire,1.3333333333333333,0.0,0.3333333333333333,0.3333333333333333
RED001,Red Oxide 1kg,27.0,17.0,6.75,6.75
REF001,Reflector Vest,44.666666666666664,18.0,11.166666666666666,11.166666666666666
RET001,Stanley-Retractable Knife With 3 BlaBdeOsMAS,1.0,0.0,0.25,0.25
RHI001,Rhino Cement,73.33333333333333,0.0,18.333333333333332,18.333333333333332
RID002,Ridges 30g,7.333333333333333,0.0,1.833333333333333,1.833333333333333
RID003,Ridges 32g,4.333333333333333,0.0,1.0833333333333333,1.0833333333333333
RID004,RIDGES BLUE 30G,0.0,0.0,0.0,0.0
RID005,RIDGES RED 30G,0.0,0.0,0.0,0.0
RID006,Ridges Box Grey,5.0,0.0,1.25,1.25
RID007,Ridges 28G,4.333333333333333,0.0,1.0833333333333333,1.0833333333333333
RIV003,Rivet Pcs,16.666666666666668,10.0,4.166666666666667,4.166666666666667
RIV004,Rivets 3/4,0.0,0.0,0.0,0.0
ROA001,Road Channel,0.0,0.0,0.0,0.0
ROA002,Road Kerb,4.333333333333333,0.0,1.0833333333333333,1.0833333333333333
ROO001,Roofing Bolt 1,0.3333333333333333,0.0,0.08333333333333333,0.08333333333333333
ROO004,Roofing Bolt 2.5,3.3333333333333335,0.0,0.8333333333333334,0.8333333333333334
ROO008,Roofing Insulation 3mm-Roll,1.3333333333333333,0.0,0.3333333333333333,0.3333333333333333
ROO009,Roofing Insulation 5mm-Roll,5.333333333333333,10.0,1.3333333333333333,2.5
ROO010,Roofing Screw 1,0.0,0.0,0.0,0.0
ROO013,Roofing Washers,13.666666666666666,22.0,3.4166666666666665,5.5
ROO014,Roofing Screw 2,0.3333333333333333,0.0,0.08333333333333333,0.08333333333333333
ROO015,Roofing Bolt 2,1.0,2.0,0.25,0.5
ROO016,"Roofing Screw 2.5""",0.3333333333333333,0.0,0.08333333333333333,0.08333333333333333
ROU001,Rough Cast Machine,0.3333333333333333,0.0,0.08333333333333333,0.08333333333333333
ROU003,Round Covers Black Large,30.0,37.0,7.5,9.25
ROU004,Round Covers Black Small,0.6666666666666666,0.0,0.16666666666666666,0.16666666666666666
ROU005,Round Covers White Large,4.333333333333333,10.0,1.0833333333333333,2.5
ROU006,Round Covers White Small,3.3333333333333335,0.0,0.8333333333333334,0.8333333333333334
ROU007,Round File,3.0,1.0,0.75,0.75
RSB001,R/S Box charcoal grey 2m,5.666666666666667,0.0,1.4166666666666667,1.4166666666666667
RSB005,R/S Box Charcoal Grey 3m 28g,28.0,0.0,7.0,7.0
RSB006,R/S Box Charcoal Grey 2.5m 28g,6.666666666666667,0.0,1.6666666666666667,1.6666666666666667
RSR001,R/S ROMAN TILE 2.5X30G,0.0,0.0,0.0,0.0
RUF001,C/S/G RUFF & TUFF 3mm B/whiite,3.0,0.0,0.75,0.75
SAC001,Sacks,58.666666666666664,35.0,14.666666666666664,14.666666666666664
SAD001,Saddle Clips 1,20.0,0.0,5.0,5.0
SAD002,Saddle Clips 1/2 Hose,3.0,0.0,0.75,0.75
SAD003,Saddle Clips 1/2,107.33333333333333,38.0,26.833333333333336,26.833333333333336
SAD004,Saddle Clips 11/2,2.3333333333333335,0.0,0.5833333333333334,0.5833333333333334
SAD005,Saddle Clips 2,7.333333333333333,0.0,1.833333333333333,1.833333333333333
SAD006,Saddle Clips 3,17.0,18.0,4.25,4.5
SAD007,Saddle Clips 3/4,62.333333333333336,37.0,15.583333333333334,15.583333333333334
SAD008,Saddle Clips 4,8.333333333333334,0.0,2.0833333333333335,2.0833333333333335
SAD011,Saddle Clips Plastic 32mm,0.0,0.0,0.0,0.0
SAD012,Saddle Clips Plastic 38mm,5.0,0.0,1.25,1.25
SAF001,Safety Gloves,13.666666666666666,0.0,3.4166666666666665,3.4166666666666665
SAH001,Sahara Filler,0.6666666666666666,0.0,0.16666666666666666,0.16666666666666666
SAN006,Sand Paper P100 Roll,5.666666666666667,4.0,1.4166666666666667,1.4166666666666667
SAN007,Sand Paper P120 Roll,12.666666666666666,15.0,3.166666666666667,3.75
SAN008,Sand Paper P36 Roll,0.0,1.0,0.0,0.25
SAN009,Sand Paper P40 Roll,0.6666666666666666,0.0,0.16666666666666666,0.16666666666666666
SAN010,Sand Paper P60 Roll,1.0,1.0,0.25,0.25
SAN011,Sand Paper P80 Roll,2.6666666666666665,2.0,0.6666666666666666,0.6666666666666666
SAN012,Sand Truck,0.3333333333333333,0.0,0.08333333333333333,0.08333333333333333
SAN013,Sand Wheelbarrow,1.6666666666666667,0.0,0.4166666666666667,0.4166666666666667
SAN016,Sanding Disk 7,10.0,10.0,2.5,2.5
SAN017,Sand Paper Water Proof,92.0,54.0,23.0,23.0
SAN018,Sand Paper P100 Ft,210.33333333333334,77.0,52.583333333333336,52.583333333333336
SAN019,Sand Paper P120 Ft,273.6666666666667,272.0,68.41666666666667,68.41666666666667
SAN020,Sand Paper P36 Ft,17.666666666666668,23.0,4.416666666666667,5.75
SAN021,Sand Paper P40 Ft,24.0,40.0,6.0,10.0
SAN022,Sand Paper P60 Ft,36.0,10.0,9.0,9.0
SAN023,Sand Paper P80 Ft,107.66666666666667,40.0,26.91666666666667,26.91666666666667
SCR003,Scrapper 2,9.0,12.0,2.25,3.0
SCR004,Scrapper 2.5,1.3333333333333333,0.0,0.3333333333333333,0.3333333333333333
SCR005,Scrapper 3,12.666666666666666,0.0,3.166666666666667,3.166666666666667
SCR006,Scrapper 4,5.333333333333333,17.0,1.3333333333333333,4.25
SCR008,Screw Driver Combined,7.333333333333333,4.0,1.833333333333333,1.833333333333333
SCR009,Screw Driver Flat,1.6666666666666667,1.0,0.4166666666666667,0.4166666666666667
SCR011,Screw Driver Star,0.3333333333333333,2.0,0.08333333333333333,0.5
SCR025,Stanley-Screw Driver CushionGripstaBr3OxM20A0Smm,0.0,0.0,0.0,0.0
SCR026,Stanley-Screw Driver Set 6pc-magneBticO tMipA+Stester,0.3333333333333333,0.0,0.08333333333333333,0.08333333333333333
SCR027,Stanley-Screw Driver Set 8pc cushionBGOrMipAS,0.0,0.0,0.0,0.0
SCR029,Bosch Screw DriverBit-2608521039-1B0OpcMAS,0.3333333333333333,0.0,0.08333333333333333,0.08333333333333333
SEA002,Seat Cover Fitting,0.0,0.0,0.0,0.0
SEA003,Seat Cover H/G,3.6666666666666665,6.0,0.9166666666666665,1.5
SEL002,Self Tapping Screws 1.5,4.0,0.0,1.0,1.0
SEL003,Self Tapping Screws 2,5.95,0.0,1.4875,1.4875
SEL004,Counter Sank screw 2,3.3333333333333335,0.0,0.8333333333333334,0.8333333333333334
SEL005,Counter Sank screw 11/2,0.0,0.0,0.0,0.0
SEL007,Self Tapping Screws 3/4,2.3333333333333335,7.0,0.5833333333333334,1.75
SEN001,Motion Sensor,0.0,0.0,0.0,0.0
SHA001,Shallow Drain,1.6666666666666667,0.0,0.4166666666666667,0.4166666666666667
SHE001,Shears Adjustable H/G,3.3333333333333335,1.0,0.8333333333333334,0.8333333333333334
SHE002,Shears Aluminium,0.3333333333333333,0.0,0.08333333333333333,0.08333333333333333
SHE003,Shears Fixed,1.3333333333333333,1.0,0.3333333333333333,0.3333333333333333
SHE004,Shelf Bracket 10x12,2.0,17.0,0.5,4.25
SHE005,Shelf Bracket 8x10,9.666666666666666,4.0,2.4166666666666665,2.4166666666666665
SHE008,Shelf Brackets 6x8,9.333333333333334,0.0,2.3333333333333335,2.3333333333333335
SHE010,Orion Shellac Heavy 1l,2.0,0.0,0.5,0.5
SHE011,Orion Shellac Light 1/2l,5.0,0.0,1.25,1.25
SHE012,Orion Shellac Light 1l,3.0,0.0,0.75,0.75
SHE014,Orion Shellac Heavy 1/2L,1.3333333333333333,7.0,0.3333333333333333,1.75
SHO001,Shoe Tacks 1,0.6666666666666666,0.0,0.16666666666666666,0.16666666666666666
SHO002,Shoe Tacks 1/2,1.6666666666666667,1.0,0.4166666666666667,0.4166666666666667
SHO003,Shoe Tacks 3/4,3.6666666666666665,1.0,0.9166666666666665,0.9166666666666665
SHO004,Shoe Tacks 5/8,0.0,0.0,0.0,0.0
SHO005,Lirlee Arabic Shower-LR9217,1.0,2.0,0.25,0.5
SHO009,Shower Mixer,0.0,0.0,0.0,0.0
SHO014,Shower Concealed 4way,0.0,0.0,0.0,0.0
SHO015,Shower Concealed 5way,0.3333333333333333,3.0,0.08333333333333333,0.75
SID001,Side Slabs,0.0,0.0,0.0,0.0
SID003,SIDE DRAINERS,0.0,0.0,0.0,0.0
SID004,Side Flash 28G,13.333333333333334,0.0,3.3333333333333335,3.3333333333333335
SIL001,Silicon Gun,2.6666666666666665,0.0,0.6666666666666666,0.6666666666666666
SIL002,Silicon Gun Sausage,0.3333333333333333,1.0,0.08333333333333333,0.25
SIL003,Silicon Hi Tech Black,7.333333333333333,15.0,1.833333333333333,3.75
SIL004,Silicon Hi Tech Clear,33.0,45.0,8.25,11.25
SIL010,Silicon Sausage Clear,11.0,0.0,2.75,2.75
SIL011,Silicon Sausage White,4.666666666666667,0.0,1.1666666666666667,1.1666666666666667
SIL013,Silicon Tube Black,19.0,4.0,4.75,4.75
SIL014,Silicon Tube Clear,64.33333333333333,41.0,16.083333333333332,16.083333333333332
SIL015,Silicon Tube White,9.0,7.0,2.25,2.25
SIL016,Silicon Solution 5L,0.6666666666666666,8.0,0.16666666666666666,2.0
SIL017,Silicon Sausage Black,4.0,9.0,1.0,2.25
SIM001,Simba Cement,26863.333333333332,31105.0,6715.833333333332,7776.25
SIN003,Single Socket Grey,0.0,0.0,0.0,0.0
SIN004,Single Socket,1.3333333333333333,1.0,0.3333333333333333,0.3333333333333333
SIS001,Sisal Rope Big,0.0,0.0,0.0,0.0
SIS002,Sisal Rope Small,54.0,55.0,13.5,13.75
SIS003,Sisal Twine 1kg,1.0,2.0,0.25,0.5
SIS004,Sisal Twine 2kg,1.0,0.0,0.25,0.25
SLA001,Slasher,16.666666666666668,22.0,4.166666666666667,5.5
SLE001,Sledge Hammer 10lb,2.3333333333333335,0.0,0.5833333333333334,0.5833333333333334
SLE002,Sledge Hammer 12lb,0.6666666666666666,2.0,0.16666666666666666,0.5
SLE003,Sledge Hammer 14lb,0.6666666666666666,1.0,0.16666666666666666,0.25
SLE004,Sledge Hammer 6lb,1.0,1.0,0.25,0.25
SLE005,Sledge Hammer 8lb,0.6666666666666666,0.0,0.16666666666666666,0.16666666666666666
SOA003,Soap Dish Small,0.0,0.0,0.0,0.0
SOC001,Socket Double Gold,8.333333333333334,0.0,2.0833333333333335,2.0833333333333335
SOC002,Socket Single Black,11.0,2.0,2.75,2.75
SOC003,Socket Double Metal,1.0,3.0,0.25,0.75
SOC004,Socket Single Metal,1.3333333333333333,2.0,0.3333333333333333,0.5
SOC005,Socket Double Black,21.333333333333332,1.0,5.333333333333333,5.333333333333333
SOC006,Socket Double ( USB) Black,7.333333333333333,0.0,1.833333333333333,1.833333333333333
SOC007,Socket Double Grey,0.0,0.0,0.0,0.0
SOC008,Socket Single Gold,0.0,0.0,0.0,0.0
SOC009,Tronic Socket Double,7.333333333333333,2.0,1.833333333333333,1.833333333333333
SOC010,Tronic Socket Single,2.6666666666666665,2.0,0.6666666666666666,0.6666666666666666
SOC011,Tronic Socket Double-LED Gold,0.0,0.0,0.0,0.0
SOC013,Socket Double,0.6666666666666666,6.0,0.16666666666666666,1.5
SOF003,Soft Broom With Handle,26.0,17.0,6.5,6.5
SOF004,Soft Broom Without Handle,9.666666666666666,7.0,2.4166666666666665,2.4166666666666665
SPA001,Spade Imported,72.33333333333333,45.0,18.083333333333332,18.083333333333332
SPA007,Spanner Combined 17,1.0,0.0,0.25,0.25
SPA010,Spanner Fix 14x15,1.0,0.0,0.25,0.25
SPA011,Spanner Fix 16x17,0.6666666666666666,0.0,0.16666666666666666,0.16666666666666666
SPA015,Spanner Ring 12x13,2.6666666666666665,2.0,0.6666666666666666,0.6666666666666666
SPA016,Spanner Ring 14x15,2.6666666666666665,1.0,0.6666666666666666,0.6666666666666666
SPA017,Spanner Ring 16x17,1.3333333333333333,0.0,0.3333333333333333,0.3333333333333333
SPA020,Spanner Fix 6mm,0.6666666666666666,0.0,0.16666666666666666,0.16666666666666666
SPE001,Spear Medium,0.0,0.0,0.0,0.0
SPI006,Spirit Level Magnetic 10,0.6666666666666666,0.0,0.16666666666666666,0.16666666666666666
SPI007,Spirit Level Magnetic 12,1.3333333333333333,0.0,0.3333333333333333,0.3333333333333333
SPI008,Spirit Level Medium Magnetic,0.0,3.0,0.0,0.75
SPR002,Spray Paint Blue,1.0,1.0,0.25,0.25
SPR003,Spray Paint Chrome MAXIMA,0.6666666666666666,1.0,0.16666666666666666,0.25
SPR004,Spray Paint Black MAXIMA,6.666666666666667,1.0,1.6666666666666667,1.6666666666666667
SPR005,Spray Paint White- MAXIMA,7.0,2.0,1.75,1.75
SPR006,Spray Paint Gold MAXIMA,3.6666666666666665,3.0,0.9166666666666665,0.9166666666666665
SPR007,Spray Paint Matt Black,1.6666666666666667,1.0,0.4166666666666667,0.4166666666666667
SPR008,Spray Paint Red-MAXIMA,1.0,0.0,0.25,0.25
SPR009,Spray Paint Remover,0.6666666666666666,2.0,0.16666666666666666,0.5
SPR011,Spray Paint Gold,2.0,0.0,0.5,0.5
SPR015,Sprinkler Head,2.3333333333333335,0.0,0.5833333333333334,0.5833333333333334
SPR019,Spray Paint Grey MAXIMA,0.3333333333333333,0.0,0.08333333333333333,0.08333333333333333
SPR020,Spray Paint Grey,2.0,0.0,0.5,0.5
SPR021,Spray Paint Bright Gold MAXIMA,2.0,1.0,0.5,0.5
SPR022,Spray Paint Yellow MAXIMA,1.3333333333333333,0.0,0.3333333333333333,0.3333333333333333
SPR023,Spray Paint Asmaco- Matt Black,2.0,1.0,0.5,0.5
SPR024,Spray Paint Asmaco-Silver,0.0,0.0,0.0,0.0
SPR025,Sprinkler 3 arms-schneeberg,0.0,0.0,0.0,0.0
SPR027,Sprinkler Rotary,1.6666666666666667,0.0,0.4166666666666667,0.4166666666666667
SPR028,Spray Paint Maxima Bright Silver,0.0,0.0,0.0,0.0
SQ 001,Sq 10,0.0,0.0,0.0,0.0
SQU001,Squeezer,1.6666666666666667,2.0,0.4166666666666667,0.5
STA001,Stain Spirit Black,1.6666666666666667,10.0,0.4166666666666667,2.5
STA003,Stain Spirit Wallnut,0.0,1.0,0.0,0.25
STA005,Stain Water Wallnut,1.0,2.0,0.25,0.5
STA009,Standard Thinner Crown 1l,5.0,4.0,1.25,1.25
STA010,Standard Thinner Crown 5l,21.0,11.0,5.25,5.25
STA011,Standard Thinner Glory 1l,21.666666666666668,15.0,5.416666666666667,5.416666666666667
STA012,Standard Thinner Glory 5l,18.0,17.0,4.5,4.5
STA015,Star Bit,8.0,42.0,2.0,10.5
STA016,Standard Thinner Dura 5 ltrs,0.6666666666666666,0.0,0.16666666666666666,0.16666666666666666
STE001,Steel Float Trowel Yellow,1.6666666666666667,1.0,0.4166666666666667,0.4166666666666667
STE002,Steel Nails Pcs,127.0,121.0,31.75,31.75
STE003,Steel Nails Pkt 1,28.666666666666668,37.0,7.166666666666666,9.25
STE004,Steel Nails Pkt 1.5,10.333333333333334,6.0,2.5833333333333335,2.5833333333333335
STE005,Steel Nails Pkt 2,30.333333333333332,37.0,7.583333333333333,9.25
STE006,Steel Nails Pkt 2.5,13.0,22.0,3.25,5.5
STE007,Steel Nails Pkt 3,86.66666666666667,64.0,21.666666666666668,21.666666666666668
STE008,Steel Nails Pkt 4,52.666666666666664,22.0,13.166666666666664,13.166666666666664
STE010,Steel Tape 100m,0.6666666666666666,2.0,0.16666666666666666,0.5
STE011,Steel Tape 50m,0.0,1.0,0.0,0.25
STE012,Steel Trowel Rubber Handle,4.666666666666667,1.0,1.1666666666666667,1.1666666666666667
STE014,Steel Trowel Wooden Handle,0.3333333333333333,0.0,0.08333333333333333,0.08333333333333333
STE015,Steel Tape,3.3333333333333335,1.0,0.8333333333333334,0.8333333333333334
STO001,Stone 4x9,18.0,0.0,4.5,4.5
STO002,Stone 6x9,1.0,0.0,0.25,0.25
STO003,Stone 9x9,67.0,0.0,16.75,16.75
STO006,Stop Cork Cons 1/2 Cobra,10.333333333333334,4.0,2.5833333333333335,2.5833333333333335
STR003,Strip Connector 30a,5.0,1.0,1.25,1.25
STR004,Strip Connector 60a,0.0,0.0,0.0,0.0
STR005,Stronghold Parquet Crown 1kg,5.666666666666667,3.0,1.4166666666666667,1.4166666666666667
STR006,Stronghold Parquet Crown 20k,4.333333333333333,2.0,1.0833333333333333,1.0833333333333333
STR008,Stronghold Parquet Crown 4kg,9.0,3.0,2.25,2.25
STR010,Stronghold T/Adhesive 1kg,4.333333333333333,8.0,1.0833333333333333,2.0
STR011,Stronghold T/Adhesive 25k,0.0,0.0,0.0,0.0
STR012,Stronghold T/Adhesive 4kg,4.0,4.0,1.0,1.0
STR016,Strip Connector 20a,4.666666666666667,1.0,1.1666666666666667,1.1666666666666667
STY001,Styro Foam 1,10.0,10.0,2.5,2.5
STY002,Styro Foam 1/2,0.0,22.0,0.0,5.5
STY003,Styro Foam 3/4,11.0,5.0,2.75,2.75
SUP001,Super Glue Big,2.0,0.0,0.5,0.5
SUP002,Super Glue Small,9.333333333333334,26.0,2.3333333333333335,6.5
SWI001,Tronic Switch 1 Gang,5.0,3.0,1.25,1.25
SWI002,Switch 2 Gang,4.333333333333333,1.0,1.0833333333333333,1.0833333333333333
SWI003,Switch 3 Gang,0.3333333333333333,1.0,0.08333333333333333,0.25
SWI004,Switch 4 Gang Gold,0.3333333333333333,0.0,0.08333333333333333,0.08333333333333333
SWI005,Switch Box Double,195.66666666666666,295.0,48.91666666666666,73.75
SWI006,Switch Box Single,230.66666666666666,264.0,57.666666666666664,66.0
SWI007,Switch 2 Gang Black,6.333333333333333,0.0,1.5833333333333335,1.5833333333333335
SWI008,Switch 3 gang Black,4.0,0.0,1.0,1.0
SWI009,Switch 4 gang Black,1.0,0.0,0.25,0.25
SWI010,Switch 1 Gang Grey,0.0,0.0,0.0,0.0
SWI011,Switch 2 Gang Grey,0.0,0.0,0.0,0.0
SWI012,Switch 3 gang Grey,0.0,0.0,0.0,0.0
SWI013,Switch 4 Gang Grey,0.0,0.0,0.0,0.0
SWI014,Switch 1 Gang Gold,0.0,0.0,0.0,0.0
SWI015,Switch 2 Gang Gold,0.3333333333333333,0.0,0.08333333333333333,0.08333333333333333
SWI016,Switch 3 Gang Gold,0.0,0.0,0.0,0.0
T,S001 T Stoppers,9.333333333333334,0.0,2.3333333333333335,2.3333333333333335
TAC001,Taco Easycare Polish 1l,0.6666666666666666,0.0,0.16666666666666666,0.16666666666666666
TAC002,Taco Easycare Polish 5l,0.0,1.0,0.0,0.25
TAN001,Tangit 1000ml,12.666666666666666,26.0,3.166666666666667,6.5
TAN002,Tangit 100ml,12.333333333333334,8.0,3.083333333333334,3.083333333333334
TAN003,Tangit 250ml,40.333333333333336,60.0,10.083333333333334,15.0
TAN004,Tangit 500ml,62.666666666666664,71.0,15.666666666666668,17.75
TAN005,Tangit 50ml,8.0,10.0,2.0,2.5
TAN006,Tank Connector 1,2.0,0.0,0.5,0.5
TAN007,Tank Connector 1/2,0.0,1.0,0.0,0.25
TAN009,Tank Connector 3/4,3.3333333333333335,1.0,0.8333333333333334,0.8333333333333334
TAP001,Tap Garden 1/2,15.333333333333334,13.0,3.833333333333334,3.833333333333334
TAP002,Tap Garden 3/4,2.3333333333333335,2.0,0.5833333333333334,0.5833333333333334
TAP003,Tap Lockable 1/2,0.6666666666666666,1.0,0.16666666666666666,0.25
TAP004,Tap Lockable 3/4,0.6666666666666666,0.0,0.16666666666666666,0.16666666666666666
TAP007,Tap Pegler 1/2,15.0,5.0,3.75,3.75
TAP008,Tap Pegler 3/4,2.6666666666666665,2.0,0.6666666666666666,0.6666666666666666
TAP015,Tape Measure 3m,3.3333333333333335,1.0,0.8333333333333334,0.8333333333333334
TAP017,Tape Measure 5m,2.6666666666666665,2.0,0.6666666666666666,0.6666666666666666
TAP019,Tape Measure Steel 100m,1.6666666666666667,0.0,0.4166666666666667,0.4166666666666667
TAP022,Tape Measure Knicker 5M,4.0,6.0,1.0,1.5
TAP025,Tape Measure Knicker 7.5M,11.0,9.0,2.75,2.75
TEE001,Tee 1x1/8,10.333333333333334,9.0,2.5833333333333335,2.5833333333333335
TEE002,Tee 3/4x1/8,2.8333333333333335,3.0,0.7083333333333334,0.75
TEE003,Tee Door,2.6666666666666665,0.0,0.6666666666666666,0.6666666666666666
TEE004,Tee Hinges 4,4.666666666666667,16.0,1.1666666666666667,4.0
TEE005,Tee Hinges 6,0.0,22.0,0.0,5.5
TEE006,Tee Hinges 8,0.0,3.0,0.0,0.75
TER001,Terrazop Disc 4,1.3333333333333333,0.0,0.3333333333333333,0.3333333333333333
TES001,Tester Big,5.666666666666667,3.0,1.4166666666666667,1.4166666666666667
TES003,Tester Small,4.666666666666667,4.0,1.1666666666666667,1.1666666666666667
THR001,Thread Tape Small,175.0,186.0,43.75,46.5
THR002,Thread Tape Big,102.0,111.0,25.5,27.75
TIL001,Tile Adhesive Bamburi Seti,0.0,0.0,0.0,0.0
TIL006,Tile Adhesive Izomix 25kg,103.66666666666667,78.0,25.916666666666668,25.916666666666668
TIL007,Tile Adhesive Mzito Probond,60.333333333333336,251.0,15.083333333333332,62.75
TIL008,Tile Cutter,1.3333333333333333,0.0,0.3333333333333333,0.3333333333333333
TIL010,Tile Spacers 2.5mm,6.666666666666667,11.0,1.6666666666666667,2.75
TIL011,Tile Spacers 2mm,56.0,29.0,14.0,14.0
TIL012,Tile Spacers 3mm,11.0,7.0,2.75,2.75
TIL014,Tile Adhesive 1951-Kalekim 25kg,1.3333333333333333,46.0,0.3333333333333333,11.5
TIL015,Tile Adhesive 1952 White-kalekim 25BkgOMAS,51.666666666666664,79.0,12.916666666666666,19.75
TIN002,Tinsnip 10,1.0,1.0,0.25,0.25
TIN004,Tinsnip 8,1.6666666666666667,0.0,0.4166666666666667,0.4166666666666667
TIS009,Tissue Holder NEMSI Black,1.3333333333333333,1.0,0.3333333333333333,0.3333333333333333
TOI001,Toilet P-Trap,1.0,0.0,0.25,0.25
TOI004,Toilet S-Trap,0.6666666666666666,0.0,0.16666666666666666,0.16666666666666666
TOW004,Towel Holder Ring-chrome,0.3333333333333333,2.0,0.08333333333333333,0.5
TOW010,Tower Bolt China 3,0.3333333333333333,10.0,0.08333333333333333,2.5
TOW011,Tower Bolt China 4,4.666666666666667,1.0,1.1666666666666667,1.1666666666666667
TOW012,Tower Bolt China 6,6.333333333333333,6.0,1.5833333333333335,1.5833333333333335
TOW014,Padbot Blue JK,5.0,0.0,1.25,1.25
TOW016,Towel Holder -Premium square-black,0.6666666666666666,0.0,0.16666666666666666,0.16666666666666666
TRA001,Trans Africa Q35-Hm,0.3333333333333333,0.0,0.08333333333333333,0.08333333333333333
TRA004,Transafrica Sdw750,0.3333333333333333,0.0,0.08333333333333333,0.08333333333333333
TRA006,Transafrica Sub Sm5,0.0,0.0,0.0,0.0
TRA009,Transport,448.0,469.0,112.0,117.25
TRI001,Tri Square 10,0.6666666666666666,2.0,0.16666666666666666,0.5
TRI002,Tri Square 12,0.6666666666666666,0.0,0.16666666666666666,0.16666666666666666
TRI003,Tri Square 6,0.3333333333333333,1.0,0.08333333333333333,0.25
TRI004,Tri Square 8,0.3333333333333333,1.0,0.08333333333333333,0.25
TRO001,Tronic Led Fitting 4ft,0.0,0.0,0.0,0.0
TRO002,Tronic Led Tube 4ft,5.0,1.0,1.25,1.25
TRO003,Trowel China 8,2.3333333333333335,0.0,0.5833333333333334,0.5833333333333334
TRO004,Trowel China 6,1.3333333333333333,5.0,0.3333333333333333,1.25
TRO006,Trowel Jk Big,2.3333333333333335,0.0,0.5833333333333334,0.5833333333333334
TRO007,Trowel Jk Medium,1.6666666666666667,0.0,0.4166666666666667,0.4166666666666667
TRO008,Trowel Jk Small,0.3333333333333333,0.0,0.08333333333333333,0.08333333333333333
TRO010,Tronic Led Fitting 2ft,4.0,1.0,1.0,1.0
TRO011,Tronic Led Tube 2ft,4.0,1.0,1.0,1.0
TRO012,Trolley,0.0,0.0,0.0,0.0
TUB001,Tube 1/2x1/2x16g,1.6666666666666667,0.0,0.4166666666666667,0.4166666666666667
TUB002,Tube 11/2x11/2x14g,0.6666666666666666,0.0,0.16666666666666666,0.16666666666666666
TUB003,Tube 11/2x11/2x16g,62.333333333333336,90.0,15.583333333333334,22.5
TUB004,Tube 11/2x11/2x18g(0.8mm),18.333333333333332,24.0,4.583333333333333,6.0
TUB006,Tube 11/2x1x16g,48.0,58.5,12.0,14.625
TUB007,Tube 11/2x1x18g,44.0,19.0,11.0,11.0
TUB008,Tube 11/4x11/4x16g,9.333333333333334,18.0,2.3333333333333335,4.5
TUB009,Tube 11/4x11/4x18g,7.333333333333333,3.0,1.833333333333333,1.833333333333333
TUB011,Tube 1x1x16g,121.66666666666667,111.5,30.416666666666668,30.416666666666668
TUB012,Tube 1x1x18g,44.0,13.0,11.0,11.0
TUB013,Tube 2x1x14g,50.0,0.0,12.5,12.5
TUB014,Tube 2x1x16g,32.166666666666664,49.5,8.041666666666666,12.375
TUB015,Tube 2x1x18g,27.833333333333332,0.0,6.958333333333332,6.958333333333332
TUB018,Tube 2x2x16g,75.33333333333333,61.0,18.833333333333332,18.833333333333332
TUB019,Tube 2x2x18g,17.5,14.0,4.375,4.375
TUB020,Tube 3/4x3/4x16g,42.333333333333336,52.5,10.583333333333334,13.125
TUB021,Tube 3/4x3/4x18g(0.8mm),35.333333333333336,16.0,8.833333333333334,8.833333333333334
TUB022,Tube 3x2X2mm,21.333333333333332,10.0,5.333333333333333,5.333333333333333
TUB023,Tube 3x2x2.5mm,3.0,0.5,0.75,0.75
TUB024,Tube 3x2x3mm,1.5,1.0,0.375,0.375
TUB026,Tube 3x3x2.5mm,2.3333333333333335,1.0,0.5833333333333334,0.5833333333333334
TUB028,Tube 3x3x3mm,1.3333333333333333,7.0,0.3333333333333333,1.75
TUB029,Tube 3x3x4mm,11.666666666666666,0.0,2.9166666666666665,2.9166666666666665
TUB033,Tube 4x2x3mm,3.3333333333333335,0.0,0.8333333333333334,0.8333333333333334
TUB035,Tube 4x4x2.5mm,1.3333333333333333,0.0,0.3333333333333333,0.3333333333333333
TUB036,Tube 4x4x3mm,2.6666666666666665,0.0,0.6666666666666666,0.6666666666666666
TUB040,Tube 4x2x4mm,10.0,0.0,2.5,2.5
TUB041,Tube 11/2x11/2x3mm,0.3333333333333333,18.0,0.08333333333333333,4.5
TUB042,Tube 6x4x3mm,0.0,3.0,0.0,0.75
TUB045,Tube 2x2x1.2mm,6.666666666666667,2.0,1.6666666666666667,1.6666666666666667
TUB046,Tube 4x4x4mm,0.0,4.0,0.0,1.0
TUR001,Turpentine Glory 1l,12.333333333333334,5.0,3.083333333333334,3.083333333333334
TUR002,Turpentine Glory 5l,2.3333333333333335,12.0,0.5833333333333334,3.0
TYR001,Stanley-Tyre Repair Kit,0.0,0.0,0.0,0.0
UND001,Undertaker 100ml,2.0,1.0,0.5,0.5
UND002,Undertaker 1l,31.666666666666668,21.0,7.916666666666666,7.916666666666666
UND003,Undertaker 250ml,3.3333333333333335,0.0,0.8333333333333334,0.8333333333333334
URI001,Urinal Bowl,0.0,0.0,0.0,0.0
URI002,Urinal Flash Valve,0.0,0.0,0.0,0.0
USP001,Uspro Foam Premium 750ml,23.666666666666668,0.0,5.916666666666667,5.916666666666667
USP002,Uspro Foam Economy 750ml,11.333333333333334,0.0,2.8333333333333335,2.8333333333333335
USP003,USPRO Foam DLG,7.0,6.0,1.75,1.75
USP004,USPRO Foam Sista,0.6666666666666666,31.0,0.16666666666666666,7.75
UVE001,Iron strips U VENT,10.0,0.0,2.5,2.5
VAL002,Valve Socket 1,0.0,0.0,0.0,0.0
VAL004,Valve Socket 11/2,0.0,0.0,0.0,0.0
VAL009,Valley 28G,0.6666666666666666,0.0,0.16666666666666666,0.16666666666666666
WAL001,Wall Coping 12,0.0,10.0,0.0,2.5
WAL003,Wall Nut Spirit,1.0,3.0,0.25,0.75
WAL004,Wall Nut Water,1.0,3.0,0.25,0.75
WAL006,Wall Pass,30.666666666666668,6.0,7.666666666666668,7.666666666666668
WAL007,Wall Plug 10mm,2.0,0.0,0.5,0.5
WAL008,Wall Plug 12mm,1.6666666666666667,0.0,0.4166666666666667,0.4166666666666667
WAL009,Wall Plug 6mm,11.666666666666666,5.0,2.9166666666666665,2.9166666666666665
WAL010,Wall Plug 8mm,9.333333333333334,9.0,2.3333333333333335,2.3333333333333335
WAL011,Wall Plug Pcs,18.666666666666668,24.0,4.666666666666667,6.0
WAL014,Wall Tap Short Neck,1.3333333333333333,6.0,0.3333333333333333,1.5
WAL015,Wall Tap Long Neck,4.333333333333333,3.0,1.0833333333333333,1.0833333333333333
WAL016,Wall Tap Sprout 1/2,0.3333333333333333,0.0,0.08333333333333333,0.08333333333333333
WAR001,Warning Tape Red,7.0,1.0,1.75,1.75
WAS003,Wash Hand Basin 18x12,0.6666666666666666,1.0,0.16666666666666666,0.25
WAS006,Wash Hand Basin Corner,0.0,0.0,0.0,0.0
WAS009,Washers Metal Small,7.666666666666667,55.0,1.916666666666667,13.75
WAT001,Tronic Water Heater Switch 20A,5.333333333333333,0.0,1.3333333333333333,1.3333333333333333
WAT002,Water Heater Switch 45a Gold,3.6666666666666665,0.0,0.9166666666666665,0.9166666666666665
WAT003,Water Meter Davis 1/2,0.3333333333333333,0.0,0.08333333333333333,0.08333333333333333
WAT005,Water Meter Kent 1/2,0.0,0.0,0.0,0.0
WAT006,Water Meter Kent 3/4,0.0,0.0,0.0,0.0
WAT007,Watering Can,0.6666666666666666,0.0,0.16666666666666666,0.16666666666666666
WAT010,Waterproof Mzito Powder,26.333333333333332,4.0,6.583333333333332,6.583333333333332
WAT013,Waterproof Sikalite,188.0,232.0,47.0,58.0
WAT014,Waterproof Sikalite 25l-plastocrete,5.333333333333333,9.0,1.3333333333333333,2.25
WAT015,Waterproof Socket Single,1.0,0.0,0.25,0.25
WAT016,Tronic Waterproof Socket Twin,0.6666666666666666,2.0,0.16666666666666666,0.5
WAT017,Waterproof Switch,0.0,0.0,0.0,0.0
WAT023,Waterpump Dayliff 1HP,0.0,1.0,0.0,0.25
WAT026,Cooker Socket Grey,0.0,0.0,0.0,0.0
WAT027,Water Heater 45aGrey,0.0,0.0,0.0,0.0
WAT028,Water Heater Switch 45A,3.6666666666666665,5.0,0.9166666666666665,1.25
WAT029,Water Heater Switch 45A Black,2.0,2.0,0.5,0.5
WD4002,Wd40 250ml,1.3333333333333333,2.0,0.3333333333333333,0.5
WD4003,Wd40 500ml,0.3333333333333333,0.0,0.08333333333333333,0.08333333333333333
WEL002,Welding Glass,1.0,2.0,0.25,0.5
WEL004,Welding Googles,2.6666666666666665,0.0,0.6666666666666666,0.6666666666666666
WEL005,Welding Holder,1.0,0.0,0.25,0.25
WEL009,Welding Rods Simba,281.9166666666667,319.5,70.47916666666667,79.875
WHE003,Wheelbarrow H/G,8.0,14.0,2.0,3.5
WHE004,Wheelbarrow M/G,0.0,1.0,0.0,0.25
WHE005,Wheelbarrow Super H/G,10.333333333333334,15.0,2.5833333333333335,3.75
WHE007,Wheelbarrow Wheel Big,3.0,0.0,0.75,0.75
WHE009,Wheelbarrow Wheel Tuktuk,6.0,0.0,1.5,1.5
WHI001,White Cement 1kg,1.6666666666666667,0.0,0.4166666666666667,0.4166666666666667
WHI003,White Cement 40kg (52.5N),10.333333333333334,1.0,2.5833333333333335,2.5833333333333335
WHI005,White Spirit 5l Glory,43.666666666666664,34.0,10.916666666666666,10.916666666666666
WHI006,White Spirit Crown 1l,7.0,24.0,1.75,6.0
WHI007,White Spirit Crown 5l,24.0,36.0,6.0,9.0
WHI008,White Spirit Glory 1l,47.666666666666664,38.0,11.916666666666666,11.916666666666666
WIN001,Window Fastener,55.333333333333336,30.0,13.833333333333336,13.833333333333336
WIN003,Window Handle,18.0,0.0,4.5,4.5
WIN004,Window Fastener Kent,31.666666666666668,13.0,7.916666666666666,7.916666666666666
WIN005,Window Stay,64.0,14.0,16.0,16.0
WIN007,Window Stay Kent,30.0,18.0,7.5,7.5
WIN008,Drawer Handle Silver 8,1.0,10.0,0.25,2.5
WIN009,Drawer Handle Gold 8,4.0,0.0,1.0,1.0
WIN010,Drawer Handle Grey 8,10.0,0.0,2.5,2.5
WIR001,Wire Brush,61.666666666666664,111.0,15.416666666666664,27.75
WIR002,Wire Mesh H/G,44.666666666666664,33.0,11.166666666666666,11.166666666666666
WIR003,Wire Mesh L/G,0.3333333333333333,0.0,0.08333333333333333,0.08333333333333333
WIR004,Wire Mesh M/G,76.0,81.0,19.0,20.25
WOO003,Wood Chisel 1/2,3.6666666666666665,0.0,0.9166666666666665,0.9166666666666665
WOO006,Wood Filla Mahogany,10.0,3.0,2.5,2.5
WOO007,Wood Filla Pine,3.6666666666666665,5.0,0.9166666666666665,1.25
WOO008,Wood Screw Assorted,248.0,4.0,62.0,62.0
WOO009,Wood Screw Pkt 1,0.16666666666666666,0.0,0.041666666666666664,0.041666666666666664
WOO010,Wood Screw Pkt 1.5,0.3333333333333333,0.0,0.08333333333333333,0.08333333333333333
WOO012,Wood Screw Pkt 2.5,0.0,0.0,0.0,0.0
WOO016,Wood preservative Black 20l,1.3333333333333333,0.0,0.3333333333333333,0.3333333333333333
WOO017,Wood preservative Black 5l,0.3333333333333333,0.0,0.08333333333333333,0.08333333333333333
WOO018,Wood preservative Green 20l,3.0,0.0,0.75,0.75
WOO019,Wood preservative Green 5l,1.3333333333333333,2.0,0.3333333333333333,0.5
WOO020,Wood Chisel 3/4,2.3333333333333335,0.0,0.5833333333333334,0.5833333333333334
YEL001,Yellow Oxide 1kg,1.3333333333333333,0.0,0.3333333333333333,0.3333333333333333
ZED001,Zed 1,5.333333333333333,13.0,1.3333333333333333,3.25
ZED002,Zed 3/4,7.666666666666667,8.0,1.916666666666667,2.0
ZED003,Zed Stopper,5.0,0.0,1.25,1.25
ZVE001,Irn strips Z VENT,0.0,1.0,0.0,0.25
