Inventory Sales Analysis,,,,,,,,,,,,,,,,,,,,,,,
PANNJU AGENCIES COMPANY LIMITED,,,,,,,,,,,,,,,,,,,,,,,
5-Jan-26,,,,,,,,,,,,,,,,,,,,,,,
30-Jun-26,,,,,,,,,,,,,,,,,,,,,,,
Inventory Sales Analysis,,,,,,,,Page 1 of 36,,,,,,,,,,,,,,,
,,,Amount (VAT,,Amount (VAT,,,,,,,,,,,,,,,,,,
Item Code,Item Description,Reference,,Quantity,Cost,Profit,Profit %,Markup %,,,,,,,,,,,,,,,
Linked Account:,,,,,0,,,,,,,,,,,,,,,,,,
1GA001,Switch 1 Gang  Black,PACLINV0038043,,"3,413.79","2,738.46",675.33,19.78,,,,,,,,,,,,,,,,
ADA001,Adaptor Box 100x100x70,PACLINV0057058,,"6,681.04","2,926.55","3,754.49",56.20,,,,,,,,,,,,,,,,
ADA002,Adaptor Box 150x150x70,PACLINV0060672,,"2,655.19","1,908.74",746.45,28.11,,,,,,,,,,,,,,,,
ADA003,Adaptor Box 200x200x80,PACLINV0057706,,"2,758.62","1,989.27",769.35,27.89,,,,,,,,,,,,,,,,
ADA005,Adaptor Box 255x200x80mm,PACLINV0035198,,431.03,291.00,140.03,32.49,,,,,,,,,,,,,,,,
ADA006,Adaptor Box 300x250x120mm,PACLINV0057801,,"15,103.46","10,646.46","4,457.00",29.51,,,,,,,,,,,,,,,,
ALL001,Allan Key Big,PACLINV0060939,,"7,181.01","3,892.54","3,288.47",45.79,,,,,,,,,,,,,,,,
ALL003,Stanley-Alluminium Level12'(300mm)Antichoc,PACLINV0032310,,"3,413.79","3,352.50",61.29,1.80,,,,,,,,,,,,,,,,
ALL004,Stanley-Alluminium Level 24''(600mm) -(b-10),PACLINV0051533,,"3,793.10","3,307.50",485.60,12.80,,,,,,,,,,,,,,,,
ANG001,Angle Brackets,PACLINV0033348,,"1,758.62",905.10,853.52,48.53,,,,,,,,,,,,,,,,
ANG002,Angle Line 11/2x1/4,PACLINV0057134,,"47,952.59","40,018.06","7,934.53",16.55,,,,,,,,,,,,,,,,
ANG003,Angle Line 11/2x1/8,PACLINV0059003,,"96,551.72","75,284.87","21,266.85",22.03,,,,,,,,,,,,,,,,
ANG004,Angle Line 11/2x3/16,PACLINV0056544,,"24,482.76","21,696.03","2,786.73",11.38,,,,,,,,,,,,,,,,
ANG005,Angle Line 1x1/8,PACLINV0060348,,"39,465.51","31,017.06","8,448.45",21.41,,,,,,,,,,,,,,,,
ANG006,Angle Line 2x1/4,PACLINV0044274,,"24,956.90","21,605.61","3,351.29",13.43,,,,,,,,,,,,,,,,
ANG008,Angle Line 2x3/16,PACLINV0057242,,"30,732.76","26,896.48","3,836.28",12.48,,,,,,,,,,,,,,,,
ANG009,Angle Line 3/4x1/8,PACLINV0055658,,"38,642.24","30,172.75","8,469.49",21.92,,,,,,,,,,,,,,,,
ANG011,Angle Valve 1/2turn,PACLINV0056589,,"62,439.60","24,631.89","37,807.71",60.55,,,,,,,,,,,,,,,,
ANG012,Angle Valve 2way,PACLINV0057854,,"4,086.21","2,607.79","1,478.42",36.18,,,,,,,,,,,,,,,,
ANG014,Angle Valve 1/2turn lirlee,PACLINV0057822,,"10,275.86","5,896.46","4,379.40",42.62,,,,,,,,,,,,,,,,
AQU001,C/S/G Aqua Gloss Deep 4l,PACLINV0057746,,"5,258.62","4,598.28",660.34,12.56,,,,,,,,,,,,,,,,
ARA001,Lirlee Arabic Shower-LR9202,PACLINV0058656,,"19,857.77","15,695.66","4,162.11",20.96,,,,,,,,,,,,,,,,
ARA003,Araldite Glue,PACLINV0060720,,"6,655.18","2,565.69","4,089.49",61.45,,,,,,,,,,,,,,,,
ART001,Artist Brush Pkts,PACLINV0049043,,607.76,365.46,242.30,39.87,,,,,,,,,,,,,,,,
ASI002,Asian Toilet,PACLCRN0002571,,"1,551.73","1,250.11",301.62,19.44,,,,,,,,,,,,,,,,
AXE001,Axe 2.5LB,PACLINV0058319,,"1,594.83","1,189.65",405.18,25.41,,,,,,,,,,,,,,,,
AXE003,Axe 3.5LB,PACLINV0060500,,"5,603.47","4,267.26","1,336.21",23.85,,,,,,,,,,,,,,,,
AXE004,Axe 3LB,PACLINV0057214,,"6,818.95","5,379.36","1,439.59",21.11,,,,,,,,,,,,,,,,
BAL004,Ball Cork 1,PACLINV0042869,,"3,206.90","2,266.00",940.90,29.34,,,,,,,,,,,,,,,,
BAL005,Ball Cork 1/2,PACLINV0059656,,801.72,448.28,353.44,44.09,,,,,,,,,,,,,,,,
BAL010,Ball Fitting Bulb,PACLINV0042431,,"1,594.83","1,106.08",488.75,30.65,,,,,,,,,,,,,,,,
BAL011,Ball Valve 1 Pegler,PACLINV0058995,,"16,896.57","13,594.19","3,302.38",19.54,,,,,,,,,,,,,,,,
BAL012,Ball Valve 1/2 Pegler,PACLINV0056613,,"6,288.76","4,879.04","1,409.72",22.42,,,,,,,,,,,,,,,,
BAL014,Ball Valve 3/4  Pegler,PACLINV0057965,,"38,638.02","31,942.39","6,695.63",17.33,,,,,,,,,,,,,,,,
BAL015,Ballast Dust Tonnes,PACLINV0032255,,"7,758.62","7,758.60",0.02,0.00,,,,,,,,,,,,,,,,
BAL016,Ballast Dust Truck,PACLINV0031523,,"50,862.07","46,982.76","3,879.31",7.63,,,,,,,,,,,,,,,,
BAL022,Ballast Truck,PACLINV0034161,,"25,862.07","23,275.86","2,586.21",10.00,,,,,,,,,,,,,,,,
BAL024,Ball Valve 11/4 pegler,PACLINV0054294,,"13,224.14","12,155.16","1,068.98",8.08,,,,,,,,,,,,,,,,
BAL025,Ball Cork 3/4,PACLINV0058897,,"9,185.36","6,558.89","2,626.47",28.59,,,,,,,,,,,,,,,,
BAL026,Ball Valve 3/4-Lirlee,PACLINV0030137,,775.86,676.05,99.81,12.86,,,,,,,,,,,,,,,,
BAM001,Bamburi Fundi,PACLINV0053359,,"26,206.90","25,172.40","1,034.50",3.95,,,,,,,,,,,,,,,,
BAM002,Bamburi Nguvu,PACLINV0056856,,"1,045,107.72","976,638.95","68,468.77",6.55,,,,,,,,,,,,,,,,
BAM004,Bamburi Powermax,PACLINV0055437,,"353,232.75","315,344.60","37,888.15",10.73,,,,,,,,,,,,,,,,
BAM005,Bamburi Tembo,PACLINV0060463,,"15,629,517.26","14,655,284.13","974,233.13",6.23,,,,,,,,,,,,,,,,
Inventory Sales Analysis,,,,,,,,,,,Page 2 of 36,,,,,,,,,,,,
,,,Amount (VAT,,,Amount (VAT,,,,,,,,,,,,,,,,,
Item Code,Item Description,Reference,,,Quantity,Cost,,,Profit,Profit %,Markup %,,,,,,,,,,,,
Linked Account:,,,,,,0,,,,,,,,,,,,,,,,,
BAR001,Barbed Wire 480m,PACLINV0052291,,,"20,258.62","16,229.89",,,"4,028.73",19.89,,,,,,,,,,,,,
BAR002,Barbed Wire 610m,PACLINV0042890,,,"31,728.45","27,033.70",,,"4,694.75",14.80,,,,,,,,,,,,,
BAR003,Barbed Wire 610m-Tej,PACLINV0039439,,,"67,758.62","64,482.70",,,"3,275.92",4.83,,,,,,,,,,,,,
BAS003,Basco Primer Grey 1l,PACLINV0051598,,,"5,862.08","4,103.46",,,"1,758.62",30.00,,,,,,,,,,,,,
BAS004,Basco Primer Grey 4l,PACLINV0059863,,,"16,034.47","12,364.56",,,"3,669.91",22.89,,,,,,,,,,,,,
BAS007,Basco Sanding Sealer 1l,PACLINV0038040,,,689.66,514.66,,,175.00,25.37,,,,,,,,,,,,,
BAS009,Basco Silver Almn 1l,PACLINV0057227,,,"3,405.17","2,068.98",,,"1,336.19",39.24,,,,,,,,,,,,,
BAS011,Base Aquagloss 1 4l,PACLINV0052694,,,"9,224.14","8,953.44",,,270.70,2.93,,,,,,,,,,,,,
BAS017,Base Sg Red 1l,PACLINV0053525,,,"2,068.97","1,234.48",,,834.49,40.33,,,,,,,,,,,,,
BAS018,Base Sg Red 4l,PACLINV0031154,,,"2,931.03","2,344.83",,,586.20,20.00,,,,,,,,,,,,,
BAS019,Base Sg1 1l,PACLINV0060307,,,"11,974.14","9,047.18",,,"2,926.96",24.44,,,,,,,,,,,,,
BAS020,Base Sg1 4l,PACLCRN0002869,,,"28,232.75","24,656.15",,,"3,576.60",12.67,,,,,,,,,,,,,
BAS021,Base Sg2 1l,PACLINV0060295,,,"4,310.35","2,797.65",,,"1,512.70",35.09,,,,,,,,,,,,,
BAS022,Base Sg2 4l,PACLINV0046061,,,"20,517.24","17,063.76",,,"3,453.48",16.83,,,,,,,,,,,,,
BAS023,Base Sg3 1l,PACLINV0050685,,,"1,724.14","1,027.68",,,696.46,40.39,,,,,,,,,,,,,
BAS024,Base Sg3 4l,PACLINV0051286,,,"5,344.83","3,738.92",,,"1,605.91",30.05,,,,,,,,,,,,,
BAS025,Base Sg4 1l,PACLINV0058781,,,"4,310.35","2,196.75",,,"2,113.60",49.04,,,,,,,,,,,,,
BAS026,Base Sg4 4l,PACLINV0042913,,,"7,758.62","4,992.33",,,"2,766.29",35.65,,,,,,,,,,,,,
BAS027,Base Sg5 1l,PACLINV0052826,,,"8,922.42","4,052.80",,,"4,869.62",54.58,,,,,,,,,,,,,
BAS028,Base Sg5 4l,PACLINV0061062,,,"16,465.52","9,610.28",,,"6,855.24",41.63,,,,,,,,,,,,,
BAS029,Base Sg6 1l,PACLINV0050484,,,862.07,419.23,,,442.84,51.37,,,,,,,,,,,,,
BAS030,Base Sg6 4l,PACLINV0053124,,,"12,413.79","7,625.85",,,"4,787.94",38.57,,,,,,,,,,,,,
BAS031,Base Sgylw 1l,PACLINV0038567,,,"2,672.41","1,502.55",,,"1,169.86",43.78,,,,,,,,,,,,,
BAS032,Base Sgylw 4l,PACLINV0059405,,,"13,706.90","9,756.00",,,"3,950.90",28.82,,,,,,,,,,,,,
BAS033,Base Silicon 1 Ext 4l,PACLINV0052879,,,"15,517.25","13,547.50",,,"1,969.75",12.69,,,,,,,,,,,,,
BAS034,Base Silicon 2 Ext 4l,PACLINV0051873,,,"7,758.62","6,604.41",,,"1,154.21",14.88,,,,,,,,,,,,,
BAS035,Base Silicon Ext 1 1l,PACLINV0058098,,,"2,500.00","1,764.18",,,735.82,29.43,,,,,,,,,,,,,
BAS036,Base Silicon Ext 2 1l,PACLINV0055758,,,862.07,571.29,,,290.78,33.73,,,,,,,,,,,,,
BAS037,Base Silicon Ext 3 1l,PACLINV0044956,,,"1,724.14","1,117.24",,,606.90,35.20,,,,,,,,,,,,,
BAS039,Base Vm Yox 1l,PACLINV0060269,,,775.86,355.17,,,420.69,54.22,,,,,,,,,,,,,
BAS041,Base Vm1 1l,PACLINV0060295,,,"37,491.39","26,785.42",,,"10,705.97",28.56,,,,,,,,,,,,,
BAS042,Base Vm1 20l,PACLINV0030465,,,"18,965.52","17,904.68",,,"1,060.84",5.59,,,,,,,,,,,,,
BAS043,Base Vm1 4l,PACLINV0042168,,,"27,467.27","21,337.32",,,"6,129.95",22.32,,,,,,,,,,,,,
BAS044,Base Vm2 1l,PACLINV0058899,,,"6,637.93","4,162.50",,,"2,475.43",37.29,,,,,,,,,,,,,
BAS046,Base Vm2 4l,PACLINV0046061,,,"4,827.58","3,528.00",,,"1,299.58",26.92,,,,,,,,,,,,,
BAS047,Base Vm3 1l,PACLINV0056821,,,"1,465.52",751.08,,,714.44,48.75,,,,,,,,,,,,,
BAS048,Base Vm3 4l,PACLINV0048902,,,"4,655.17","3,881.04",,,774.13,16.63,,,,,,,,,,,,,
BAS049,Base Vm4 1l,PACLINV0058781,,,"6,939.66","2,860.11",,,"4,079.55",58.79,,,,,,,,,,,,,
BAS050,Base Vm4 4l,PACLINV0045587,,,"2,413.79","1,134.48",,,"1,279.31",53.00,,,,,,,,,,,,,
BAS051,Base Vm5 1l,PACLINV0054158,,,"2,456.90","1,078.08",,,"1,378.82",56.12,,,,,,,,,,,,,
BAS053,Base Vmylw 1l,PACLINV0030280,,,862.07,406.39,,,455.68,52.86,,,,,,,,,,,,,
BAS055,Base Vs1 1l,PACLINV0047493,,,"8,103.45","5,698.24",,,"2,405.21",29.68,,,,,,,,,,,,,
BAS056,Base Vs1 20l,PACLINV0052256,,,"134,310.34","117,213.69",,,"17,096.65",12.73,,,,,,,,,,,,,
BAS057,Base Vs1 4l,PACLINV0061125,,,"143,103.45","118,085.06",,,"25,018.39",17.48,,,,,,,,,,,,,
BAS058,Base Vs2 1l,PACLINV0053621,,,"3,189.65","1,975.68",,,"1,213.97",38.06,,,,,,,,,,,,,
BAS059,Base Vs2 20l,PACLINV0052256,,,"11,206.90","9,643.52",,,"1,563.38",13.95,,,,,,,,,,,,,
BAS060,Base Vs2 4l,PACLINV0043052,,,"9,482.76","7,422.16",,,"2,060.60",21.73,,,,,,,,,,,,,
BAS061,Base Vs3 4l,PACLINV0053540,,,"12,327.58","9,583.00",,,"2,744.58",22.26,,,,,,,,,,,,,
BAS064,Base Vs4 4l,PACLINV0047992,,,"2,500.00","1,429.49",,,"1,070.51",42.82,,,,,,,,,,,,,
BAS065,Base Vs5 1l,PACLINV0042595,,,775.86,462.93,,,312.93,40.33,,,,,,,,,,,,,
Inventory Sales Analysis,,,,,,,,,,,,,,Page 3 of 36,,,,,,,,,
,,,Amount (VAT,,,Amount (VAT,,,,,,,,,,,,,,,,,
Item Code,Item Description,Reference,,,Quantity,Cost,,,Profit,Profit %,,,,Markup %,,,,,,,,,
Linked Account:,,,,,,0,,,,,,,,,,,,,,,,,
BAS067,Basin & Pedestal,PACLINV0059137,,,"25,431.03","18,758.96",,,"6,672.07",26.24,,,,,,,,,,,,,
BAS069,Basin Mixer Sprout,PACLINV0033334,,,"1,724.14","1,379.31",,,344.83,20.00,,,,,,,,,,,,,
BAS070,Basin Screw Small,PACLINV0052552,,,"1,870.69",735.96,,,"1,134.73",60.66,,,,,,,,,,,,,
BAS073,Base Silicon Ext 3 4 Ll,PACLINV0031337,,,"15,603.45","12,489.12",,,"3,114.33",19.96,,,,,,,,,,,,,
BAS076,Base VSYLW 4l,PACLINV0051434,,,"2,758.62","2,077.68",,,680.94,24.68,,,,,,,,,,,,,
BAS077,Basin Screw Big,PACLINV0057502,,,"2,827.58","1,146.46",,,"1,681.12",59.45,,,,,,,,,,,,,
BAS078,Base Silicon Ext3 -20 L,PACLCRN0002892,,,"37,500.00","31,612.49",,,"5,887.51",15.70,,,,,,,,,,,,,
BED003,Bed Bolts 5,PACLINV0057813,,,655.18,248.32,,,406.86,62.10,,,,,,,,,,,,,
BED004,Bed Bolts 6,PACLINV0045194,,,620.69,256.62,,,364.07,58.66,,,,,,,,,,,,,
BIN001,Binding Wire 1kg,PACLINV0060443,,,"87,758.68","60,948.45",,,"26,810.23",30.55,,,,,,,,,,,,,
BIN002,Binding Wire 17kg,PACLINV0034970,,,"317,500.04","265,378.00",,,"52,122.04",16.42,,,,,,,,,,,,,
BIN003,Binding Wire 23kg,PACLINV0041681,,,"188,749.98","160,732.32",,,"28,017.66",14.84,,,,,,,,,,,,,
BIN005,Binding Wire 15KG,PACLINV0058230,,,"2,922,242.28","2,581,220.45",,,"341,021.83",11.67,,,,,,,,,,,,,
BLA001,Black Oxide,PACLINV0045496,,,"5,129.30","2,389.07",,,"2,740.23",53.42,,,,,,,,,,,,,
BLA002,Black Pipe 1,PACLINV0058334,,,"3,211.20","2,720.50",,,490.70,15.28,,,,,,,,,,,,,
BLA003,Black Pipe 11/2,PACLINV0051677,,,"13,879.31","11,913.78",,,"1,965.53",14.16,,,,,,,,,,,,,
BLA004,Black Pipe 11/4,PACLINV0060440,,,"7,715.52","6,732.75",,,982.77,12.74,,,,,,,,,,,,,
BLA005,Black Pipe 2,PACLINV0030813,,,"9,482.76","8,630.04",,,852.72,8.99,,,,,,,,,,,,,
BLA007,Black Pipe 3/4,PACLINV0059529,,,"3,297.42","2,647.01",,,650.41,19.72,,,,,,,,,,,,,
BLA008,Black Pipe 4,PACLINV0038694,,,"44,784.48","39,085.41",,,"5,699.07",12.73,,,,,,,,,,,,,
BLA010,Black Sheet 8x4x1.35mm,PACLINV0056755,,,"156,392.25","136,618.76",,,"19,773.49",12.64,,,,,,,,,,,,,
BLA011,Black Sheet 8x4x0.8mm,PACLINV0060934,,,"89,810.37","73,605.21",,,"16,205.16",18.04,,,,,,,,,,,,,
BLA016,Blanking Cover Double,PACLINV0060456,,,872.41,574.36,,,298.05,34.16,,,,,,,,,,,,,
BLA017,Blanking Cover Single,PACLINV0059559,,,"1,192.23",543.06,,,649.17,54.45,,,,,,,,,,,,,
BLA018,Black Pipe 1/2,PACLINV0042481,,,"13,793.10","8,935.20",,,"4,857.90",35.22,,,,,,,,,,,,,
BLO001,Blockboard 1,PACLINV0048080,,,"9,956.90","8,922.42",,,"1,034.48",10.39,,,,,,,,,,,,,
BLO002,Blockboard 3/4,PACLINV0042073,,,"156,387.93","137,284.65",,,"19,103.28",12.22,,,,,,,,,,,,,
BOD007,Bodyfiller 1/2kg,PACLINV0057430,,,"7,896.53","5,433.44",,,"2,463.09",31.19,,,,,,,,,,,,,
BOD008,Bodyfiller 1kg,PACLINV0060016,,,"10,215.52","7,156.31",,,"3,059.21",29.95,,,,,,,,,,,,,
BOD009,Body filler 2.5kg,PACLINV0060657,,,"25,043.09","17,127.69",,,"7,915.40",31.61,,,,,,,,,,,,,
BOD010,Bodyfiller 4.5kg neo,PACLINV0058469,,,"46,586.18","35,873.18",,,"10,713.00",23.00,,,,,,,,,,,,,
BOL004,Bolt & Nut 10x3,PACLINV0045218,,,267.25,155.16,,,112.09,41.94,,,,,,,,,,,,,
BOL012,Bolt & Nut No 22,PACLINV0055730,,,"1,124.99",879.24,,,245.75,21.84,,,,,,,,,,,,,
BOS001,Boss White 200g,PACLINV0056064,,,"3,327.60","1,528.00",,,"1,799.60",54.08,,,,,,,,,,,,,
BOS002,Boss White 400g,PACLINV0059763,,,"3,659.48","1,897.16",,,"1,762.32",48.16,,,,,,,,,,,,,
BOS003,Bosch cutting Slim 4-2608619383,PACLINV0046507,,,"2,064.66","1,595.10",,,469.56,22.74,,,,,,,,,,,,,
BOS004,Bosch Grinding 7,PACLINV0045446,,,"3,762.92","2,646.00",,,"1,116.92",29.68,,,,,,,,,,,,,
BOS005,Bosch Grinding 4,PACLINV0055741,,,"2,049.15","1,395.00",,,654.15,31.92,,,,,,,,,,,,,
BOS006,Bosch Grinding 9,PACLCRN0002381,,,"2,965.52","2,400.00",,,565.52,19.07,,,,,,,,,,,,,
BOS007,Bosch Cutting Slim 9,PACLINV0052541,,,"6,573.26","5,324.00",,,"1,249.26",19.01,,,,,,,,,,,,,
BOS008,Bosch Circular Saw Blade7 40T,PACLINV0057800,,,"4,797.41","4,107.00",,,690.41,14.39,,,,,,,,,,,,,
BOS009,Bosch Circular Saw Blade 7 60T,PACLINV0058895,,,"4,827.58","4,404.00",,,423.58,8.77,,,,,,,,,,,,,
BOS010,Bosch Circular Saw Blade 9 40T,PACLINV0048314,,,"4,224.14","3,522.00",,,702.14,16.62,,,,,,,,,,,,,
BOS011,Bosch Circular Saw Blade 9 60T,PACLINV0044570,,,"4,482.76","4,304.00",,,178.76,3.99,,,,,,,,,,,,,
BOS012,Bosch Circular Saw Blade 10 60T,PACLINV0054548,,,"1,206.90","2,348.00",,,"-1,141.10",-94.55,,,,,,,,,,,,,
BOS013,Bosch Flap Disc 4 P60,PACLINV0029213,,,215.52,157.00,,,58.52,27.15,,,,,,,,,,,,,
BOS016,Bosch Cutting Diamond 4-2608615027,PACLINV0046413,,,"5,702.60","5,020.00",,,682.60,11.97,,,,,,,,,,,,,
BOS017,Bosch Cutting Diamond 9,PACLINV0050197,,,"3,189.66","2,726.00",,,463.66,14.54,,,,,,,,,,,,,
BOS018,Bosch  cutting Ceramic 4,PACLINV0057103,,,"9,706.90","7,000.00",,,"2,706.90",27.89,,,,,,,,,,,,,
BOS019,Bosch Hole saw Pkt,PACLINV0029151,,,"1,250.00","1,158.00",,,92.00,7.36,,,,,,,,,,,,,
Inventory Sales Analysis,,,,,,,,,,,,,,,,,Page 4 of 36,,,,,,
,,,Amount (VAT,,,Amount (VAT,,,,,,,,,,,,,,,,,
Item Code,Item Description,Reference,,,Quantity,Cost,,,Profit,Profit %,,,,Markup %,,,,,,,,,
Linked Account:,,,,,,0,,,,,,,,,,,,,,,,,
BOS020,Bosch Blade For Wood Set,PACLINV0057769,,,340.52,290.00,,,50.52,14.84,,,,,,,,,,,,,
BOS021,Bosch Saw Blade Set,PACLINV0029726,,,500.00,427.00,,,73.00,14.60,,,,,,,,,,,,,
BOS022,Bosch Drill Bit 3mm,PACLINV0048688,,,288.79,252.00,,,36.79,12.74,,,,,,,,,,,,,
BOS023,Bosch Drill Bit 4mm,PACLINV0051121,,,431.03,319.00,,,112.03,25.99,,,,,,,,,,,,,
BOS024,Bosch Drill Bit 5mm,PACLINV0030017,,,387.93,350.00,,,37.93,9.78,,,,,,,,,,,,,
BOS025,Bosch Drill Bit 6mm,PACLINV0030820,,,612.07,520.00,,,92.07,15.04,,,,,,,,,,,,,
BOS030,Bosch  Sand Paper P120,PACLINV0037739,,,"3,793.10","3,500.00",,,293.10,7.73,,,,,,,,,,,,,
BOS031,Bosch Router  Bit Set 464,PACLINV0034318,,,"3,965.52","3,390.00",,,575.52,14.51,,,,,,,,,,,,,
BOS032,Bosch  Hilt Bit 6mm,PACLINV0043878,,,823.28,540.00,,,283.28,34.41,,,,,,,,,,,,,
BOS033,Bosch  Hilt Bit 8mm,PACLINV0050321,,,491.38,394.00,,,97.38,19.82,,,,,,,,,,,,,
BOS034,Bosch  Hilt Bit 10mm,PACLINV0042018,,,366.38,278.00,,,88.38,24.12,,,,,,,,,,,,,
BOS035,Bosch  Accessory Set-260017503,PACLINV0050042,,,"5,202.60","4,890.04",,,312.56,6.01,,,,,,,,,,,,,
BOS036,Bosch  Cordless Impact Drill,PACLINV0044600,,,"25,495.69","24,200.00",,,"1,295.69",5.08,,,,,,,,,,,,,
BOS037,Bosch  Drill 400w,PACLINV0036166,,,"10,517.24","9,176.00",,,"1,341.24",12.75,,,,,,,,,,,,,
BOS038,Bosch Angle Grinder small-OLO-0601343,PACLINV0046413,,,"27,379.33","24,600.00",,,"2,779.33",10.15,,,,,,,,,,,,,
BOS039,Bosch  Angle Grinder Big -OPO,PACLINV0047707,,,"22,844.83","20,752.24",,,"2,092.59",9.16,,,,,,,,,,,,,
BOS041,Bosch Jigsaw,PACLINV0045070,,,"5,603.45","4,886.00",,,717.45,12.80,,,,,,,,,,,,,
BOS045,Bosch Heat Gun 180,PACLINV0043423,,,"4,525.86","4,100.00",,,425.86,9.41,,,,,,,,,,,,,
BOS046,Bosch Laser Tape Measure -WOO,PACLINV0039008,,,"4,741.38","3,796.00",,,945.38,19.94,,,,,,,,,,,,,
BOS047,Bosch Laser Tape Measure S00,PACLINV0048426,,,"37,500.00","33,792.00",,,"3,708.00",9.89,,,,,,,,,,,,,
BOS049,Bosch Laser Level 320,PACLINV0047582,,,"16,551.72","15,264.00",,,"1,287.72",7.78,,,,,,,,,,,,,
BOS050,Bosch  Screw Driver bit-2608521042,PACLINV0044600,,,"2,004.31","1,500.00",,,504.31,25.16,,,,,,,,,,,,,
BOS052,Bosch Cordless Screw Driver Go kit,PACLINV0047242,,,"4,568.97","3,700.00",,,868.97,19.02,,,,,,,,,,,,,
BOT001,Bottle Trap 11/2 malpine,PACLINV0031996,,,215.52,94.83,,,120.69,56.00,,,,,,,,,,,,,
BOT007,"Magic Connector Plastic 11/2""",PACLINV0057502,,,"6,396.55","2,579.80",,,"3,816.75",59.67,,,,,,,,,,,,,
BOT009,"Magic Connector Plastic 11/4""",PACLINV0052855,,,"1,250.01",450.96,,,799.05,63.92,,,,,,,,,,,,,
BOT010,Bottle Trap Viega 1 1/4,PACLINV0060315,,,"6,974.16","4,669.00",,,"2,305.16",33.05,,,,,,,,,,,,,
BOT011,Bottle Trap Viega 11/2,PACLINV0057872,,,"12,310.37","7,939.18",,,"4,371.19",35.51,,,,,,,,,,,,,
BOW001,Bow Saw,PACLINV0031694,,,344.83,245.69,,,99.14,28.75,,,,,,,,,,,,,
BRA001,Construction Net Mtrs,PACLINV0057630,,,"10,905.19","5,482.85",,,"5,422.34",49.72,,,,,,,,,,,,,
BRC001,Brc 610,PACLINV0037722,,,"6,896.55","5,603.45",,,"1,293.10",18.75,,,,,,,,,,,,,
BRC003,Brc A142 Std,PACLINV0058488,,,"2,977,112.05","2,652,872.88",,,"324,239.17",10.89,,,,,,,,,,,,,
BRC004,Brc A66,PACLINV0050825,,,"65,172.42","51,724.14",,,"13,448.28",20.63,,,,,,,,,,,,,
BRC005,Brc A98 Std,PACLINV0060064,,,"1,114,353.42","976,855.64",,,"137,497.78",12.34,,,,,,,,,,,,,
BRO001,Broom/Rake Handles,PACLINV0042646,,,"4,181.02","2,923.16",,,"1,257.86",30.09,,,,,,,,,,,,,
BRU001,Brush Fixtec 1,PACLINV0057749,,,"8,094.91","2,827.36",,,"5,267.55",65.07,,,,,,,,,,,,,
BRU002,Brush Fixtec 2,PACLINV0060533,,,"22,344.77","11,815.91",,,"10,528.86",47.12,,,,,,,,,,,,,
BRU003,Brush Fixtec 3,PACLINV0060508,,,"24,111.94","14,387.80",,,"9,724.14",40.33,,,,,,,,,,,,,
BRU004,Brush Fixtec 4,PACLINV0059436,,,"60,319.01","46,512.15",,,"13,806.86",22.89,,,,,,,,,,,,,
BRU005,Brush Fixtec 6,PACLINV0060338,,,"83,896.30","70,446.97",,,"13,449.33",16.03,,,,,,,,,,,,,
BRU007,Brush  Premium 2,PACLINV0057550,,,"18,004.29","7,819.76",,,"10,184.53",56.57,,,,,,,,,,,,,
BRU009,Brush Premium 3,PACLINV0060110,,,"15,448.22","5,896.65",,,"9,551.57",61.83,,,,,,,,,,,,,
BRU010,Brush  Premium 4,PACLINV0057445,,,"46,715.57","18,427.50",,,"28,288.07",60.55,,,,,,,,,,,,,
BRU011,Brush Premium 5,PACLINV0060249,,,"7,952.57","3,340.56",,,"4,612.01",57.99,,,,,,,,,,,,,
BRU012,Brush Premium 6,PACLINV0056595,,,"53,861.91","24,911.34",,,"28,950.57",53.75,,,,,,,,,,,,,
BRU013,Brush Fixtec 5,PACLINV0061271,,,"19,577.53","18,132.14",,,"1,445.39",7.38,,,,,,,,,,,,,
BRU014,"Brush Premium 2.5""",PACLINV0048383,,,689.65,240.00,,,449.65,65.20,,,,,,,,,,,,,
BUC001,Buckets,PACLINV0059760,,,"62,112.09","42,685.28",,,"19,426.81",31.28,,,,,,,,,,,,,
BUL001,Bulb Energy Saver Pin 7w,PACLINV0056846,,,"2,241.37","1,269.62",,,971.75,43.36,,,,,,,,,,,,,
BUL002,Bulb Energy Saver Pin 9w,PACLINV0057865,,,"3,698.26","1,989.40",,,"1,708.86",46.21,,,,,,,,,,,,,
Inventory Sales Analysis,,,,,,,,,,,,,,,,,,,,Page 5 of 36,,,
,,,Amount (VAT,,,Amount (VAT,,,,,,,,,,,,,,,,,
Item Code,Item Description,Reference,,,Quantity,Cost,,,Profit,Profit %,,,,Markup %,,,,,,,,,
Linked Account:,,,,,,0,,,,,,,,,,,,,,,,,
BUL003,Bulb Energy Saver Screw 7w,PACLINV0056353,,,"2,284.48","1,334.95",,,949.53,41.56,,,,,,,,,,,,,
BUL004,Bulb Eneryg Saver Screw 9w,PACLINV0059178,,,"4,215.51","2,497.25",,,"1,718.26",40.76,,,,,,,,,,,,,
BUL006,Bulb Filament 4w,PACLINV0034275,,,344.83,172.41,,,172.42,50.00,,,,,,,,,,,,,
BUL007,Bulb Holder Angle,PACLINV0045033,,,86.21,66.82,,,19.39,22.49,,,,,,,,,,,,,
BUL008,Bulb Holder Ceiling Rose,PACLINV0045574,,,"2,724.14","1,526.11",,,"1,198.03",43.98,,,,,,,,,,,,,
BUL009,Bulb Holder Pin,PACLINV0057865,,,"1,309.49",711.15,,,598.34,45.69,,,,,,,,,,,,,
BUL010,Bulb Holder Screw,PACLINV0047998,,,603.45,526.89,,,76.56,12.69,,,,,,,,,,,,,
BUL011,Bulb Holder Straight,PACLINV0043717,,,387.93,266.52,,,121.41,31.30,,,,,,,,,,,,,
BUL015,Bulk Head Fitting,PACLINV0051448,,,"1,810.34","1,672.42",,,137.92,7.62,,,,,,,,,,,,,
BUS002,"Bush JK 1/2""",PACLINV0060692,,,103.45,50.56,,,52.89,51.13,,,,,,,,,,,,,
BUS004,"Bush JK 11/4""",PACLINV0034504,,,517.24,413.80,,,103.44,20.00,,,,,,,,,,,,,
BUS007,Bush Ball 11/2x4,PACLINV0056171,,,"8,836.21","6,724.12",,,"2,112.09",23.90,,,,,,,,,,,,,
BUS008,Bush Ball 11/4x4,PACLINV0041857,,,"3,362.06","1,965.48",,,"1,396.58",41.54,,,,,,,,,,,,,
BUS009,Bush Ball 1x4,PACLINV0056982,,,"10,112.05","5,603.65",,,"4,508.40",44.58,,,,,,,,,,,,,
BUS010,Bush Ball 3/4x4,PACLINV0060301,,,"6,849.13","3,717.00",,,"3,132.13",45.73,,,,,,,,,,,,,
BUS015,Bush Smooth 1,PACLINV0060061,,,"3,603.44","1,943.81",,,"1,659.63",46.06,,,,,,,,,,,,,
BUS016,Bush Smooth 11/2,PACLINV0051160,,,"5,008.62","3,172.39",,,"1,836.23",36.66,,,,,,,,,,,,,
BUS017,Bush Smooth 11/4,PACLINV0042018,,,"3,129.31","1,862.10",,,"1,267.21",40.49,,,,,,,,,,,,,
BUS018,Bush Smooth 3/4,PACLINV0057494,,,"4,051.72","2,142.07",,,"1,909.65",47.13,,,,,,,,,,,,,
BUS019,Bush smooth 1/2,PACLINV0047074,,,"2,293.12","1,040.00",,,"1,253.12",54.65,,,,,,,,,,,,,
BUT005,Butterfly Bush 3/4,PACLINV0058086,,,"3,258.61","1,260.00",,,"1,998.61",61.33,,,,,,,,,,,,,
BUT006,"Butterfly Bush 1"" imported",PACLINV0059067,,,"37,749.99","24,468.80",,,"13,281.19",35.18,,,,,,,,,,,,,
BUT007,"Butterfly Bush 3/4"" imported",PACLINV0060294,,,"10,629.29","5,068.56",,,"5,560.73",52.32,,,,,,,,,,,,,
C/ 004,C/ Transeal 1l,PACLINV0045943,,,"2,629.31","2,046.65",,,582.66,22.16,,,,,,,,,,,,,
C/ 005,C/ Transeal 4l,PACLINV0058835,,,"132,577.60","93,528.92",,,"39,048.68",29.45,,,,,,,,,,,,,
C/E001,C/S/G  Aqua Glow Accent 4l,PACLINV0059707,,,"10,948.28","6,796.01",,,"4,152.27",37.93,,,,,,,,,,,,,
C/E004,C/E Covermatt White 1l,PACLINV0056295,,,"32,098.21","17,969.38",,,"14,128.83",44.02,,,,,,,,,,,,,
C/E005,C/E Covermatt White 20l,PACLINV0060697,,,"2,096,008.86","1,926,560.66",,,"169,448.20",8.08,,,,,,,,,,,,,
C/E006,C/E Covermatt White 4l,PACLINV0056020,,,"292,590.80","219,726.04",,,"72,864.76",24.90,,,,,,,,,,,,,
C/E007,C/E Matt Accent Base 1l,PACLINV0058781,,,"14,396.54","8,298.53",,,"6,098.01",42.36,,,,,,,,,,,,,
C/E008,C/E Matt Accent Base 20l,PACLINV0052652,,,"78,340.52","59,841.31",,,"18,499.21",23.61,,,,,,,,,,,,,
C/E009,C/E Matt Accent Base 4l,PACLINV0056552,,,"34,913.80","23,439.84",,,"11,473.96",32.86,,,,,,,,,,,,,
C/E012,C/E Matt Black 1l,PACLINV0044892,,,"3,663.79","2,960.52",,,703.27,19.20,,,,,,,,,,,,,
C/E014,C/E Matt Black 4l,PACLINV0056376,,,"10,474.14","9,501.84",,,972.30,9.28,,,,,,,,,,,,,
C/E015,C/E Matt Deep Base 1l,PACLINV0061246,,,"4,396.56","3,488.70",,,907.86,20.65,,,,,,,,,,,,,
C/E017,C/E Matt Deep Base 4l,PACLINV0061263,,,"10,086.20","7,339.44",,,"2,746.76",27.23,,,,,,,,,,,,,
C/E018,C/E Matt Pastel Base 1l,PACLINV0056628,,,"41,939.68","31,812.79",,,"10,126.89",24.15,,,,,,,,,,,,,
C/E019,C/E Matt Pastel Base 20l,PACLINV0060697,,,"914,655.18","817,070.81",,,"97,584.37",10.67,,,,,,,,,,,,,
C/E020,C/E Matt Pastel Base 4l,PACLINV0056184,,,"256,982.79","196,780.77",,,"60,202.02",23.43,,,,,,,,,,,,,
C/E025,C/E Silicon Accent Base 1l,PACLINV0060307,,,"43,448.31","26,932.34",,,"16,515.97",38.01,,,,,,,,,,,,,
C/E026,C/E Silicon Accent Base 20l,PACLINV0057277,,,"188,586.22","139,081.69",,,"49,504.53",26.25,,,,,,,,,,,,,
C/E027,C/E Silicon Accent Base 4l,PACLINV0061062,,,"146,810.33","99,637.86",,,"47,172.47",32.13,,,,,,,,,,,,,
C/E028,C/E Silicon B/White 1l,PACLINV0060069,,,"3,448.27","2,337.15",,,"1,111.12",32.22,,,,,,,,,,,,,
C/E029,C/E Silicon B/White 20l,PACLINV0057483,,,"356,896.53","339,753.89",,,"17,142.64",4.80,,,,,,,,,,,,,
C/E030,C/E Silicon B/White 4l,PACLINV0060557,,,"97,586.19","91,263.16",,,"6,323.03",6.48,,,,,,,,,,,,,
C/E031,C/E Silicon Black 1l,PACLINV0057566,,,"11,896.56","9,282.98",,,"2,613.58",21.97,,,,,,,,,,,,,
C/E032,C/E Silicon Black 4l,PACLINV0059696,,,"55,775.88","51,311.54",,,"4,464.34",8.00,,,,,,,,,,,,,
C/E033,C/E Silicon Deep Base 1l,PACLINV0057502,,,"18,275.87","13,513.86",,,"4,762.01",26.06,,,,,,,,,,,,,
C/E034,C/E Silicon Deep Base 20l,PACLINV0059709,,,"213,017.25","188,045.10",,,"24,972.15",11.72,,,,,,,,,,,,,
C/E035,C/E Silicon Deep Base 4l,PACLINV0057227,,,"87,629.30","73,343.12",,,"14,286.18",16.30,,,,,,,,,,,,,
Inventory Sales Analysis,,,,,,,,,,,,,,,,,,,,Page 6 of 36,,,
,,,Amount (VAT,,,Amount (VAT,,,,,,,,,,,,,,,,,
Item Code,Item Description,Reference,,,Quantity,Cost,,,Profit,Profit %,,,,Markup %,,,,,,,,,
Linked Account:,,,,,,0,,,,,,,,,,,,,,,,,
C/E036,C/E Silicon Pastel Base 1l,PACLINV0061290,,,"44,655.23","34,058.42",,,"10,596.81",23.73,,,,,,,,,,,,,
C/E037,C/E Silicon Pastel Base 20l,PACLINV0056521,,,"765,862.05","677,644.36",,,"88,217.69",11.52,,,,,,,,,,,,,
C/E038,C/E Silicon Pastel Base 4l,PACLINV0060992,,,"270,978.47","236,880.36",,,"34,098.11",12.58,,,,,,,,,,,,,
C/E040,C/E Silk Accent Base 1l,PACLINV0060033,,,"16,034.48","10,121.33",,,"5,913.15",36.88,,,,,,,,,,,,,
C/E041,C/E Silk Accent Base 20l,PACLINV0045361,,,"13,362.07","7,886.56",,,"5,475.51",40.98,,,,,,,,,,,,,
C/E042,C/E Silk Accent Base 4l,PACLINV0053626,,,"57,068.96","35,088.28",,,"21,980.68",38.52,,,,,,,,,,,,,
C/E043,C/E Silk Brill White 20l,PACLINV0056105,,,"383,103.44","312,916.64",,,"70,186.80",18.32,,,,,,,,,,,,,
C/E044,C/E Silk Deep Base 1l,PACLINV0058581,,,"9,568.96","7,432.54",,,"2,136.42",22.33,,,,,,,,,,,,,
C/E045,C/E Silk Deep Base 20l,PACLINV0060727,,,"90,344.83","78,270.84",,,"12,073.99",13.36,,,,,,,,,,,,,
C/E046,C/E Silk Deep Base 4l,PACLINV0059412,,,"53,146.55","43,550.05",,,"9,596.50",18.06,,,,,,,,,,,,,
C/E047,C/E Silk Pastel Base 1l,PACLINV0060110,,,"93,706.85","69,917.39",,,"23,789.46",25.39,,,,,,,,,,,,,
C/E048,C/E Silk Pastel Base 20l,PACLINV0058123,,,"1,257,543.12","1,097,742.82",,,"159,800.30",12.71,,,,,,,,,,,,,
C/E049,C/E Silk Pastel Base 4l,PACLINV0060000,,,"637,965.45","523,764.68",,,"114,200.77",17.90,,,,,,,,,,,,,
C/S002,C/S/G Accent Base 4l,PACLINV0058245,,,"351,379.26","240,190.34",,,"111,188.92",31.64,,,,,,,,,,,,,
C/S003,C/S/G Accent Base  1l,PACLINV0060295,,,"94,439.73","53,607.63",,,"40,832.10",43.24,,,,,,,,,,,,,
C/S009,C/S/G Black 1l,PACLINV0058154,,,"66,840.50","50,671.59",,,"16,168.91",24.19,,,,,,,,,,,,,
C/S010,C/S/G Black BITUMINOUS 4l,PACLINV0058149,,,"89,999.99","68,180.90",,,"21,819.09",24.24,,,,,,,,,,,,,
C/S012,C/S/G C/Varnish H/G 1l,PACLINV0056573,,,"46,685.36","34,239.15",,,"12,446.21",26.66,,,,,,,,,,,,,
C/S013,C/S/G C/Varnish H/G 4l,PACLINV0059919,,,"258,189.75","207,371.32",,,"50,818.43",19.68,,,,,,,,,,,,,
C/S014,C/S/G Clear Varnish Matt 1l,PACLINV0056835,,,"9,956.91","7,176.50",,,"2,780.41",27.92,,,,,,,,,,,,,
C/S016,C/S/G Clear Varnish Nc 4l,PACLINV0036720,,,"7,241.38","6,191.31",,,"1,050.07",14.50,,,,,,,,,,,,,
C/S017,C/S/G Deep Base 1l,PACLINV0058938,,,"21,293.12","15,227.01",,,"6,066.11",28.49,,,,,,,,,,,,,
C/S018,C/S/G Deep Base 4l,PACLINV0059843,,,"76,810.34","65,129.63",,,"11,680.71",15.21,,,,,,,,,,,,,
C/S020,C/S/G Eggshell Accent Base 1l,PACLINV0058202,,,"15,862.06","9,820.00",,,"6,042.06",38.09,,,,,,,,,,,,,
C/S021,C/S/G Eggshell Accent Base 4l,PACLCRN0002868,,,"99,612.07","84,515.37",,,"15,096.70",15.16,,,,,,,,,,,,,
C/S022,C/S/G Eggshell Black 1l,PACLINV0050072,,,"2,500.00","1,967.80",,,532.20,21.29,,,,,,,,,,,,,
C/S023,C/S/G Eggshell Black 4l,PACLINV0058126,,,"31,508.63","28,993.59",,,"2,515.04",7.98,,,,,,,,,,,,,
C/S024,C/S/G Eggshell Deep Base 1l,PACLINV0060169,,,"5,948.29","4,652.22",,,"1,296.07",21.79,,,,,,,,,,,,,
C/S025,C/S/G Eggshell Deep Base 4l,PACLINV0060557,,,"12,068.96","10,809.20",,,"1,259.76",10.44,,,,,,,,,,,,,
C/S026,C/S/G Eggshell Pastel 1l,PACLINV0060169,,,"12,500.01","9,624.48",,,"2,875.53",23.00,,,,,,,,,,,,,
C/S027,C/S/G Eggshell Pastel 4l,PACLINV0059368,,,"15,086.20","14,305.50",,,780.70,5.17,,,,,,,,,,,,,
C/S028,C/S/G Floor Grey 4l,PACLINV0030883,,,"5,862.07","5,563.80",,,298.27,5.09,,,,,,,,,,,,,
C/S029,C/S/G Floor Paint Red Oxide 1l,PACLINV0052493,,,"8,189.65","6,527.52",,,"1,662.13",20.30,,,,,,,,,,,,,
C/S031,C/S/G Floor Paint Red Oxide 4L,PACLINV0060354,,,"28,922.42","26,543.02",,,"2,379.40",8.23,,,,,,,,,,,,,
C/S037,C/S/G Clear Varnish Matt  4l,PACLINV0056022,,,"55,862.06","46,980.73",,,"8,881.33",15.90,,,,,,,,,,,,,
C/S038,C/S/G Matt Finish Black 1l,PACLINV0058534,,,"13,103.44","10,089.99",,,"3,013.45",23.00,,,,,,,,,,,,,
C/S039,C/S/G Matt Finish Black 4l,PACLINV0060433,,,"58,965.51","55,456.24",,,"3,509.27",5.95,,,,,,,,,,,,,
C/S042,C/S/G Multi-purpose Varnish 4,PACLINV0056832,,,"6,206.90","6,102.72",,,104.18,1.68,,,,,,,,,,,,,
C/S046,C/S/G Pastel Base 1l,PACLINV0060753,,,"112,517.24","82,878.15",,,"29,639.09",26.34,,,,,,,,,,,,,
C/S047,C/S/G Pastel Base 4l,PACLINV0056416,,,"573,426.72","517,579.60",,,"55,847.12",9.74,,,,,,,,,,,,,
C/S048,C/S/G Roadline White 4l,PACLINV0057809,,,"48,793.11","43,646.73",,,"5,146.38",10.55,,,,,,,,,,,,,
C/S050,C/S/G Roadline Yellow 4l,PACLINV0047209,,,"11,465.52","9,931.71",,,"1,533.81",13.38,,,,,,,,,,,,,
C/S053,C/S/G Roof Green 4l,PACLINV0055138,,,"2,500.00","2,401.84",,,98.16,3.93,,,,,,,,,,,,,
C/S057,C/S/G Roofmaster Clear Base,PACLINV0060940,,,"116,379.32","88,659.55",,,"27,719.77",23.82,,,,,,,,,,,,,
C/S058,C/S/G Ruff & Tuff 30l-Normal,PACLINV0059217,,,"1,615,560.34","1,475,506.97",,,"140,053.37",8.67,,,,,,,,,,,,,
C/S061,C/S/G Sanding Sealer 1l,PACLINV0044649,,,"31,250.05","20,804.77",,,"10,445.28",33.42,,,,,,,,,,,,,
C/S062,C/S/G Sanding Sealer 4l,PACLINV0059624,,,"243,275.90","182,862.36",,,"60,413.54",24.83,,,,,,,,,,,,,
C/S068,C/S/G Thinner For Roadline 5L,PACLINV0044489,,,"20,172.40","15,873.48",,,"4,298.92",21.31,,,,,,,,,,,,,
C/S069,C/S/G Twopack Thinner 1l,PACLINV0054925,,,"7,586.20","3,925.56",,,"3,660.64",48.25,,,,,,,,,,,,,
C/S070,C/S/G Twopack Thinner 5l,PACLINV0058822,,,"103,362.07","94,420.45",,,"8,941.62",8.65,,,,,,,,,,,,,
Inventory Sales Analysis,,,,,,,,,,,,,,,,,,,,Page 7 of 36,,,
,,,Amount (VAT,,,Amount (VAT,,,,,,,,,,,,,,,,,
Item Code,Item Description,Reference,,,Quantity,Cost,,,Profit,Profit %,,,,Markup %,,,,,,,,,
Linked Account:,,,,,,0,,,,,,,,,,,,,,,,,
C/S071,C/S/G Twopack V/Gloss 1l,PACLINV0054220,,,"22,931.03","20,711.52",,,"2,219.51",9.68,,,,,,,,,,,,,
C/S072,C/S/G Twopack V/Gloss 4l,PACLINV0058139,,,"322,500.03","281,794.65",,,"40,705.38",12.62,,,,,,,,,,,,,
C/S074,C/S/G Twopack V/Matt 4l,PACLINV0061075,,,"65,000.01","60,370.09",,,"4,629.92",7.12,,,,,,,,,,,,,
C/S075,C/S/G Undercoat 1l,PACLINV0056839,,,"26,681.09","21,546.08",,,"5,135.01",19.25,,,,,,,,,,,,,
C/S076,C/S/G Undercoat 4l,PACLINV0060307,,,"221,293.09","180,929.43",,,"40,363.66",18.24,,,,,,,,,,,,,
C/S077,C/S/G Varnish Mahogany 1L,PACLINV0059212,,,"20,862.10","10,361.62",,,"10,500.48",50.33,,,,,,,,,,,,,
C/S078,C/S/G Vesta Black 1l,PACLINV0030718,,,"2,456.89","1,200.35",,,"1,256.54",51.14,,,,,,,,,,,,,
C/S079,C/S/G Vesta Black 4l,PACLINV0050458,,,"7,068.95","4,273.30",,,"2,795.65",39.55,,,,,,,,,,,,,
C/S080,C/S/G Vesta Floor Red 4l,PACLINV0045746,,,"3,448.27","2,607.20",,,841.07,24.39,,,,,,,,,,,,,
C/S081,C/S/G Vesta Grey Oxide 1l-primer,PACLCRN0002884,,,"26,379.19","19,696.69",,,"6,682.50",25.33,,,,,,,,,,,,,
C/S083,C/S/G Vesta Red Oxide 1l,PACLINV0045967,,,431.03,294.70,,,136.33,31.63,,,,,,,,,,,,,
C/S084,C/S/G Vesta Red Oxide 4l,PACLINV0047643,,,"1,293.10",873.69,,,419.41,32.43,,,,,,,,,,,,,
C/S086,C/S/G Vesta White 1l,PACLINV0052866,,,"3,362.05","1,779.12",,,"1,582.93",47.08,,,,,,,,,,,,,
C/S087,C/S/G Vesta White 4l,PACLINV0057554,,,"4,568.97","3,271.76",,,"1,297.21",28.39,,,,,,,,,,,,,
C/S089,C/S/G Wood Primer White 4l,PACLINV0060570,,,"14,568.96","12,525.48",,,"2,043.48",14.03,,,,,,,,,,,,,
CAB001,Cable Clips 10mm,PACLINV0048695,,,"1,198.28",701.12,,,497.16,41.49,,,,,,,,,,,,,
CAB002,Cable Clips 12mm,PACLINV0059177,,,"1,224.13",629.18,,,594.95,48.60,,,,,,,,,,,,,
CAB003,Cable Clips 9mm,PACLINV0055231,,,215.52,86.20,,,129.32,60.00,,,,,,,,,,,,,
CAB005,Cable Clips Round 10mm,PACLINV0051961,,,543.10,413.80,,,129.30,23.81,,,,,,,,,,,,,
CAB006,Cable Ties 10,PACLINV0044408,,,"1,120.68",825.90,,,294.78,26.30,,,,,,,,,,,,,
CAB007,Cable Ties 12,PACLINV0053259,,,"2,155.17","1,475.54",,,679.63,31.53,,,,,,,,,,,,,
CAB008,Cable Ties 14,PACLINV0059855,,,"1,767.23","1,146.53",,,620.70,35.12,,,,,,,,,,,,,
CAB009,Cable Ties 6,PACLINV0051948,,,"1,215.51",689.68,,,525.83,43.26,,,,,,,,,,,,,
CAB010,Cable Ties 8,PACLINV0057480,,,"2,129.29","1,456.91",,,672.38,31.58,,,,,,,,,,,,,
CAB011,Cable Ties  Pcs,PACLINV0056568,,,439.65,307.53,,,132.12,30.05,,,,,,,,,,,,,
CAB014,Cable Clips 8mm,PACLINV0057971,,,862.08,408.63,,,453.45,52.60,,,,,,,,,,,,,
CAN001,Canvas Fire hose 3x30m,PACLINV0044404,,,"12,758.62","6,896.56",,,"5,862.06",45.95,,,,,,,,,,,,,
CAR004,Carpet Brush,PACLINV0058127,,,"2,758.61","1,854.59",,,904.02,32.77,,,,,,,,,,,,,
CEI001,Ceiling Board Flowered,PACLINV0059825,,,"43,456.90","35,905.24",,,"7,551.66",17.38,,,,,,,,,,,,,
CEI002,Ceiling Board Plain,PACLINV0058224,,,"107,025.89","78,353.46",,,"28,672.43",26.79,,,,,,,,,,,,,
CEM001,Cement In Kgs,PACLINV0057222,,,"4,362.04","2,133.45",,,"2,228.59",51.09,,,,,,,,,,,,,
CEM002,C/E Matt B/White 20l,PACLINV0058680,,,"55,172.41","40,163.56",,,"15,008.85",27.20,,,,,,,,,,,,,
CEN001,Center Stopper,PACLINV0045545,,,503.45,193.28,,,310.17,61.61,,,,,,,,,,,,,
CER002,Cerrazo 1l,PACLINV0060470,,,"4,439.64","2,560.36",,,"1,879.28",42.33,,,,,,,,,,,,,
CER003,Cerrazo 5l,PACLINV0058526,,,"15,775.85","10,797.46",,,"4,978.39",31.56,,,,,,,,,,,,,
CER004,C/E Rain Protek pastel Base 4lt,PACLINV0061067,,,"5,517.24","4,955.18",,,562.06,10.19,,,,,,,,,,,,,
CER005,C/E Rain Protek Deep Base-4lt,PACLINV0061275,,,"5,517.24","4,683.52",,,833.72,15.11,,,,,,,,,,,,,
CES002,C/E Silk Bril White 1Ltr,PACLINV0060069,,,"11,034.49","8,478.76",,,"2,555.73",23.16,,,,,,,,,,,,,
CES003,C/E Silk Bril White 4 ltr,PACLINV0059375,,,"75,862.06","64,564.60",,,"11,297.46",14.89,,,,,,,,,,,,,
CEV002,C/S/G Vesta Primer Grey Oxide 4l,PACLINV0059743,,,"151,939.55","125,001.47",,,"26,938.08",17.73,,,,,,,,,,,,,
CHA001,Chain 1/4,PACLINV0059400,,,"7,784.46","4,137.90",,,"3,646.56",46.84,,,,,,,,,,,,,
CHA002,Chain 3/16,PACLINV0058828,,,"8,211.18","4,214.40",,,"3,996.78",48.67,,,,,,,,,,,,,
CHA005,Chain Link 4ft,PACLINV0054018,,,"22,586.21","19,043.34",,,"3,542.87",15.69,,,,,,,,,,,,,
CHA006,Chain Link 5ft,PACLCRN0002206,,,"30,301.72","25,908.30",,,"4,393.42",14.50,,,,,,,,,,,,,
CHA007,Chain Link 6ft,PACLINV0039439,,,"26,767.24","23,521.60",,,"3,245.64",12.13,,,,,,,,,,,,,
CHA008,Chain Link 7ft,PACLINV0055193,,,"22,672.41","19,913.82",,,"2,758.59",12.17,,,,,,,,,,,,,
CHA009,Chain Link 8ft,PACLINV0047508,,,"58,620.68","49,724.10",,,"8,896.58",15.18,,,,,,,,,,,,,
CHA012,Chair Rubber Square 2,PACLINV0052651,,,224.13,93.12,,,131.01,58.45,,,,,,,,,,,,,
CHA013,Chair Rubber Square 3/4,PACLINV0055406,,,17.24,6.88,,,10.36,60.09,,,,,,,,,,,,,
CHA014,Chalk pcs,PACLINV0036217,,,327.59,163.78,,,163.81,50.00,,,,,,,,,,,,,
Inventory Sales Analysis,,,,,,,,,,,,,,,,,,,,Page 8 of 36,,,
,,,Amount (VAT,,,Amount (VAT,,,,,,,,,,,,,,,,,
Item Code,Item Description,Reference,,,Quantity,Cost,,,Profit,Profit %,,,,Markup %,,,,,,,,,
Linked Account:,,,,,,0,,,,,,,,,,,,,,,,,
CHA015,Chalk Line,PACLINV0060965,,,"5,862.04","3,696.48",,,"2,165.56",36.94,,,,,,,,,,,,,
CHA016,Chalk Carton,PACLINV0043553,,,"1,284.49",612.00,,,672.49,52.35,,,,,,,,,,,,,
CHA017,Chalk Pkt,PACLINV0059245,,,"1,250.00",383.85,,,866.15,69.29,,,,,,,,,,,,,
CHE001,Chequered Plate 16g,PACLINV0041857,,,"7,672.41","7,191.78",,,480.63,6.26,,,,,,,,,,,,,
CHE002,Chequered Plate 2mm,PACLINV0056755,,,"15,517.24","14,224.14",,,"1,293.10",8.33,,,,,,,,,,,,,
CHE004,Chequered Plate 4mm,PACLINV0033697,,,"355,603.45","307,241.22",,,"48,362.23",13.60,,,,,,,,,,,,,
CHI001,Chicken Wire 1/2x30 MTRS,PACLCRN0002905,,,"12,465.47","9,452.85",,,"3,012.62",24.17,,,,,,,,,,,,,
CHI004,Chicken Wire Roll 1/2x30,PACLINV0058473,,,"120,991.29","76,975.78",,,"44,015.51",36.38,,,,,,,,,,,,,
CHI005,Chicken Wire Roll 1/2x6FT,PACLINV0056111,,,"10,603.44","8,749.99",,,"1,853.45",17.48,,,,,,,,,,,,,
CHI006,MDF Particle White,PACLINV0052159,,,"16,637.93","14,224.14",,,"2,413.79",14.51,,,,,,,,,,,,,
CHI008,Chisel 1/2,PACLINV0054150,,,844.82,596.00,,,248.82,29.45,,,,,,,,,,,,,
CHI009,Chisel 3/4,PACLINV0041996,,,732.76,517.24,,,215.52,29.41,,,,,,,,,,,,,
CHR001,Chrome Brackets 1,PACLINV0051261,,,"4,857.75","2,407.20",,,"2,450.55",50.45,,,,,,,,,,,,,
CHR003,Chrome Brackets 3/4,PACLINV0029111,,,68.97,38.79,,,30.18,43.76,,,,,,,,,,,,,
CHR004,Chrome Pipe 1,PACLINV0056978,,,"11,672.41","7,263.48",,,"4,408.93",37.77,,,,,,,,,,,,,
CHR005,Chrome Pipe 3/4,PACLCRN0001340,,,344.83,301.72,,,43.11,12.50,,,,,,,,,,,,,
CIR002,Circular Blade 4.5,PACLINV0059825,,,"8,081.89","5,540.31",,,"2,541.58",31.45,,,,,,,,,,,,,
CIR003,Circular Blade 7,PACLINV0058902,,,"14,181.05","9,176.58",,,"5,004.47",35.29,,,,,,,,,,,,,
CIR004,Circular Blade 9,PACLINV0056118,,,"10,258.62","6,602.95",,,"3,655.67",35.64,,,,,,,,,,,,,
CIR006,Circular Box 2way,PACLINV0060128,,,344.83,103.50,,,241.33,69.99,,,,,,,,,,,,,
CIR007,Circular Box 3way 20mm,PACLINV0058448,,,"4,172.41","2,306.90",,,"1,865.51",44.71,,,,,,,,,,,,,
CIR008,Circular Box 3way 25mm,PACLINV0060566,,,"2,129.30","1,137.84",,,991.46,46.56,,,,,,,,,,,,,
CIR009,Circular Box 4way 20mm,PACLINV0057132,,,"99,982.74","50,400.87",,,"49,581.87",49.59,,,,,,,,,,,,,
CIR010,Circular Box 4way 25mm,PACLCRN0002918,,,"7,081.88","3,190.56",,,"3,891.32",54.95,,,,,,,,,,,,,
CIR011,Circular Box 1 way 20MM,PACLINV0037867,,,21.55,15.00,,,6.55,30.39,,,,,,,,,,,,,
CIS004,Cistern High Lever,PACLINV0056993,,,"2,241.38",931.60,,,"1,309.78",58.44,,,,,,,,,,,,,
CIS005,Cistern Low Lever,PACLINV0048542,,,"5,478.44","4,137.90",,,"1,340.54",24.47,,,,,,,,,,,,,
CIS006,Cistern Top Flush,PACLINV0059534,,,"16,250.00","10,782.06",,,"5,467.94",33.65,,,,,,,,,,,,,
CLA001,Claw Bar 4ft,PACLINV0060955,,,"4,982.75","3,578.60",,,"1,404.15",28.18,,,,,,,,,,,,,
CLA002,Claw Bar 5ft,PACLINV0060676,,,"16,206.91","12,241.40",,,"3,965.51",24.47,,,,,,,,,,,,,
CLA003,Claw Bar 6ft,PACLINV0058889,,,"9,870.70","7,586.26",,,"2,284.44",23.14,,,,,,,,,,,,,
CLA004,Stanley-Claw Hammer 160z (453g)f/g,PACLINV0058202,,,"2,232.76","1,956.00",,,276.76,12.40,,,,,,,,,,,,,
CLA005,Stanley-Claw Hammer 20oz,PACLINV0050905,,,"5,034.48","4,500.00",,,534.48,10.62,,,,,,,,,,,,,
CLA006,Claw Hammer 27mm,PACLINV0044657,,,"4,344.83","2,413.80",,,"1,931.03",44.44,,,,,,,,,,,,,
CLE004,Clear Tape Big,PACLCRN0002337,,,"2,439.65","1,100.00",,,"1,339.65",54.91,,,,,,,,,,,,,
CLE005,Clear Tape 2X20mts,PACLINV0056061,,,"16,508.62","1,322.04",,,"15,186.58",91.99,,,,,,,,,,,,,
CLO003,Close Couple Fitting Pvc,PACLINV0055222,,,"1,284.48",862.05,,,422.43,32.89,,,,,,,,,,,,,
CLO004,Close Couple Set,PACLINV0045350,,,"109,491.39","96,124.31",,,"13,367.08",12.21,,,,,,,,,,,,,
CLO006,Cloth Line,PACLINV0056920,,,"2,879.31","1,601.17",,,"1,278.14",44.39,,,,,,,,,,,,,
COA001,Coast Calcium,PACLINV0059031,,,"127,931.03","117,812.64",,,"10,118.39",7.91,,,,,,,,,,,,,
COA002,Coat Hook Double,PACLCRN0002356,,,603.45,256.90,,,346.55,57.43,,,,,,,,,,,,,
COA003,Coat Hook Single,PACLINV0048156,,,646.55,245.70,,,400.85,62.00,,,,,,,,,,,,,
COF001,Coffee Tray Roll,PACLINV0050507,,,"3,879.31","2,797.55",,,"1,081.76",27.89,,,,,,,,,,,,,
COF002,Coffee Tray Mtrs,PACLINV0058300,,,"26,749.97","15,875.00",,,"10,874.97",40.65,,,,,,,,,,,,,
COM001,Complete Hinges 1,PACLINV0053109,,,"3,008.62","1,784.34",,,"1,224.28",40.69,,,,,,,,,,,,,
CON006,Conduit Metro 20mm,PACLINV0058035,,,"1,153,948.24","951,391.79",,,"202,556.45",17.55,,,,,,,,,,,,,
CON007,Conduit Metro 25mm,PACLINV0060192,,,"650,103.60","488,397.22",,,"161,706.38",24.87,,,,,,,,,,,,,
CON008,Conduit Metro 32mm,PACLINV0058265,,,"211,482.70","174,482.77",,,"36,999.93",17.50,,,,,,,,,,,,,
CON009,Conduit Metro 38mm,PACLINV0056513,,,"17,922.42","15,629.53",,,"2,292.89",12.79,,,,,,,,,,,,,
CON010,Conduit Metro 50mm,PACLINV0059603,,,"94,379.29","81,500.00",,,"12,879.29",13.65,,,,,,,,,,,,,
Inventory Sales Analysis,,,,,,,,,,,,,,,,,,,,Page 9 of 36,,,
,,,Amount (VAT,,,Amount (VAT,,,,,,,,,,,,,,,,,
Item Code,Item Description,Reference,,,Quantity,Cost,,,Profit,Profit %,,,,Markup %,,,,,,,,,
Linked Account:,,,,,,0,,,,,,,,,,,,,,,,,
CON012,Construction Net,PACLINV0060883,,,"250,474.14","175,309.59",,,"75,164.55",30.01,,,,,,,,,,,,,
CON013,Consumer Unit 10way,PACLINV0057706,,,"3,965.52","3,362.06",,,603.46,15.22,,,,,,,,,,,,,
CON015,Consumer Unit 4way,PACLINV0059984,,,"79,448.27","64,137.86",,,"15,310.41",19.27,,,,,,,,,,,,,
CON016,Consumer Unit 6way,PACLINV0056755,,,"5,775.86","4,690.26",,,"1,085.60",18.80,,,,,,,,,,,,,
CON017,Consumer Unit 8way,PACLCRN0002791,,,"53,275.86","39,926.15",,,"13,349.71",25.06,,,,,,,,,,,,,
CON021,Conta 1/2kg,PACLINV0056202,,,"11,586.25","6,110.82",,,"5,475.43",47.26,,,,,,,,,,,,,
CON022,Conta 1/4kg,PACLINV0060987,,,"8,793.07","5,053.83",,,"3,739.24",42.52,,,,,,,,,,,,,
CON023,Conta 100ml,PACLINV0058482,,,"9,913.77","5,430.95",,,"4,482.82",45.22,,,,,,,,,,,,,
CON024,Conta 1kg,PACLINV0060479,,,"60,896.54","48,847.42",,,"12,049.12",19.79,,,,,,,,,,,,,
CON025,Conta 4kg,PACLINV0059537,,,"255,474.11","235,711.77",,,"19,762.34",7.74,,,,,,,,,,,,,
CON026,Conta 50ml,PACLINV0061049,,,"3,788.80","1,549.02",,,"2,239.78",59.12,,,,,,,,,,,,,
CON028,Consumer Unit 12way,PACLINV0057706,,,"5,620.69","4,913.80",,,706.89,12.58,,,,,,,,,,,,,
COO002,Cooker Unit Socket,PACLINV0055225,,,"3,043.10","1,682.76",,,"1,360.34",44.70,,,,,,,,,,,,,
COO003,Cooker Connector,PACLINV0031248,,,"1,060.35",900.00,,,160.35,15.12,,,,,,,,,,,,,
COR001,Cornace Super Fix 2kg,PACLINV0035873,,,"2,068.96","1,700.00",,,368.96,17.83,,,,,,,,,,,,,
COR003,Corner Strip,PACLINV0051322,,,155.17,51.72,,,103.45,66.67,,,,,,,,,,,,,
COR004,Corner Strip Aluminium,PACLINV0060327,,,"48,935.35","25,575.11",,,"23,360.24",47.74,,,,,,,,,,,,,
COR005,Corner Strip Cream,PACLCRN0001893,,,0.00,0.00,,,0.00,0.00,,,,,,,,,,,,,
COR006,Corner Strip Gold,PACLINV0036475,,,431.03,215.52,,,215.51,50.00,,,,,,,,,,,,,
COR007,Corner Strip L Shaped,PACLINV0058632,,,"133,508.61","76,371.88",,,"57,136.73",42.80,,,,,,,,,,,,,
COR008,Corner Strip Plastic White,PACLINV0047332,,,"6,068.96","2,482.56",,,"3,586.40",59.09,,,,,,,,,,,,,
COR010,Gypsum Corner Tape,PACLINV0056020,,,"95,060.35","61,061.70",,,"33,998.65",35.77,,,,,,,,,,,,,
COR011,Cornace Super Fix 5kg,PACLINV0058303,,,"18,103.44","16,169.95",,,"1,933.49",10.68,,,,,,,,,,,,,
COU001,Counter Sunk Screw 1,PACLINV0058834,,,"4,827.58","2,172.42",,,"2,655.16",55.00,,,,,,,,,,,,,
COU002,Counter Sunk Screw 1.5,PACLINV0059772,,,"12,181.01","8,017.22",,,"4,163.79",34.18,,,,,,,,,,,,,
COU004,Counter Sunk Screw 2,PACLINV0056393,,,"3,637.93","2,327.60",,,"1,310.33",36.02,,,,,,,,,,,,,
COU006,Countersank Screws 1,PACLINV0060557,,,258.62,172.41,,,86.21,33.33,,,,,,,,,,,,,
COU007,Coupler Threaded 20mm,PACLINV0046560,,,"1,706.89",940.94,,,765.95,44.87,,,,,,,,,,,,,
COU008,Coupler Threaded 25mm,PACLINV0046560,,,"1,293.10",690.00,,,603.10,46.64,,,,,,,,,,,,,
COU009,Couplers 20mm,PACLINV0060442,,,"88,055.85","34,933.20",,,"53,122.65",60.33,,,,,,,,,,,,,
COU010,Couplers 25mm,PACLINV0058265,,,"47,474.09","18,467.85",,,"29,006.24",61.10,,,,,,,,,,,,,
COU011,Couplers 32mm,PACLINV0060911,,,"15,448.30","8,714.82",,,"6,733.48",43.59,,,,,,,,,,,,,
COU012,Couplers 38mm,PACLINV0059571,,,762.94,568.92,,,194.02,25.43,,,,,,,,,,,,,
COU013,Couplers 50mm,PACLINV0059603,,,"7,775.85","4,720.44",,,"3,055.41",39.29,,,,,,,,,,,,,
CRO024,Crown Wallputty 25kg,PACLINV0056824,,,"1,842,189.99","1,520,409.90",,,"321,780.09",17.47,,,,,,,,,,,,,
CRO025,Crown Wallputty 1kg,PACLINV0060298,,,"25,586.19","17,557.78",,,"8,028.40",31.38,,,,,,,,,,,,,
CRO026,C/S/G Ruff   & Tuff Stoneless,PACLCRN0002244,,,"25,258.63","23,272.25",,,"1,986.38",7.86,,,,,,,,,,,,,
CRO027,Crown WallPutty water Proof-20kg,PACLINV0059353,,,"16,896.55","14,354.24",,,"2,542.31",15.05,,,,,,,,,,,,,
CSG002,C/S/G Aqua Glow B/W 4l,PACLINV0047382,,,"27,543.11","22,520.74",,,"5,022.37",18.23,,,,,,,,,,,,,
CSG004,C/S/G Varnish Mahogany 4L,PACLINV0058470,,,"30,431.04","19,142.16",,,"11,288.88",37.10,,,,,,,,,,,,,
CSG005,C/S/G Black 4l,PACLINV0060714,,,"150,129.33","135,533.13",,,"14,596.20",9.72,,,,,,,,,,,,,
CSG006,C/S/G Roadline  Black 4l,PACLINV0044489,,,"52,586.22","46,581.08",,,"6,005.14",11.42,,,,,,,,,,,,,
CSG007,C/S/G  Zinc phophate Grey 4 l,PACLINV0037612,,,"3,620.69","3,370.15",,,250.54,6.92,,,,,,,,,,,,,
CSG009,C/S/G Ruff & Tuff 30l-White Base,PACLINV0056105,,,"671,810.31","595,142.80",,,"76,667.51",11.41,,,,,,,,,,,,,
CSG010,C/S/G Vesta Red Oxide 4l-Primer,PACLCRN0002699,,,"4,655.17","3,185.55",,,"1,469.62",31.57,,,,,,,,,,,,,
CSG011,C/S/G Ruff & Tuff 30l-Clear  Base,PACLINV0044837,,,"76,465.52","61,397.49",,,"15,068.03",19.71,,,,,,,,,,,,,
CSG015,C/S/G Ruff & Tuff 5l-Normal,PACLINV0038558,,,"2,068.97","1,686.12",,,382.85,18.50,,,,,,,,,,,,,
CUP002,Cup Wire Brush twisted,PACLINV0030911,,,948.28,603.44,,,344.84,36.36,,,,,,,,,,,,,
CUP003,Cup Wire Brush smooth,PACLINV0044748,,,"2,155.17","1,077.60",,,"1,077.57",50.00,,,,,,,,,,,,,
CUR001,Curtain Balls Black,PACLCRN0001695,,,0.00,0.00,,,0.00,0.00,,,,,,,,,,,,,
Inventory Sales Analysis,,,,,,,,,,,,,,,,,,,,Page 10 of 36,,,
,,,Amount (VAT,,,Amount (VAT,,,,,,,,,,,,,,,,,
Item Code,Item Description,Reference,,,Quantity,Cost,,,Profit,Profit %,,,,Markup %,,,,,,,,,
Linked Account:,,,,,,0,,,,,,,,,,,,,,,,,
CUR003,Curtain Balls Gold,PACLINV0055553,,,620.69,482.76,,,137.93,22.22,,,,,,,,,,,,,
CUR004,Curtain Balls Silver,PACLINV0057727,,,"2,310.35","1,448.28",,,862.07,37.31,,,,,,,,,,,,,
CUR005,Curtain Balls White,PACLINV0033367,,,"3,879.31","2,472.00",,,"1,407.31",36.28,,,,,,,,,,,,,
CUR007,Curtain Brackets Copper,PACLINV0040589,,,353.45,245.70,,,107.75,30.49,,,,,,,,,,,,,
CUR008,Curtain Brackets White,PACLINV0047521,,,"1,503.44",982.80,,,520.64,34.63,,,,,,,,,,,,,
CUR013,Curtain Caps White,PACLINV0048490,,,137.93,68.96,,,68.97,50.00,,,,,,,,,,,,,
CUR017,Curtain Ring,PACLINV0054279,,,431.03,172.40,,,258.63,60.00,,,,,,,,,,,,,
CUR023,Curtain Rod Jk 2m Bronze,PACLINV0038117,,,"1,508.62","1,431.03",,,77.59,5.14,,,,,,,,,,,,,
CUR024,Curtain Rod Jk 2m Gold,PACLINV0038117,,,"1,508.62","1,431.03",,,77.59,5.14,,,,,,,,,,,,,
CUR028,Curtain Rod Jk 6m Black,PACLINV0040589,,,"1,120.69","1,034.48",,,86.21,7.69,,,,,,,,,,,,,
CUR029,Curtain Rod Jk 6m White,PACLINV0033367,,,"5,172.41","4,137.92",,,"1,034.49",20.00,,,,,,,,,,,,,
CUT001,Cut Out Double,PACLINV0057738,,,"2,586.20","1,854.95",,,731.25,28.28,,,,,,,,,,,,,
CUT002,Cut Out Single,PACLINV0060038,,,862.07,556.64,,,305.43,35.43,,,,,,,,,,,,,
CUT006,Cutting Disk Diamond 4,PACLINV0060913,,,"39,681.03","18,274.27",,,"21,406.76",53.95,,,,,,,,,,,,,
CUT007,Cutting Disk Diamond 7,PACLINV0057689,,,"17,198.26","9,655.24",,,"7,543.02",43.86,,,,,,,,,,,,,
CUT008,Cutting Disk Diamond 9,PACLINV0060041,,,"89,939.72","50,795.64",,,"39,144.08",43.52,,,,,,,,,,,,,
CUT009,Cutting Disk Metal 4,PACLINV0057546,,,870.71,595.76,,,274.95,31.58,,,,,,,,,,,,,
CUT010,Grinding  Disk 7.,PACLINV0061199,,,"43,698.38","22,359.38",,,"21,339.00",48.83,,,,,,,,,,,,,
CUT011,Cutting Disk Metal 9,PACLINV0057778,,,"29,094.76","21,794.08",,,"7,300.68",25.09,,,,,,,,,,,,,
CUT012,Cutting Disk Slim 4,PACLINV0060474,,,"23,192.32","7,629.81",,,"15,562.51",67.10,,,,,,,,,,,,,
CUT013,Cutting Disk Slim 9,PACLINV0056862,,,"262,236.76","141,123.71",,,"121,113.05",46.18,,,,,,,,,,,,,
CUT015,Cutting Disk Metal 7,PACLINV0047098,,,"1,232.75",855.00,,,377.75,30.64,,,,,,,,,,,,,
CUT016,Cutting Disk Damond Continuous 4,PACLINV0053235,,,"1,362.07",862.05,,,500.02,36.71,,,,,,,,,,,,,
CUT018,Cutting Disk Damond Continuous 9,PACLINV0049327,,,"2,198.28","1,939.65",,,258.63,11.77,,,,,,,,,,,,,
CYL001,CYLINDER BIG,PACLINV0059881,,,"1,469.83","1,465.52",,,4.31,0.29,,,,,,,,,,,,,
CYP001,Syphone,PACLINV0050461,,,"6,370.71","4,005.30",,,"2,365.41",37.13,,,,,,,,,,,,,
CYP003,Syphon Top Flush,PACLINV0057674,,,"8,491.37","5,681.79",,,"2,809.58",33.09,,,,,,,,,,,,,
CYP012,Cypress 8x1,PACLINV0044622,,,422.41,362.04,,,60.37,14.29,,,,,,,,,,,,,
D 1001,D 10,PACLINV0061191,,,"32,971,249.88","31,437,977.29",,,"1,533,272.59",4.65,,,,,,,,,,,,,
D 1002,D 12,PACLINV0059518,,,"20,797,068.87","19,889,702.73",,,"907,366.14",4.36,,,,,,,,,,,,,
D 1003,D 16,PACLINV0061091,,,"18,589,107.66","17,863,204.47",,,"725,903.19",3.90,,,,,,,,,,,,,
D 2001,D 20,PACLINV0059445,,,"6,932,642.21","6,505,518.26",,,"427,123.95",6.16,,,,,,,,,,,,,
D 2002,D 25,PACLINV0056049,,,"1,908,129.31","1,803,957.32",,,"104,171.99",5.46,,,,,,,,,,,,,
D 3001,D 32,PACLINV0046012,,,"835,051.72","776,830.02",,,"58,221.70",6.97,,,,,,,,,,,,,
D 8001,D 8,PACLINV0061191,,,"14,953,883.64","14,238,332.30",,,"715,551.34",4.79,,,,,,,,,,,,,
D/E001,D/E Matt Black 1l,PACLINV0030280,,,"1,551.72","1,205.04",,,346.68,22.34,,,,,,,,,,,,,
D/E002,D/E Matt Black 4l,PACLINV0058829,,,"28,836.22","24,956.25",,,"3,879.97",13.46,,,,,,,,,,,,,
D/E004,D/E Matt Brilliant  White 1l,PACLINV0048763,,,"3,060.34","1,925.08",,,"1,135.26",37.10,,,,,,,,,,,,,
D/E008,D/E Sf Brill White 20l,PACLINV0059808,,,"204,482.80","190,067.72",,,"14,415.08",7.05,,,,,,,,,,,,,
D/E009,D/E Sf Brill White 4l,PACLINV0058673,,,"55,948.32","42,518.70",,,"13,429.62",24.00,,,,,,,,,,,,,
D/E010,D/E Sf Brilliant White 1l,PACLINV0057333,,,"7,025.85","3,743.51",,,"3,282.34",46.72,,,,,,,,,,,,,
D/E014,D/E Silk White 1l,PACLINV0044994,,,"4,224.15","3,366.06",,,858.09,20.31,,,,,,,,,,,,,
D/E015,D/E Silk White 4l,PACLINV0042168,,,"18,556.91","17,333.60",,,"1,223.31",6.59,,,,,,,,,,,,,
D/G001,D/G Aquagloss White 1l,PACLINV0045337,,,"1,034.48",808.62,,,225.86,21.83,,,,,,,,,,,,,
D/G003,D/G Black 4l,PACLINV0048095,,,"11,120.68","9,444.48",,,"1,676.20",15.07,,,,,,,,,,,,,
D/G005,D/G Clear Gloss Varnish 4l,PACLINV0038990,,,"10,775.86","8,270.90",,,"2,504.96",23.25,,,,,,,,,,,,,
D/G007,D/G Matt Primer Grey 4l,PACLINV0052169,,,"4,482.76","4,278.48",,,204.28,4.56,,,,,,,,,,,,,
D/G010,D/G Undercoat 1l,PACLINV0056295,,,"4,482.77","3,298.43",,,"1,184.34",26.42,,,,,,,,,,,,,
D/R001,D/Real Roc White 20l,PACLINV0050592,,,"3,879.31","3,567.00",,,312.31,8.05,,,,,,,,,,,,,
D/S003,D/Sanding Sealer 1l,PACLINV0053179,,,568.97,566.02,,,2.95,0.52,,,,,,,,,,,,,
Inventory Sales Analysis,,,,,,,,,,,,,,,,,,,,Page 11 of 36,,,
,,,Amount (VAT,,,Amount (VAT,,,,,,,,,,,,,,,,,
Item Code,Item Description,Reference,,,Quantity,Cost,,,Profit,Profit %,,,,Markup %,,,,,,,,,
Linked Account:,,,,,,0,,,,,,,,,,,,,,,,,
D/S004,D/Sanding Sealer 4l,PACLINV0058479,,,"23,840.52","21,147.92",,,"2,692.60",11.29,,,,,,,,,,,,,
D10004,D 10 Accurate,PACLINV0038641,,,"96,551.72","91,723.80",,,"4,827.92",5.00,,,,,,,,,,,,,
D12004,D 12  Accurate,PACLINV0038641,,,"79,655.17","75,862.40",,,"3,792.77",4.76,,,,,,,,,,,,,
D16003,D 16-Kifaru,PACLINV0051061,,,"2,620,000.00","2,500,087.12",,,"119,912.88",4.58,,,,,,,,,,,,,
D16004,D 16  Accurate,PACLINV0038641,,,"51,775.86","49,241.36",,,"2,534.50",4.90,,,,,,,,,,,,,
D25001,D 25- Kifaru,PACLINV0036243,,,"372,633.61","341,379.20",,,"31,254.41",8.39,,,,,,,,,,,,,
D8A001,D 8 Accurate,PACLINV0038641,,,"67,887.93","64,654.50",,,"3,233.43",4.76,,,,,,,,,,,,,
DAM001,Variance/DG Goods Sold,PACLINV0042168,,,"18,574.99",0.00,,,"18,574.99",100.00,,,,,,,,,,,,,
DAR001,Dari,PACLINV0061239,,,"1,379.30",862.10,,,517.20,37.50,,,,,,,,,,,,,
DAY010,Waterpump Dayliff 0.5HP,PACLINV0053135,,,"14,224.14","8,793.10",,,"5,431.04",38.18,,,,,,,,,,,,,
DAY011,Dayliff  Chlorine65-5kgs,PACLCRN0002326,,,"2,241.38","1,794.83",,,446.55,19.92,,,,,,,,,,,,,
DES001,D/E SILK BRILL WHITE 4L,PACLINV0060332,,,"2,758.62","2,066.82",,,691.80,25.08,,,,,,,,,,,,,
DEW001,Dewalt Angle Grinder2200w-230mm,PACLINV0034504,,,"15,517.24","13,784.48",,,"1,732.76",11.17,,,,,,,,,,,,,
DEW003,DewaltAngle Grinder220W-180mm,PACLINV0040370,,,"15,172.41","13,784.48",,,"1,387.93",9.15,,,,,,,,,,,,,
DEW006,Dewalt Circula Saw 1500w-190mm,PACLINV0047947,,,"14,568.97","12,922.41",,,"1,646.56",11.30,,,,,,,,,,,,,
DEW008,Dewalt Grinder 4010,PACLINV0057067,,,"11,465.52","7,155.17",,,"4,310.35",37.59,,,,,,,,,,,,,
DEW010,"Dewalt Grinding Disk4""",PACLINV0044600,,,78.45,77.59,,,0.86,1.10,,,,,,,,,,,,,
DEW011,"Dewalt Slim cutting4""",PACLINV0058660,,,"2,595.68","1,784.57",,,811.11,31.25,,,,,,,,,,,,,
DEW012,Dewalt Hilt 6mm,PACLINV0054968,,,599.14,524.14,,,75.00,12.52,,,,,,,,,,,,,
DEW013,Dewalt Hilt 14mm,PACLINV0055548,,,"1,306.90","1,201.70",,,105.20,8.05,,,,,,,,,,,,,
DEW015,Dewalt Hilt 20mm,PACLINV0041790,,,"3,060.34","2,525.01",,,535.33,17.49,,,,,,,,,,,,,
DEW016,Dewalt Hilt Elite 12mm-DT8935-QZ,PACLINV0031568,,,"1,017.24",946.54,,,70.70,6.95,,,,,,,,,,,,,
DEW017,Dewalt Hilt Bit 7mm,PACLINV0047800,,,"1,008.62",853.41,,,155.21,15.39,,,,,,,,,,,,,
DEW019,Dewalt Hilt Bit6556-6mm,PACLINV0054968,,,620.69,301.70,,,318.99,51.39,,,,,,,,,,,,,
DEW020,Dewalt Diamond 41/2- 47450hp,PACLINV0052077,,,973.27,844.82,,,128.45,13.20,,,,,,,,,,,,,
DEW021,Dewalt Diamond 9-47900hp,PACLINV0049925,,,"3,984.48","3,706.90",,,277.58,6.97,,,,,,,,,,,,,
DEW022,Dewalt Diamond Cup 4-4772t-AE,PACLINV0057320,,,"9,396.55","8,017.23",,,"1,379.32",14.68,,,,,,,,,,,,,
DEW023,"Dewalt  Diamond 7""-47702HP",PACLINV0051249,,,"3,318.97","2,586.21",,,732.76,22.08,,,,,,,,,,,,,
DEW024,"Dewalt Diamond 9"" -47902 HP",PACLINV0043067,,,"5,684.48","4,629.27",,,"1,055.21",18.56,,,,,,,,,,,,,
DEW026,Dewalt Drill Driver  DC077152B,PACLINV0040370,,,"21,120.69","18,870.69",,,"2,250.00",10.65,,,,,,,,,,,,,
DEW028,Dewalt Laser DW088K-XJ,PACLINV0039008,,,"15,603.45","14,224.14",,,"1,379.31",8.84,,,,,,,,,,,,,
DGB001,D/G White 4L,PACLINV0057332,,,"23,103.45","20,587.33",,,"2,516.12",10.89,,,,,,,,,,,,,
DGC001,D/G Clear High Gloss 1 Ltr,PACLINV0044288,,,"2,974.14","2,196.78",,,777.36,26.14,,,,,,,,,,,,,
DGW001,D/G  White 1l,PACLINV0045493,,,"5,043.11","3,556.20",,,"1,486.91",29.48,,,,,,,,,,,,,
DHO001,Dhobi Sink,PACLINV0045966,,,"1,724.14","1,412.93",,,311.21,18.05,,,,,,,,,,,,,
DIS001,Distribution Board 4way,PACLINV0041025,,,"6,465.52","5,172.41",,,"1,293.11",20.00,,,,,,,,,,,,,
DIS002,Distribution Board 8way,PACLINV0041808,,,"9,051.72","6,724.14",,,"2,327.58",25.71,,,,,,,,,,,,,
DOO002,Door Bell Switch,PACLINV0047783,,,129.31,86.21,,,43.10,33.33,,,,,,,,,,,,,
DOO005,Door Stopper,PACLINV0048654,,,568.97,181.02,,,387.95,68.18,,,,,,,,,,,,,
DOO014,Door Bell Switch water Proof,PACLINV0053762,,,387.93,327.59,,,60.34,15.55,,,,,,,,,,,,,
DOV001,Dovetail Tank 1000l Rect,PACLINV0059194,,,"10,775.86","9,210.12",,,"1,565.74",14.53,,,,,,,,,,,,,
DOV007,Dovetail Tank 10000l,PACLINV0058343,,,"287,931.04","272,828.66",,,"15,102.38",5.25,,,,,,,,,,,,,
DOV008,Dovetail Tank 1000l,PACLINV0056577,,,"7,500.00","5,558.83",,,"1,941.17",25.88,,,,,,,,,,,,,
DOV010,Dovetail Tank 2000l,PACLINV0058706,,,"46,982.76","38,025.00",,,"8,957.76",19.07,,,,,,,,,,,,,
DOV011,Dovetail Tank 3000l,PACLINV0058241,,,"71,293.10","59,487.03",,,"11,806.07",16.56,,,,,,,,,,,,,
DOV012,Dovetail Tank 5000l,PACLINV0061001,,,"209,396.56","190,855.40",,,"18,541.16",8.85,,,,,,,,,,,,,
DOV013,Dovetail Tank 2500l,PACLINV0060417,,,"36,827.58","32,598.71",,,"4,228.87",11.48,,,,,,,,,,,,,
DOW001,Down Stoppers,PACLINV0058469,,,"3,189.63",905.52,,,"2,284.11",71.61,,,,,,,,,,,,,
DOW003,Down lighter 3w,PACLINV0050947,,,344.83,300.00,,,44.83,13.00,,,,,,,,,,,,,
DPC001,Dpc,PACLINV0060661,,,"457,887.95","401,083.68",,,"56,804.27",12.41,,,,,,,,,,,,,
Inventory Sales Analysis,,,,,,,,,,,,,,,,,,,,Page 12 of 36,,,
,,,Amount (VAT,,,Amount (VAT,,,,,,,,,,,,,,,,,
Item Code,Item Description,Reference,,,Quantity,Cost,,,Profit,Profit %,,,,Markup %,,,,,,,,,
Linked Account:,,,,,,0,,,,,,,,,,,,,,,,,
DR 002,Dr Fixit Gapseal Tape 10m,PACLINV0042250,,,"5,603.46","3,652.30",,,"1,951.16",34.82,,,,,,,,,,,,,
DR 003,Dr Fixit Gapseal Tape Mtrs,PACLINV0048990,,,"2,327.58","1,691.46",,,636.12,27.33,,,,,,,,,,,,,
DR 004,Dr Fixit Pidiproof 1l,PACLINV0057445,,,"26,077.56","12,494.13",,,"13,583.43",52.09,,,,,,,,,,,,,
DR 005,Dr Fixit Pidiproof 20l,PACLINV0059749,,,"141,120.71","122,244.46",,,"18,876.25",13.38,,,,,,,,,,,,,
DR 006,Dr Fixit Pidiproof 5l,PACLINV0061204,,,"29,189.66","17,838.81",,,"11,350.85",38.89,,,,,,,,,,,,,
DR 007,Dr Fixit Superlatex 1l,PACLINV0057711,,,"37,017.27","28,679.48",,,"8,337.79",22.52,,,,,,,,,,,,,
DR 008,Dr Fixit Superlatex 5kg,PACLINV0060383,,,"123,879.35","110,937.79",,,"12,941.56",10.45,,,,,,,,,,,,,
DR 009,Dr Fixit Sureseal 1kg,PACLINV0058613,,,"22,069.00","15,633.27",,,"6,435.73",29.16,,,,,,,,,,,,,
DR 010,Dr Fixit Sureseal 5kg,PACLINV0060419,,,"80,431.02","73,680.41",,,"6,750.61",8.39,,,,,,,,,,,,,
DR 011,Dr Fixit  Modern Tile Adhesive 25kg,PACLINV0059517,,,"1,031,198.39","887,659.48",,,"143,538.91",13.92,,,,,,,,,,,,,
DR 012,Dr Fixit Waterproof Powder,PACLINV0059649,,,"206,521.49","123,435.11",,,"83,086.38",40.23,,,,,,,,,,,,,
DRA001,Drain Opener 1kg,PACLINV0059227,,,"3,232.76","2,327.60",,,905.16,28.00,,,,,,,,,,,,,
DRA002,Drain Opener 500g,PACLINV0058189,,,"4,767.23","3,568.92",,,"1,198.31",25.14,,,,,,,,,,,,,
DRA005,Drawer Handle Small Gold,PACLINV0029044,,,155.17,155.16,,,0.01,0.01,,,,,,,,,,,,,
DRA006,Drawer Handle Small Silver 6,PACLCRN0002423,,,0.00,0.00,,,0.00,0.00,,,,,,,,,,,,,
DRA008,Drawer Handles Brass 9,PACLINV0029193,,,"5,762.95","2,835.98",,,"2,926.97",50.79,,,,,,,,,,,,,
DRA010,Drawer Handles Silver 9,PACLCRN0001349,,,0.00,0.00,,,0.00,0.00,,,,,,,,,,,,,
DRA016,Drawer Lock Evergood,PACLINV0056999,,,"7,120.68","4,462.84",,,"2,657.84",37.33,,,,,,,,,,,,,
DRA022,Drawer Rail Hydro 14,PACLINV0061202,,,"8,181.03","4,449.60",,,"3,731.43",45.61,,,,,,,,,,,,,
DRA023,Drawer Rail D/Extension 16,PACLINV0056393,,,"7,913.80","4,994.80",,,"2,919.00",36.88,,,,,,,,,,,,,
DRA024,Drawer Rail Hydro 18,PACLINV0044993,,,"10,982.76","6,465.54",,,"4,517.22",41.13,,,,,,,,,,,,,
DRA025,Drawer Rail Hydro 20,PACLINV0042599,,,344.83,258.62,,,86.21,25.00,,,,,,,,,,,,,
DRA026,Drawer Rail Hydro 12,PACLINV0060677,,,"2,077.58","1,086.21",,,991.37,47.72,,,,,,,,,,,,,
DRI002,Drill Bit 10mm,PACLINV0059265,,,965.51,434.52,,,530.99,55.00,,,,,,,,,,,,,
DRI004,Drill Bit 12mm,PACLINV0043672,,,"1,913.80","1,241.37",,,672.43,35.14,,,,,,,,,,,,,
DRI005,Drill Bit 14mm,PACLINV0056115,,,"1,508.62",978.30,,,530.32,35.15,,,,,,,,,,,,,
DRI006,Drill Bit 16mm,PACLINV0056115,,,"3,965.52","2,844.82",,,"1,120.70",28.26,,,,,,,,,,,,,
DRI008,Drill Bit 3.5mm,PACLINV0051626,,,939.64,452.55,,,487.09,51.84,,,,,,,,,,,,,
DRI009,Drill Bit 3/16mm,PACLINV0041481,,,241.38,172.40,,,68.98,28.58,,,,,,,,,,,,,
DRI010,Drill Bit 3mm,PACLINV0057962,,,"1,456.90",490.62,,,966.28,66.32,,,,,,,,,,,,,
DRI012,Drill Bit 4mm,PACLINV0056345,,,"1,586.21",965.44,,,620.77,39.14,,,,,,,,,,,,,
DRI013,Drill Bit 5mm,PACLINV0060109,,,"1,215.54",668.88,,,546.66,44.97,,,,,,,,,,,,,
DRI014,Drill Bit 6mm,PACLINV0059827,,,"2,758.62","1,655.04",,,"1,103.58",40.00,,,,,,,,,,,,,
DRI016,Drill Bit 8mm,PACLINV0058014,,,"1,974.13","1,206.94",,,767.19,38.86,,,,,,,,,,,,,
DRI022,Drill Bit Hilt 8mm,PACLINV0040888,,,0.00,0.00,,,0.00,0.00,,,,,,,,,,,,,
DRU002,Drum 220l,PACLINV0044976,,,"25,000.00","20,806.88",,,"4,193.12",16.77,,,,,,,,,,,,,
DRU004,Drum 240l,PACLINV0058962,,,"22,241.37","17,241.36",,,"5,000.01",22.48,,,,,,,,,,,,,
DU 001,Du Acrylic Sealer 4L,PACLINV0060719,,,"22,413.79","14,666.76",,,"7,747.03",34.56,,,,,,,,,,,,,
DUC001,Duct Tape,PACLINV0035010,,,991.38,517.24,,,474.14,47.83,,,,,,,,,,,,,
DUR001,Dura Paint Remover 1l,PACLINV0032558,,,"3,448.28","2,102.08",,,"1,346.20",39.04,,,,,,,,,,,,,
DUR002,Dura Paint Remover 5l,PACLINV0044316,,,"5,344.83","5,023.86",,,320.97,6.01,,,,,,,,,,,,,
DUR003,Dura Skim Coat 1kg,PACLINV0056747,,,"3,362.06","2,722.98",,,639.08,19.01,,,,,,,,,,,,,
DUR004,Dura Skim Coat 25kg,PACLCRN0002927,,,"370,301.75","308,750.43",,,"61,551.32",16.62,,,,,,,,,,,,,
DUS001,Dust Mask Pkt,PACLINV0059825,,,"7,639.41","5,430.96",,,"2,208.45",28.91,,,,,,,,,,,,,
DUS002,Dust Mask Plastic,PACLINV0052147,,,"1,362.07",620.64,,,741.43,54.43,,,,,,,,,,,,,
DUS003,Dust Mask Pcs,PACLINV0053831,,,629.31,126.00,,,503.31,79.98,,,,,,,,,,,,,
EAR001,Earthrod 4FT,PACLINV0060672,,,"1,681.03",950.60,,,730.43,43.45,,,,,,,,,,,,,
EAR002,Earthrod 5FT,PACLINV0057270,,,"3,189.65","2,689.68",,,499.97,15.67,,,,,,,,,,,,,
ELE001,Elec Bend 20mm,PACLINV0058910,,,"3,840.50","1,680.21",,,"2,160.29",56.25,,,,,,,,,,,,,
ELE002,Elec Bend 25mm,PACLINV0060804,,,"6,150.86","3,368.44",,,"2,782.42",45.24,,,,,,,,,,,,,
Inventory Sales Analysis,,,,,,,,,,,,,,,,,,,,Page 13 of 36,,,
,,,Amount (VAT,,,Amount (VAT,,,,,,,,,,,,,,,,,
Item Code,Item Description,Reference,,,Quantity,Cost,,,Profit,Profit %,,,,Markup %,,,,,,,,,
Linked Account:,,,,,,0,,,,,,,,,,,,,,,,,
ELE003,Elec Bend 32mm,PACLINV0057588,,,"11,519.82","8,232.10",,,"3,287.72",28.54,,,,,,,,,,,,,
ELE004,Elec Bend 38mm,PACLINV0059571,,,"1,659.48","1,015.99",,,643.49,38.78,,,,,,,,,,,,,
ELE005,Elec Bend 50mm,PACLINV0058618,,,"7,853.43","5,749.56",,,"2,103.87",26.79,,,,,,,,,,,,,
ELE006,Elec Cable Flex 1.5mm mtrs,PACLINV0059820,,,"18,206.89","14,189.76",,,"4,017.13",22.06,,,,,,,,,,,,,
ELE007,Elec Cable Flex 2.5mm mtrs,PACLINV0059177,,,"31,430.16","29,555.88",,,"1,874.28",5.96,,,,,,,,,,,,,
ELE008,Elec Cable Single 1.5mm red mtrs,PACLINV0057767,,,"7,581.88","4,575.01",,,"3,006.87",39.66,,,,,,,,,,,,,
ELE009,Elec Cable Single 1.5mm Black Roll,PACLINV0060322,,,"47,327.57","41,053.27",,,"6,274.30",13.26,,,,,,,,,,,,,
ELE010,Elec Cable Single 1.5mm Green Roll,PACLINV0057545,,,"39,310.34","33,140.42",,,"6,169.92",15.70,,,,,,,,,,,,,
ELE011,Elec Cable Single 1.5mm Red Roll,PACLINV0060633,,,"75,431.02","69,284.77",,,"6,146.25",8.15,,,,,,,,,,,,,
ELE013,Elec Cable Single 2.5mm Red mtrs,PACLINV0059901,,,"16,978.42","14,800.00",,,"2,178.42",12.83,,,,,,,,,,,,,
ELE014,Elec Cable Single 2.5mm Black mtrs,PACLINV0059850,,,"13,995.67","9,954.66",,,"4,041.01",28.87,,,,,,,,,,,,,
ELE015,Elec Cable Single 2.5mm Green Roll,PACLINV0044404,,,"35,258.63","31,433.27",,,"3,825.36",10.85,,,,,,,,,,,,,
ELE016,Elec Cable Single 2.5mm Red Roll,PACLINV0059784,,,"54,698.29","48,809.82",,,"5,888.47",10.77,,,,,,,,,,,,,
ELE018,Elec Cable Twin 1.5mm Roll Grey,PACLINV0043835,,,"27,327.58","23,277.82",,,"4,049.76",14.82,,,,,,,,,,,,,
ELE019,Elec Cable Twin 2.5mm Roll,PACLINV0054195,,,"40,517.24","37,122.54",,,"3,394.70",8.38,,,,,,,,,,,,,
ELE026,Elec Top Plug,PACLINV0059381,,,"13,129.25","6,786.38",,,"6,342.87",48.31,,,,,,,,,,,,,
ELE028,Electric Starter,PACLINV0056392,,,137.92,68.96,,,68.96,50.00,,,,,,,,,,,,,
ELE030,Element Shower,PACLINV0059730,,,"7,112.08","5,818.95",,,"1,293.13",18.18,,,,,,,,,,,,,
ELE031,Elec Cable Single 1.5mm Black mtrs,PACLINV0057767,,,"6,525.85","4,000.26",,,"2,525.59",38.70,,,,,,,,,,,,,
ELE032,Elec Cable Single 1.5mm Green mtrs,PACLINV0060183,,,"4,224.12","2,574.88",,,"1,649.24",39.04,,,,,,,,,,,,,
ELE033,Elec Cable Single 2.5mm Black Roll,PACLINV0059784,,,"43,836.22","39,783.72",,,"4,052.50",9.24,,,,,,,,,,,,,
ELE034,Elec Cable Single 2.5mm Green mtrs,PACLINV0057270,,,"11,599.12","8,125.61",,,"3,473.51",29.95,,,,,,,,,,,,,
ELE035,Elec Cable Twin 1.5mm Mtrs,PACLCRN0002878,,,"36,844.79","14,391.00",,,"22,453.79",60.94,,,,,,,,,,,,,
ELE036,Elec Cable Twin 2.5mm Mtrs,PACLINV0061080,,,"79,189.68","60,119.08",,,"19,070.60",24.08,,,,,,,,,,,,,
ELE037,ELEC CABLE FLEX 1.5MM ROLL,PACLINV0033028,,,"14,310.34","12,055.60",,,"2,254.74",15.76,,,,,,,,,,,,,
ELE038,ELEC CABLE FLEX 2.5MM ROLL,PACLINV0051232,,,"11,637.93","9,729.66",,,"1,908.27",16.40,,,,,,,,,,,,,
ELE040,Elec Cable 6mm3 core amoured,PACLINV0039970,,,"53,306.03","48,359.12",,,"4,946.91",9.28,,,,,,,,,,,,,
ELE041,Elec Cable 6mm 2core amoured-16mm,PACLINV0042959,,,"116,379.31","95,737.00",,,"20,642.31",17.74,,,,,,,,,,,,,
ELE042,Elec Cable 2core amoured-10mm,PACLINV0042959,,,"125,517.24","103,649.60",,,"21,867.64",17.42,,,,,,,,,,,,,
ELE043,Elec Cable 6mm 2core amoured-2.5mm,PACLINV0042959,,,"32,586.21","25,650.00",,,"6,936.21",21.29,,,,,,,,,,,,,
ELE044,Elec cable Single core 10mm,PACLINV0044079,,,"8,017.24","7,758.60",,,258.64,3.23,,,,,,,,,,,,,
ELE051,Elec Cable 1.5mm Twin Metres-EA,PACLINV0059712,,,"5,344.83","4,132.10",,,"1,212.73",22.69,,,,,,,,,,,,,
EME001,Emery Cloth No. 0,PACLINV0058903,,,"16,474.15","5,335.44",,,"11,138.71",67.61,,,,,,,,,,,,,
EXP002,Expanded Metal Medium,PACLINV0060934,,,"19,655.17","12,685.10",,,"6,970.07",35.46,,,,,,,,,,,,,
EXT005,Extension Socket 4way,PACLINV0051073,,,"3,318.98","2,917.08",,,401.90,12.11,,,,,,,,,,,,,
EXT006,Extension Socket 6way,PACLINV0057557,,,"7,068.98","6,577.55",,,491.43,6.95,,,,,,,,,,,,,
EYE004,Eye Hook No 2,PACLINV0043885,,,64.65,10.80,,,53.85,83.29,,,,,,,,,,,,,
EYE007,Eye Hook No 6,PACLINV0037755,,,206.89,163.04,,,43.85,21.19,,,,,,,,,,,,,
EYE008,Eye Hook No 8,PACLINV0054797,,,939.65,627.48,,,312.17,33.22,,,,,,,,,,,,,
FEV003,Fevicol Pur 150g,PACLINV0057714,,,"1,508.62",892.98,,,615.64,40.81,,,,,,,,,,,,,
FEV004,Fevicol Pur 1kg,PACLINV0061098,,,"47,801.70","40,329.48",,,"7,472.22",15.63,,,,,,,,,,,,,
FEV005,Fevicol Pur 500gm,PACLINV0057430,,,"32,887.93","27,480.24",,,"5,407.69",16.44,,,,,,,,,,,,,
FEV006,Fevicol Pur 70gm,PACLINV0059428,,,862.06,588.15,,,273.91,31.77,,,,,,,,,,,,,
FIB002,Fibre Cement Board 6mm,PACLINV0040370,,,"25,344.83","13,189.68",,,"12,155.15",47.96,,,,,,,,,,,,,
FIL001,File 10 jk,PACLINV0056482,,,"10,362.04","6,779.38",,,"3,582.66",34.57,,,,,,,,,,,,,
FIL003,File 8 jk,PACLINV0060543,,,"7,180.97","4,584.00",,,"2,596.97",36.16,,,,,,,,,,,,,
FIL004,File Round jk,PACLINV0055693,,,215.52,198.28,,,17.24,8.00,,,,,,,,,,,,,
FIL005,File Saw J.K,PACLINV0056421,,,"1,732.76",968.00,,,764.76,44.14,,,,,,,,,,,,,
FLA001,Flap Disk 4,PACLINV0059743,,,"2,422.43","1,284.92",,,"1,137.51",46.96,,,,,,,,,,,,,
FLA002,Flap Disk 7,PACLINV0058487,,,"5,383.64","3,556.00",,,"1,827.64",33.95,,,,,,,,,,,,,
Inventory Sales Analysis,,,,,,,,,,,,,,,,,,,,Page 14 of 36,,,
,,,Amount (VAT,,,Amount (VAT,,,,,,,,,,,,,,,,,
Item Code,Item Description,Reference,,,Quantity,Incl),,Cost,Profit,Profit %,,,,Markup %,,,,,,,,,
Linked Account:,,,,,,0,,,,,,,,,,,,,,,,,
FLA003,Flush Door,PACLINV0060238,,,"6,637.93","2,700.00",,"5,219.88","1,418.05",21.36,,,,,,,,,,,,,
FLA008,Flashing Handle H/G,PACLINV0059747,,,"1,594.83",400.00,,"1,137.96",456.87,28.65,,,,,,,,,,,,,
FLA009,Flashing Handle L/G,PACLINV0041619,,,577.59,250.00,,413.79,163.80,28.36,,,,,,,,,,,,,
FLA010,Flat 11/2x1/4,PACLINV0041835,,,"17,801.71","1,550.00",,"15,835.01","1,966.70",11.05,,,,,,,,,,,,,
FLA011,Flat 11/2x1/8,PACLINV0056171,,,"46,426.72",710.00,,"30,965.97","15,460.75",33.30,,,,,,,,,,,,,
FLA013,Flat 1x1/4,PACLINV0060951,,,"35,086.22","1,000.00",,"29,824.14","5,262.08",15.00,,,,,,,,,,,,,
FLA014,Flat 1x1/8,PACLINV0057212,,,"62,103.42",550.00,,"40,277.08","21,826.34",35.15,,,,,,,,,,,,,
FLA015,Flat 2x1/4,PACLINV0060097,,,"36,809.48","9,400.00",,"31,569.64","5,239.84",14.24,,,,,,,,,,,,,
FLA016,Flat 2x1/8,PACLINV0049981,,,"44,525.86",950.00,,"36,559.06","7,966.80",17.89,,,,,,,,,,,,,
FLA017,Flat 3/4x1/4,PACLINV0056297,,,"5,818.97","3,000.00",,"4,942.98",875.99,15.05,,,,,,,,,,,,,
FLA018,Flat 3/4x1/8,PACLINV0059743,,,"22,530.15","8,750.00",,"12,225.14","10,305.01",45.74,,,,,,,,,,,,,
FLA019,Bosch Flap Disc 4  P40,PACLINV0032321,,,"1,293.10","7,500.00",,785.00,508.10,39.29,,,,,,,,,,,,,
FLA020,Bosch Flap Disc 4 P 120,PACLINV0033508,,,"1,025.86","1,000.00",,785.00,240.86,23.48,,,,,,,,,,,,,
FLE001,Flex Conduit 25mm Mtrs,PACLINV0060183,,,"1,750.01","4,000.00",,910.36,839.65,47.98,,,,,,,,,,,,,
FLE002,Flex Tube Metallic 1/2x1.5ft,PACLINV0056613,,,"34,801.72",250.00,,"13,605.06","21,196.66",60.91,,,,,,,,,,,,,
FLE004,Flex Tube Plastic 1/2x2ft,PACLINV0044609,,,"4,387.94","4,000.00",,"3,694.80",693.14,15.80,,,,,,,,,,,,,
FLE007,Flex Tube Plastic 1/2x1.5ft,PACLINV0028909,,,129.31,150.00,,94.89,34.42,26.62,,,,,,,,,,,,,
FLE008,Flex Tube 1/2x1ft,PACLINV0060782,,,"1,249.99",250.00,,752.29,497.70,39.82,,,,,,,,,,,,,
FLE009,Flex metallic Tube 1/2x2ft,PACLINV0058221,,,"10,491.38","1,000.00",,"4,821.22","5,670.16",54.05,,,,,,,,,,,,,
FLE010,Flex Tube 11/2x1/2 M/F,PACLINV0034121,,,258.62,300.00,,215.52,43.10,16.67,,,,,,,,,,,,,
FLE011,Flex Tube Plastic 3/4x1.5ft,PACLINV0043420,,,646.55,250.00,,360.00,286.55,44.32,,,,,,,,,,,,,
FLE012,Flex Tube Metallic 1/2x1ft,PACLINV0059587,,,"5,646.55",150.00,,"2,535.90","3,110.65",55.09,,,,,,,,,,,,,
FLE013,Flex conduit 20mm Mtrs,PACLINV0056775,,,"2,344.84",640.00,,"1,071.00","1,273.84",54.33,,,,,,,,,,,,,
FLE015,Flex conduit  Roll 25mm black,PACLINV0040250,,,"2,068.96","1,200.00",,"1,551.72",517.24,25.00,,,,,,,,,,,,,
FLE017,Flex conduit  Roll 25mm white,PACLINV0040568,,,"3,094.82","1,200.00",,"2,327.58",767.24,24.79,,,,,,,,,,,,,
FLO001,Float Switch,PACLINV0051153,,,"2,224.13",700.00,,"1,546.80",677.33,30.45,,,,,,,,,,,,,
FLO004,Floor Drain,PACLCRN0002698,,,"4,267.23",-362.06,,"2,793.12","1,474.11",34.54,,,,,,,,,,,,,
FLU001,Flusher Plug pkts,PACLINV0058537,,,"3,448.28",750.00,,"2,370.70","1,077.58",31.25,,,,,,,,,,,,,
FOO003,Foot Valve 1 peggler,PACLINV0050725,,,"4,051.73",550.00,,"2,685.95","1,365.78",33.71,,,,,,,,,,,,,
FOO004,Foot Valve 1/2,PACLINV0040393,,,732.75,360.00,,603.44,129.31,17.65,,,,,,,,,,,,,
FOO007,Foot Valve 3/4 pegler,PACLINV0030526,,,"1,724.13",650.00,,"1,001.28",722.85,41.93,,,,,,,,,,,,,
FOO008,Foot Valve 3/4,PACLINV0058897,,,"4,431.04","1,800.00",,"3,503.30",927.74,20.94,,,,,,,,,,,,,
FOO009,Foot Valve 1,PACLINV0057389,,,"3,181.03","2,120.00",,"2,246.10",934.93,29.39,,,,,,,,,,,,,
FOR001,Force Pump small,PACLINV0034657,,,163.79,190.00,,85.94,77.85,47.53,,,,,,,,,,,,,
FOR002,Fork Jembe 1.5LB,PACLINV0060399,,,"4,655.15",650.00,,"3,456.92","1,198.23",25.74,,,,,,,,,,,,,
FOR003,Fork Jembe 2.5LB,PACLINV0056460,,,"8,461.19",500.00,,"5,879.51","2,581.68",30.51,,,,,,,,,,,,,
FOR004,Fork Jembe 3.5LB,PACLINV0059992,,,"12,758.59","2,600.00",,"8,963.49","3,795.10",29.75,,,,,,,,,,,,,
FOR006,Force Pump Big,PACLINV0058523,,,698.27,250.00,,350.32,347.95,49.83,,,,,,,,,,,,,
FRI001,Fridge Guard,PACLINV0056978,,,"2,629.31","3,600.00",,"1,749.24",880.07,33.47,,,,,,,,,,,,,
GAL003,Galvanised Wire Kgs,PACLINV0042138,,,323.28,562.50,,232.75,90.52,28.00,,,,,,,,,,,,,
GAL006,Galvanized Wire 2mm,PACLINV0030510,,,"5,000.00","5,800.00",,"3,620.69","1,379.31",27.59,,,,,,,,,,,,,
GAR007,GARDENA HOSE CONNECTOR,PACLINV0029671,,,215.52,250.00,,100.00,115.52,53.60,,,,,,,,,,,,,
GAT002,Gate Valve 1,PACLINV0059650,,,"44,879.33","22,500.00",,"35,331.65","9,547.68",21.27,,,,,,,,,,,,,
GAT003,Gate Valve 1/2,PACLINV0058208,,,"13,965.48",500.00,,"9,599.31","4,366.17",31.26,,,,,,,,,,,,,
GAT004,Gate Valve 11/2,PACLCRN0002860,,,"13,931.04","-1,086.20",,"10,869.24","3,061.80",21.98,,,,,,,,,,,,,
GAT005,Gate Valve 11/4,PACLINV0058193,,,"29,310.33","1,800.00",,"26,203.01","3,107.32",10.60,,,,,,,,,,,,,
GAT006,Gate Valve 2 pegler,PACLINV0051312,,,"12,336.21","3,500.00",,"11,034.48","1,301.73",10.55,,,,,,,,,,,,,
GAT007,Gate Valve 3/4,PACLINV0059650,,,"99,439.59","31,850.00",,"66,954.30","32,485.29",32.67,,,,,,,,,,,,,
GAT008,Gate Valve 1 pegler,PACLINV0060067,,,"46,991.42",900.00,,"37,266.12","9,725.30",20.70,,,,,,,,,,,,,
GI 001,Gi Back Nut 1,PACLINV0058960,,,"1,435.35",45.00,,650.05,785.30,54.71,,,,,,,,,,,,,
Inventory Sales Analysis,,,,,,,,,,,,,,,,,,,,Page 15 of 36,,,
,,,Amount (VAT,,,Amount (VAT,,,,,,,,,,,,,,,,,
Item Code,Item Description,Reference,,,Quantity,Incl),,Cost,Profit,Profit %,,,,Markup %,,,,,,,,,
Linked Account:,,,,,,0,,,,,,,,,,,,,,,,,
GI 002,Gi Back Nut 1/2,PACLINV0056380,,,301.72,160.00,,105.68,196.04,64.97,,,,,,,,,,,,,
GI 004,Gi Back Nut 11/4,PACLINV0041807,,,258.62,100.00,,137.46,121.16,46.85,,,,,,,,,,,,,
GI 005,Gi Back Nut 2,PACLINV0052390,,,892.24,135.00,,661.50,230.74,25.86,,,,,,,,,,,,,
GI 006,Gi Back Nut 3/4,PACLINV0046439,,,"1,530.17",315.00,,687.66,842.51,55.06,,,,,,,,,,,,,
GI 007,Gi Barrel Nipple 1,PACLINV0043587,,,443.96,180.00,,324.84,119.12,26.83,,,,,,,,,,,,,
GI 008,Gi Barrel Nipple 1/2,PACLINV0061029,,,"1,362.05",40.00,,718.83,643.22,47.22,,,,,,,,,,,,,
GI 012,Gi Barrel Nipple 3/4,PACLINV0055689,,,629.30,220.00,,262.21,367.09,58.33,,,,,,,,,,,,,
GI 014,Gi Bend 1/2,PACLINV0047401,,,258.62,900.00,,168.09,90.53,35.01,,,,,,,,,,,,,
GI 015,Gi Bend 11/2,PACLINV0029190,,,258.62,300.00,,143.10,115.52,44.67,,,,,,,,,,,,,
GI 018,Gi Bend 3/4,PACLINV0045938,,,60.34,70.00,,42.00,18.34,30.39,,,,,,,,,,,,,
GI 019,Gi Cup  Female 1,PACLINV0056721,,,521.54,"4,500.00",,301.70,219.84,42.15,,,,,,,,,,,,,
GI 020,Gi Cup Female 1/2,PACLINV0061305,,,"15,672.41","16,000.00",,"6,077.05","9,595.36",61.22,,,,,,,,,,,,,
GI 021,Gi Cup Female 11/2,PACLINV0030332,,,43.10,50.00,,17.24,25.86,60.00,,,,,,,,,,,,,
GI 023,Gi Cup Female 3/4,PACLINV0056209,,,"1,124.97",800.00,,505.23,619.74,55.09,,,,,,,,,,,,,
GI 024,Gi Elbow 1,PACLINV0058219,,,"1,043.10",70.00,,674.40,368.70,35.35,,,,,,,,,,,,,
GI 025,Gi Elbow 1/2,PACLINV0056850,,,"2,435.32",25.00,,"1,156.62","1,278.70",52.51,,,,,,,,,,,,,
GI 028,Gi Elbow 2,PACLINV0040670,,,517.24,"1,200.00",,431.04,86.20,16.67,,,,,,,,,,,,,
GI 029,Gi Elbow 3/4,PACLINV0044834,,,556.03,"2,520.00",,345.84,210.19,37.80,,,,,,,,,,,,,
GI 030,Gi Hex Nipple 1,PACLINV0060559,,,672.40,50.00,,342.52,329.88,49.06,,,,,,,,,,,,,
GI 031,Gi Hex Nipple 1/2,PACLINV0057188,,,"21,892.21",100.00,,"8,222.78","13,669.43",62.44,,,,,,,,,,,,,
GI 032,Gi Hex Nipple 11/2,PACLINV0052059,,,732.77,130.00,,594.58,138.19,18.86,,,,,,,,,,,,,
GI 033,Gi Hex Nipple 11/4,PACLINV0049135,,,181.04,90.00,,144.76,36.28,20.04,,,,,,,,,,,,,
GI 034,Gi Hex Nipple 2,PACLINV0040670,,,387.93,600.00,,290.61,97.32,25.09,,,,,,,,,,,,,
GI 035,Gi Hex Nipple 3/4,PACLINV0060067,,,"2,405.13",40.00,,"1,342.88","1,062.25",44.17,,,,,,,,,,,,,
GI 036,Gi Long Thread Nipple 1,PACLINV0060868,,,"1,116.35",70.00,,656.80,459.55,41.17,,,,,,,,,,,,,
GI 037,Gi Long Thread Nipple 1/2,PACLINV0059586,,,409.47,40.00,,180.62,228.85,55.89,,,,,,,,,,,,,
GI 038,Gi Long Thread Nipple 11/2,PACLINV0054459,,,314.65,180.00,,206.90,107.75,34.24,,,,,,,,,,,,,
GI 039,Gi Long Thread Nipple 11/4,PACLINV0054484,,,603.44,640.00,,413.80,189.64,31.43,,,,,,,,,,,,,
GI 040,Gi Long Thread Nipple 2,PACLINV0059230,,,344.82,200.00,,310.34,34.48,10.00,,,,,,,,,,,,,
GI 041,Gi Long Thread Nipple 3/4,PACLINV0046439,,,896.54,40.00,,449.65,446.89,49.85,,,,,,,,,,,,,
GI 042,Gi Plug Male 1,PACLCRN0001562,,,0.00,"-1,564.08",,0.00,0.00,0.00,,,,,,,,,,,,,
GI 043,Gi Plug Male 1/2,PACLINV0060947,,,"7,418.08",750.00,,"2,753.31","4,664.77",62.88,,,,,,,,,,,,,
GI 045,Gi Plug Male 3/4,PACLINV0042092,,,599.13,40.00,,245.70,353.43,58.99,,,,,,,,,,,,,
GI 046,Gi Red Bush 11/2x11/4,PACLINV0031136,,,0.00,80.00,,0.00,0.00,0.00,,,,,,,,,,,,,
GI 047,Gi Red Bush 11/2x3/4,PACLINV0045156,,,155.17,180.00,,103.45,51.72,33.33,,,,,,,,,,,,,
GI 048,Gi Red Bush 11/4x1,PACLINV0058219,,,189.65,80.00,,134.49,55.16,29.09,,,,,,,,,,,,,
GI 051,Gi Red Bush 1x3/4,PACLINV0060067,,,357.76,40.00,,193.95,163.81,45.79,,,,,,,,,,,,,
GI 052,Gi Red Bush 2x1,PACLINV0042348,,,86.21,100.00,,56.90,29.31,34.00,,,,,,,,,,,,,
GI 053,Gi Red Bush 2x11/2,PACLINV0033225,,,137.94,80.00,,113.80,24.14,17.50,,,,,,,,,,,,,
GI 056,Gi Red Bush 3/4x1/2,PACLINV0057461,,,"1,030.17",35.00,,400.40,629.77,61.13,,,,,,,,,,,,,
GI 057,Gi Red Socket 11/2x1,PACLINV0052059,,,443.97,150.00,,344.84,99.13,22.33,,,,,,,,,,,,,
GI 058,Gi Red Socket 11/2x1/2,PACLINV0042802,,,137.93,320.00,,101.72,36.21,26.25,,,,,,,,,,,,,
GI 060,Gi Red Socket 11/4x1,PACLCRN0001523,,,172.42,-72.42,,129.32,43.10,25.00,,,,,,,,,,,,,
GI 061,Gi Red Socket 1x1/2,PACLINV0029873,,,168.11,75.00,,129.30,38.81,23.09,,,,,,,,,,,,,
GI 062,Gi Red Socket 1x3/4,PACLINV0055830,,,719.81,80.00,,439.62,280.19,38.93,,,,,,,,,,,,,
GI 064,Gi Red Socket 2 X 3/4,PACLINV0055689,,,129.31,150.00,,78.45,50.86,39.33,,,,,,,,,,,,,
GI 065,Gi Red Socket 3/4x1/2,PACLINV0058960,,,905.15,50.00,,517.66,387.49,42.81,,,,,,,,,,,,,
GI 068,Gi Socket 1,PACLINV0043587,,,995.71,180.00,,650.34,345.37,34.69,,,,,,,,,,,,,
GI 069,Gi Socket 1/2,PACLINV0061305,,,"13,594.80","16,000.00",,"4,935.99","8,658.81",63.69,,,,,,,,,,,,,
GI 070,Gi Socket 11/2,PACLINV0038480,,,0.00,120.00,,0.00,0.00,0.00,,,,,,,,,,,,,
Inventory Sales Analysis,,,,,,,,,,,,,,,,,,,,Page 16 of 36,,,
,,,Amount (VAT,,,Amount (VAT,,,,,,,,,,,,,,,,,
Item Code,Item Description,Reference,,,Quantity,Incl),,Cost,Profit,Profit %,,,,Markup %,,,,,,,,,
Linked Account:,,,,,,0,,,,,,,,,,,,,,,,,
GI 071,Gi Socket 11/4,PACLINV0052059,,,413.80,120.00,,310.36,103.44,25.00,,,,,,,,,,,,,
GI 073,Gi Socket 3/4,PACLINV0059184,,,"1,107.75",240.00,,672.84,434.91,39.26,,,,,,,,,,,,,
GI 074,Gi Stand Pipe 1/2x1.5ft,PACLINV0059184,,,"6,112.06",200.00,,"3,007.66","3,104.40",50.79,,,,,,,,,,,,,
GI 075,Gi Stand Pipe 1/2x1ft,PACLINV0059004,,,"1,344.82",150.00,,128.01,"1,216.81",90.48,,,,,,,,,,,,,
GI 076,Gi Stand Pipe 1/2x2ft,PACLINV0058896,,,"2,060.33",215.00,,"1,297.24",763.09,37.04,,,,,,,,,,,,,
GI 077,Gi Stand Pipe 1/2x3ft,PACLINV0047401,,,"1,379.31","2,700.00",,827.58,551.73,40.00,,,,,,,,,,,,,
GI 079,Gi Stand Pipe 3/4x1ft,PACLINV0059275,,,474.14,800.00,,232.77,241.37,50.91,,,,,,,,,,,,,
GI 081,Gi Tee 1,PACLINV0054328,,,181.04,110.00,,126.52,54.52,30.11,,,,,,,,,,,,,
GI 082,Gi Tee 1/2,PACLINV0059176,,,"1,668.08",60.00,,"1,420.81",247.27,14.82,,,,,,,,,,,,,
GI 083,Gi Tee 11/2,PACLINV0034511,,,215.52,250.00,,150.00,65.52,30.40,,,,,,,,,,,,,
GI 085,Gi Tee 2,PACLINV0030332,,,137.93,160.00,,120.00,17.93,13.00,,,,,,,,,,,,,
GI 088,Gi Tee 3/4,PACLINV0052863,,,547.39,50.00,,374.30,173.09,31.62,,,,,,,,,,,,,
GI 089,Gi Union 1,PACLINV0042092,,,"1,034.47",200.00,,744.10,290.37,28.07,,,,,,,,,,,,,
GI 090,Gi Union 1/2,PACLINV0036446,,,56.03,65.00,,45.09,10.94,19.53,,,,,,,,,,,,,
GI 092,Gi Union 11/4,PACLINV0045196,,,344.83,800.00,,290.26,54.57,15.83,,,,,,,,,,,,,
GI 095,Gi Union 3/4,PACLINV0060067,,,"1,668.14",120.00,,"1,205.74",462.40,27.72,,,,,,,,,,,,,
GLA006,Glass Clear 3mm,PACLINV0043170,,,"9,254.32","6,400.00",,"5,143.98","4,110.34",44.42,,,,,,,,,,,,,
GLA007,Glass Clear 4mm,PACLINV0054715,,,"4,254.32",560.00,,"2,748.00","1,506.32",35.41,,,,,,,,,,,,,
GLA008,Glass Clear 5mm,PACLINV0057864,,,"4,137.94","3,500.00",,"2,715.61","1,422.32",34.37,,,,,,,,,,,,,
GLA012,Glass Flowered 3mm,PACLINV0049316,,,"1,978.45","17,000.00",,931.10,"1,047.35",52.94,,,,,,,,,,,,,
GLA013,Glass Gold Bronze 4mm,PACLINV0047815,,,982.76,"6,840.00",,530.88,451.88,45.98,,,,,,,,,,,,,
GLA015,Glass Mirror 4mm,PACLINV0049185,,,"5,349.14","5,000.00",,"4,152.99","1,196.14",22.36,,,,,,,,,,,,,
GLA017,Glass Obs Blue 3mm,PACLINV0029111,,,931.04,"2,430.00",,775.89,155.15,16.66,,,,,,,,,,,,,
GLA018,Glass One Way Blue,PACLINV0051912,,,818.97,"4,750.00",,448.20,370.77,45.27,,,,,,,,,,,,,
GLA023,Glass Tint Grey 4mm,PACLINV0048511,,,"1,327.59",800.00,,758.64,568.95,42.86,,,,,,,,,,,,,
GLA024,Glass Tint Grey Indi,PACLINV0055366,,,"5,431.03","198,450.00",,"3,394.44","2,036.59",37.50,,,,,,,,,,,,,
GLO004,Gloves Leather H/G,PACLINV0032715,,,474.14,550.00,,206.90,267.24,56.36,,,,,,,,,,,,,
GLO005,Gloves Leather Short,PACLINV0057930,,,"19,051.71",550.00,,"13,359.90","5,691.81",29.88,,,,,,,,,,,,,
GLO007,Gloves Rubber H/G,PACLINV0061265,,,"22,612.03","2,800.00",,"9,181.01","13,431.02",59.40,,,,,,,,,,,,,
GLO008,Gloves Rubber L/G,PACLINV0061025,,,"2,543.10",250.00,,"1,008.67","1,534.43",60.34,,,,,,,,,,,,,
GOO001,Gauze Wire Mtrs,PACLINV0059041,,,"20,025.88","4,900.00",,"9,997.09","10,028.79",50.08,,,,,,,,,,,,,
GOO002,Gauze  Wire Roll,PACLINV0030811,,,"8,017.24","6,000.00",,"6,174.58","1,842.66",22.98,,,,,,,,,,,,,
GRE002,Grey Oxide Powder 1kg,PACLINV0047886,,,"4,008.61","35,000.00",,"2,062.62","1,945.99",48.55,,,,,,,,,,,,,
GRE003,Green  Oxide 1kg,PACLINV0054246,,,"1,637.93","1,400.00",,827.58,810.35,49.47,,,,,,,,,,,,,
GRI004,Grinding Disc 9,PACLINV0030820,,,517.24,300.00,,481.10,36.14,6.99,,,,,,,,,,,,,
GRO002,Grout 1kg Cream,PACLINV0048512,,,"1,275.86","2,400.00",,597.60,678.26,53.16,,,,,,,,,,,,,
GRO005,Grout 3kg Grey,PACLINV0056780,,,"5,948.27","4,050.00",,"1,847.40","4,100.87",68.94,,,,,,,,,,,,,
GRO006,Grout 3kg White,PACLINV0059884,,,"9,637.92","1,800.00",,"3,037.92","6,600.00",68.48,,,,,,,,,,,,,
GRO015,Grout 1kg Grey-Fuga,PACLINV0058157,,,"58,232.70",150.00,,"18,583.22","39,649.48",68.09,,,,,,,,,,,,,
GRO016,Grout 1kg White-Fuga,PACLINV0060219,,,"45,112.03","2,400.00",,"14,091.57","31,020.46",68.76,,,,,,,,,,,,,
GRO017,Grout white-kalekim 3kg,PACLINV0043359,,,"5,775.86",450.00,,"3,491.40","2,284.46",39.55,,,,,,,,,,,,,
GRO018,Grout Grey- Kalekim 3kg,PACLINV0057034,,,"10,189.62",400.00,,"6,051.76","4,137.86",40.61,,,,,,,,,,,,,
GUM003,Gum Poles Small,PACLINV0051256,,,"1,965.52",600.00,,"1,400.88",564.64,28.73,,,,,,,,,,,,,
GUM004,Gumboot  No 6,PACLINV0050226,,,"4,059.36",600.00,,"3,311.22",748.14,18.43,,,,,,,,,,,,,
GUM005,Gumboot  No 7,PACLINV0050367,,,"7,112.06",446.00,,"5,026.26","2,085.80",29.33,,,,,,,,,,,,,
GUM006,Gumboot  No 8,PACLINV0043035,,,"3,879.32",750.00,,"2,331.18","1,548.14",39.91,,,,,,,,,,,,,
GUM007,Gumboot  No 10,PACLINV0054548,,,"4,060.35","4,230.00",,"3,170.04",890.31,21.93,,,,,,,,,,,,,
GUM008,Gumboot  No 9,PACLINV0050226,,,"6,218.10",600.00,,"4,938.40","1,279.70",20.58,,,,,,,,,,,,,
GUM009,Gumboot H/G  No 6,PACLINV0060083,,,"3,706.89",750.00,,"2,839.82",867.07,23.39,,,,,,,,,,,,,
GUM010,Gumboot H/G  No 7,PACLINV0056037,,,"6,295.93",750.00,,"5,215.54","1,080.39",17.16,,,,,,,,,,,,,
Inventory Sales Analysis,,,,,,,,,,,,,,,,,,,,Page 17 of 36,,,
,,,Amount (VAT,,,Amount (VAT,,,,,,,,,,,,,,,,,
Item Code,Item Description,Reference,,,Quantity,Cost,,,Profit,Profit %,,,,Markup %,,,,,,,,,
Linked Account:,,,,,,0,,,,,,,,,,,,,,,,,
GUM011,Gumboot H/G  No 8,PACLINV0061137,,,"5,775.86","4,263.50",,,"1,512.36",26.18,,,,,,,,,,,,,
GUM012,Gumboot H/G  No 9,PACLINV0056109,,,"5,560.34","3,363.76",,,"2,196.58",39.50,,,,,,,,,,,,,
GUM013,Gumboot H/G  No 10,PACLINV0061022,,,"4,718.40","2,878.70",,,"1,839.70",38.99,,,,,,,,,,,,,
GUT001,Gutter Angle,PACLINV0043210,,,"4,568.96","3,034.56",,,"1,534.40",33.58,,,,,,,,,,,,,
GUT002,Gutter Bracket,PACLINV0056614,,,"34,267.24","13,962.96",,,"20,304.28",59.25,,,,,,,,,,,,,
GUT003,Gutter Connector,PACLINV0060155,,,"13,413.78","7,848.17",,,"5,565.61",41.49,,,,,,,,,,,,,
GUT008,Gutter Metro,PACLCRN0002787,,,"86,681.06","61,701.33",,,"24,979.73",28.82,,,,,,,,,,,,,
GUT012,Gutter Stop End,PACLINV0060155,,,"9,116.37","3,413.52",,,"5,702.85",62.56,,,,,,,,,,,,,
GUT014,Gutters Outlet,PACLINV0060155,,,"12,271.54","8,787.86",,,"3,483.68",28.39,,,,,,,,,,,,,
GYP002,Gypsum Angle Line,PACLINV0042997,,,"69,594.82","48,268.85",,,"21,325.97",30.64,,,,,,,,,,,,,
GYP003,Gypsum Board 12mm,PACLINV0057183,,,"185,517.25","148,422.71",,,"37,094.54",20.00,,,,,,,,,,,,,
GYP006,Gypsum Board Hada,PACLINV0060546,,,"3,100,103.78","2,835,120.92",,,"264,982.86",8.55,,,,,,,,,,,,,
GYP008,Gypsum Board Moist Resistant,PACLINV0058563,,,"398,336.22","266,353.66",,,"131,982.56",33.13,,,,,,,,,,,,,
GYP010,Gypsum Board Waterproof 9mm,PACLINV0049095,,,"1,120.69","1,034.48",,,86.21,7.69,,,,,,,,,,,,,
GYP011,Gypsum Channel,PACLINV0057673,,,"1,091,831.92","864,952.96",,,"226,878.96",20.78,,,,,,,,,,,,,
GYP012,Gypsum Cornice-Plain,PACLINV0061130,,,"194,543.11","127,403.06",,,"67,140.05",34.51,,,,,,,,,,,,,
GYP013,Gypsum Corner Bead,PACLINV0060007,,,"64,631.04","48,597.91",,,"16,033.13",24.81,,,,,,,,,,,,,
GYP016,Gypsum Fibre Tape,PACLINV0059307,,,"120,939.42","62,052.70",,,"58,886.72",48.69,,,,,,,,,,,,,
GYP020,Gypsum Knife,PACLINV0046022,,,"1,844.82",954.48,,,890.34,48.26,,,,,,,,,,,,,
GYP021,Gypsum Powder 1kg,PACLINV0056205,,,"20,603.41","11,900.00",,,"8,703.41",42.24,,,,,,,,,,,,,
GYP022,Gypsum Powder 25kg,PACLINV0060206,,,"843,361.94","777,519.36",,,"65,842.58",7.81,,,,,,,,,,,,,
GYP025,Gypsum Screws 1 *1000pcs -Blue essential,PACLINV0060139,,,"372,913.69","271,531.35",,,"101,382.34",27.19,,,,,,,,,,,,,
GYP026,Gypsum Screws 1 Pkt,PACLINV0059219,,,"23,396.52","7,941.55",,,"15,454.97",66.06,,,,,,,,,,,,,
GYP027,Gypsum Screws 11/2 Pkt,PACLINV0059612,,,"14,034.46","5,575.10",,,"8,459.36",60.28,,,,,,,,,,,,,
GYP028,Gypsum Screws 11/4 Pkt,PACLINV0056174,,,"3,793.12","1,532.40",,,"2,260.72",59.60,,,,,,,,,,,,,
GYP029,Gypsum Screws 2 Pkt,PACLINV0061202,,,"11,379.30","4,445.25",,,"6,934.05",60.94,,,,,,,,,,,,,
GYP030,Gypsum Screws 3/4 Pkt,PACLINV0058563,,,"4,439.66","1,319.03",,,"3,120.63",70.29,,,,,,,,,,,,,
GYP032,Gypsum Screws Assorted,PACLINV0059630,,,"1,711.19",190.06,,,"1,521.13",88.89,,,,,,,,,,,,,
GYP034,Gypsum Stud,PACLINV0058384,,,"1,558,435.37","1,240,251.60",,,"318,183.77",20.42,,,,,,,,,,,,,
GYP036,Gypsum Board Thumb  9mm,PACLINV0034384,,,"205,646.55","189,827.08",,,"15,819.47",7.69,,,,,,,,,,,,,
GYP037,Gypsum Screws 1 *1000pcs,PACLINV0045636,,,"38,060.36","17,801.48",,,"20,258.88",53.23,,,,,,,,,,,,,
GYP038,Gypsum Cornice-Flowered,PACLINV0060364,,,"40,741.37","26,147.83",,,"14,593.54",35.82,,,,,,,,,,,,,
GYP039,Gypsum Stud 75mm,PACLINV0044650,,,"132,672.42","109,725.68",,,"22,946.74",17.30,,,,,,,,,,,,,
GYP040,Gypsum Channel 75mm,PACLINV0044650,,,"67,745.70","54,930.18",,,"12,815.52",18.92,,,,,,,,,,,,,
GYP041,Gypsum Furring Channel 68,PACLINV0044650,,,"152,362.07","115,756.82",,,"36,605.25",24.03,,,,,,,,,,,,,
GYP042,Gypsum Cornace-Type 2,PACLINV0056363,,,"2,353.45","1,357.86",,,995.59,42.30,,,,,,,,,,,,,
H.C001,H.C.L 1l,PACLINV0043460,,,"3,448.27","1,564.64",,,"1,883.63",54.63,,,,,,,,,,,,,
H.C002,H.C.L 5l,PACLINV0055351,,,"28,577.57","14,870.65",,,"13,706.92",47.96,,,,,,,,,,,,,
HAC001,Hacksaw Blade,PACLINV0060902,,,"273,388.30","209,143.07",,,"64,245.23",23.50,,,,,,,,,,,,,
HAC005,Hacksaw Frame J/K,PACLINV0058455,,,"2,568.97","1,318.97",,,"1,250.00",48.66,,,,,,,,,,,,,
HAC006,Hacksaw Frame Orange,PACLINV0060682,,,"6,706.88","4,231.15",,,"2,475.73",36.91,,,,,,,,,,,,,
HAM001,Hammer Jk,PACLINV0047790,,,"6,599.10","3,972.92",,,"2,626.18",39.80,,,,,,,,,,,,,
HAM003,Hammer Rubber 29mm,PACLINV0056893,,,"12,821.53","8,481.29",,,"4,340.24",33.85,,,,,,,,,,,,,
HAN003,Handsaw 16,PACLINV0057930,,,"7,495.64","3,855.95",,,"3,639.69",48.56,,,,,,,,,,,,,
HAN006,Hard Broom With Handle,PACLINV0061284,,,"66,141.57","45,821.08",,,"20,320.49",30.72,,,,,,,,,,,,,
HAN007,Hard Broom Without Handle,PACLINV0054386,,,"12,025.85","7,444.70",,,"4,581.15",38.09,,,,,,,,,,,,,
HAN008,Handsaw 16 -Metallic,PACLINV0060731,,,"3,922.40","2,750.00",,,"1,172.40",29.89,,,,,,,,,,,,,
HAN009,Hand sprayer Pump 20lt,PACLINV0043200,,,0.00,0.00,,,0.00,0.00,,,,,,,,,,,,,
HAS001,Hasp & Staple 2,PACLINV0050189,,,344.83,155.16,,,189.67,55.00,,,,,,,,,,,,,
HAS003,Hasp & Staple 3,PACLINV0050189,,,198.27,97.02,,,101.25,51.07,,,,,,,,,,,,,
Inventory Sales Analysis,,,,,,,,,,,,,,,,,,,,Page 18 of 36,,,
,,,Amount (VAT,,,Amount (VAT,,,,,,,,,,,,,,,,,
Item Code,Item Description,Reference,,,Quantity,Cost,,,Profit,Profit %,,,,Markup %,,,,,,,,,
Linked Account:,,,,,,0,,,,,,,,,,,,,,,,,
HAS005,Hasp Juakali,PACLINV0060061,,,"9,389.62","3,883.46",,,"5,506.16",58.64,,,,,,,,,,,,,
HDP003,Hdpe Pipe Roll 50mm,PACLINV0045017,,,"17,931.03","15,510.34",,,"2,420.69",13.50,,,,,,,,,,,,,
HDP005,Hdpe pipe roll 25mm,PACLINV0056793,,,"2,413.79","2,200.00",,,213.79,8.86,,,,,,,,,,,,,
HDP006,Hdpe pipe roll 20mm,PACLINV0028618,,,"2,198.28","1,800.00",,,398.28,18.12,,,,,,,,,,,,,
HEL001,Helmets Red,PACLINV0059530,,,"8,560.34","5,245.99",,,"3,314.35",38.72,,,,,,,,,,,,,
HEL002,Helmets Blue,PACLINV0059530,,,"7,112.08","3,357.90",,,"3,754.18",52.79,,,,,,,,,,,,,
HEL003,Helmets white,PACLINV0056055,,,"7,715.51","3,981.60",,,"3,733.91",48.39,,,,,,,,,,,,,
HEL004,Helmets yellow,PACLINV0058075,,,"13,284.48","8,239.94",,,"5,044.54",37.97,,,,,,,,,,,,,
HEM001,Hemp,PACLINV0049340,,,801.72,465.00,,,336.72,42.00,,,,,,,,,,,,,
HIG002,High Gloss Thinner 5lt,PACLINV0056835,,,"6,120.69","5,603.45",,,517.24,8.45,,,,,,,,,,,,,
HIL002,Hilt Bit 12mm,PACLINV0058341,,,"2,439.66","1,724.10",,,715.56,29.33,,,,,,,,,,,,,
HIL003,Hilt Bit 14mm,PACLINV0059118,,,"1,249.99",646.55,,,603.44,48.28,,,,,,,,,,,,,
HIL004,Hilt Bit 16mm,PACLINV0055369,,,"1,767.25",551.72,,,"1,215.53",68.78,,,,,,,,,,,,,
HIL005,Hilt Bit 6mm,PACLINV0059823,,,"5,413.77","2,068.80",,,"3,344.97",61.79,,,,,,,,,,,,,
HIL006,Hilt Bit 8mm,PACLINV0056615,,,"2,844.81","1,310.43",,,"1,534.38",53.94,,,,,,,,,,,,,
HIL007,Hilt Bit 10MM,PACLINV0061193,,,"2,784.48","1,638.00",,,"1,146.48",41.17,,,,,,,,,,,,,
HIN002,Hinges 1.5- Pairs,PACLINV0038300,,,172.41,98.10,,,74.31,43.10,,,,,,,,,,,,,
HIN003,Hinges 2- Pairs,PACLINV0060476,,,"1,241.37",388.08,,,853.29,68.74,,,,,,,,,,,,,
HIN004,Hinges 2.5- Pairs,PACLINV0045173,,,103.44,28.74,,,74.70,72.22,,,,,,,,,,,,,
HIN005,Hinges 3- Pairs,PACLINV0058773,,,"3,672.39","1,110.33",,,"2,562.06",69.77,,,,,,,,,,,,,
HIN006,Hinges 4- Pairs,PACLINV0060962,,,"9,396.56","4,506.03",,,"4,890.53",52.05,,,,,,,,,,,,,
HIN015,Hinges Oxford Brass,PACLINV0056027,,,"14,448.28","7,817.65",,,"6,630.63",45.89,,,,,,,,,,,,,
HIN016,Hinges Oxford Silver,PACLINV0059841,,,"11,543.09","5,634.69",,,"5,908.40",51.19,,,,,,,,,,,,,
HOO003,Hoop Iron Roll,PACLINV0061027,,,"2,415,150.26","1,781,994.89",,,"633,155.37",26.22,,,,,,,,,,,,,
HOS001,Hose Clip 1,PACLINV0033002,,,107.75,51.72,,,56.03,52.00,,,,,,,,,,,,,
HOS011,Hose Pipe Braided 1/2x30m,PACLINV0057067,,,"10,431.03","8,079.00",,,"2,352.03",22.55,,,,,,,,,,,,,
HOS012,Hose Pipe Braided 1/2x50m,PACLINV0057964,,,"24,181.04","17,155.18",,,"7,025.86",29.06,,,,,,,,,,,,,
HOS013,Hose Pipe Braided 1x30m,PACLINV0061173,,,"17,801.73","14,224.30",,,"3,577.43",20.10,,,,,,,,,,,,,
HOS014,Hose Pipe Braided 1x50,PACLINV0059203,,,"65,258.60","52,854.28",,,"12,404.32",19.01,,,,,,,,,,,,,
HOS015,Hose Pipe Braided 3/4x30m,PACLINV0060477,,,"32,586.20","19,855.50",,,"12,730.70",39.07,,,,,,,,,,,,,
HOS016,Hose Pipe Braided 3/4x50m,PACLINV0057112,,,"85,689.63","65,181.25",,,"20,508.38",23.93,,,,,,,,,,,,,
HOS017,Hose Pipe Clear 1/2x120ft,PACLINV0043443,,,"5,862.07","3,448.30",,,"2,413.77",41.18,,,,,,,,,,,,,
HOS018,Hose Pipe Clear 1/2x60ft,PACLINV0060883,,,"7,025.86","3,106.79",,,"3,919.07",55.78,,,,,,,,,,,,,
HOS019,Hose Pipe Clear 1/4 X 50 Roll(s),PACLINV0059026,,,"22,974.11","16,353.10",,,"6,621.01",28.82,,,,,,,,,,,,,
HOS021,Hose Pipe Clear 3/4x120ft,PACLINV0050149,,,"9,310.34","7,081.29",,,"2,229.05",23.94,,,,,,,,,,,,,
HOS022,Hose Pipe Clear 3/4x60ft,PACLINV0055734,,,"1,163.79",752.36,,,411.43,35.35,,,,,,,,,,,,,
HOS023,Hose Pipe Zebra 1/2x60ft,PACLINV0048761,,,689.66,517.24,,,172.42,25.00,,,,,,,,,,,,,
HOS026,Hose Pipe Zebra 3/4x60ft,PACLINV0045756,,,"1,034.48",646.55,,,387.93,37.50,,,,,,,,,,,,,
HOS030,Hospital Tap,PACLINV0034365,,,"6,034.48","4,920.00",,,"1,114.48",18.47,,,,,,,,,,,,,
IND001,Ind Socket Single Phase,PACLINV0057025,,,"3,103.45","2,362.08",,,741.37,23.89,,,,,,,,,,,,,
INS001,Insulating  Tape Black Big,PACLINV0058448,,,"25,594.92","16,349.46",,,"9,245.46",36.12,,,,,,,,,,,,,
INS002,InsulatingTape  Black Small,PACLINV0060183,,,"7,187.00","4,500.43",,,"2,686.57",37.38,,,,,,,,,,,,,
INS004,Insulating Tape Yellow Big,PACLINV0058995,,,"2,073.29","1,058.82",,,"1,014.47",48.93,,,,,,,,,,,,,
INS008,Insulating Tape White Big,PACLINV0060598,,,"1,931.06","1,093.60",,,837.46,43.37,,,,,,,,,,,,,
INS012,Instant Shower Ener 4t,PACLINV0056974,,,"43,491.39","36,980.75",,,"6,510.64",14.97,,,,,,,,,,,,,
INS015,Instant Shower Lorenzeti,PACLINV0059613,,,"55,112.06","46,287.83",,,"8,824.23",16.01,,,,,,,,,,,,,
INS018,Insulating Tape Green  Big,PACLINV0058995,,,"1,379.32",667.94,,,711.38,51.57,,,,,,,,,,,,,
INS019,Insulating Tape Red Big,PACLINV0058995,,,"2,612.11","1,328.50",,,"1,283.61",49.14,,,,,,,,,,,,,
INS020,Insulating Tape Blue  Big,PACLINV0043692,,,448.28,237.05,,,211.23,47.12,,,,,,,,,,,,,
INS021,InsulatingTape  Black Big-Tronic,PACLINV0058900,,,"2,586.21","1,991.43",,,594.78,23.00,,,,,,,,,,,,,
Inventory Sales Analysis,,,,,,,,,,,,,,,,,,,,Page 19 of 36,,,
,,,Amount (VAT,,,Amount (VAT,,,,,,,,,,,,,,,,,
Item Code,Item Description,Reference,,,Quantity,Cost,,,Profit,Profit %,,,,Markup %,,,,,,,,,
Linked Account:,,,,,,0,,,,,,,,,,,,,,,,,
INS022,InsulatingTape  Black Small-Tronic,PACLINV0059930,,,137.93,105.18,,,32.75,23.74,,,,,,,,,,,,,
IZO001,IZOSTOP 3001-Kalekim,PACLINV0042965,,,"190,517.23","123,276.40",,,"67,240.83",35.29,,,,,,,,,,,,,
J B001,J Bolts,PACLINV0037892,,,103.45,55.20,,,48.25,46.64,,,,,,,,,,,,,
JEM001,Jembe 1.5LB,PACLINV0057524,,,"2,318.97","1,601.74",,,717.23,30.93,,,,,,,,,,,,,
JEM002,Jembe 2.5LB,PACLINV0060083,,,"14,168.09","7,291.96",,,"6,876.13",48.53,,,,,,,,,,,,,
JEM003,Jembe 2LB,PACLINV0057524,,,"2,025.85","1,318.82",,,707.03,34.90,,,,,,,,,,,,,
JEM004,Jembe 3LB,PACLINV0059627,,,"9,948.27","5,207.11",,,"4,741.16",47.66,,,,,,,,,,,,,
JEM005,Jembe Handle,PACLINV0056722,,,"23,405.22","11,332.28",,,"12,072.94",51.58,,,,,,,,,,,,,
JIG001,Jigsaw Blade,PACLINV0032870,,,340.52,103.45,,,237.07,69.62,,,,,,,,,,,,,
JUM001,Jumbo Tank 10000l,PACLINV0045674,,,"523,362.08","467,215.25",,,"56,146.83",10.73,,,,,,,,,,,,,
JUM002,Jumbo Tank 1000l,PACLINV0058593,,,"43,245.69","31,145.04",,,"12,100.65",27.98,,,,,,,,,,,,,
JUM003,Jumbo Tank 100l,PACLINV0045956,,,"2,068.97","1,389.66",,,679.31,32.83,,,,,,,,,,,,,
JUM005,Jumbo Tank 1500l,PACLINV0030761,,,"18,103.45","13,981.40",,,"4,122.05",22.77,,,,,,,,,,,,,
JUM010,Jumbo Tank 3000l,PACLINV0043889,,,"143,879.31","125,055.00",,,"18,824.31",13.08,,,,,,,,,,,,,
JUM011,Jumbo Tank 300l,PACLINV0058193,,,"5,129.31","4,569.06",,,560.25,10.92,,,,,,,,,,,,,
JUM014,Jumbo Tank 5000l,PACLINV0042830,,,"339,137.94","294,183.07",,,"44,954.87",13.26,,,,,,,,,,,,,
JUM017,Jumbo Tank Rect 1000l,PACLINV0045499,,,"30,603.45","23,954.73",,,"6,648.72",21.73,,,,,,,,,,,,,
KEN001,KenSeal4KG,PACLINV0059340,,,"3,232.76","2,827.58",,,405.18,12.53,,,,,,,,,,,,,
KIF001,Kifagio Big,PACLINV0060993,,,"17,815.51","10,475.97",,,"7,339.54",41.20,,,,,,,,,,,,,
KIT002,Bath Mixer wall  Pillar,PACLINV0050461,,,"9,827.59","7,586.20",,,"2,241.39",22.81,,,,,,,,,,,,,
KIT003,Kitchen Mixer Sink,PACLCRN0001923,,,0.00,0.00,,,0.00,0.00,,,,,,,,,,,,,
KIT004,Kitchen Mixer Wall,PACLINV0043688,,,"6,724.14","5,431.04",,,"1,293.10",19.23,,,,,,,,,,,,,
KIT006,Kitchen Sink D/B S/D,PACLINV0042168,,,"17,965.52","17,240.12",,,725.40,4.04,,,,,,,,,,,,,
KIT007,Kitchen Sink S/B S/D,PACLINV0060993,,,"16,896.55","13,068.40",,,"3,828.15",22.66,,,,,,,,,,,,,
KIT008,Kitchen Sink S/B S/D Light,PACLINV0039084,,,"1,896.55","1,535.92",,,360.63,19.02,,,,,,,,,,,,,
LEA003,Leaf Rake Plastic Big,PACLINV0049490,,,"15,991.37","12,327.64",,,"3,663.73",22.91,,,,,,,,,,,,,
LED001,Flourescent  Led Fittings 2ft,PACLINV0048566,,,112.07,112.07,,,0.00,0.00,,,,,,,,,,,,,
LED002,Flourescent Led Fittings 4ft,PACLINV0051208,,,698.27,517.24,,,181.03,25.93,,,,,,,,,,,,,
LED004,Flourescent Led Tubes 2ft,PACLINV0044407,,,620.69,401.96,,,218.73,35.24,,,,,,,,,,,,,
LED005,Flourescent Led Tubes 4ft,PACLINV0057774,,,"2,215.52","1,185.36",,,"1,030.16",46.50,,,,,,,,,,,,,
LED006,Downlighter 6w,PACLINV0047809,,,"1,896.55","1,458.66",,,437.89,23.09,,,,,,,,,,,,,
LED007,LED  Panel light(6500k),PACLINV0060359,,,706.89,609.63,,,97.26,13.76,,,,,,,,,,,,,
LED008,Led Panel  Light 6w(3000k),PACLINV0040694,,,344.83,284.48,,,60.35,17.50,,,,,,,,,,,,,
LED009,LED Butten lights  50w,PACLINV0055114,,,"1,525.86","1,224.13",,,301.73,19.77,,,,,,,,,,,,,
LED010,LED Butten light 20w,PACLINV0048263,,,"1,172.42","1,034.48",,,137.94,11.77,,,,,,,,,,,,,
LED012,LED Flood Light 20w,PACLINV0055763,,,"2,112.07","1,681.02",,,431.05,20.41,,,,,,,,,,,,,
LED014,LED Panel 24W,PACLINV0045406,,,"1,293.10","1,000.00",,,293.10,22.67,,,,,,,,,,,,,
LIM001,Lime 25kg,PACLINV0059642,,,"45,875.01","30,550.12",,,"15,324.89",33.41,,,,,,,,,,,,,
LIP001,Lipping Beach Roll,PACLINV0029335,,,"1,034.48",646.55,,,387.93,37.50,,,,,,,,,,,,,
LIP004,Lipping Mtrs,PACLINV0057932,,,"10,672.41","5,896.80",,,"4,775.61",44.75,,,,,,,,,,,,,
LIP007,Lipping White,PACLINV0044297,,,"2,543.11","1,745.68",,,797.43,31.36,,,,,,,,,,,,,
LOC002,Lock Flyglobe Gold,PACLINV0058919,,,"7,198.28","3,938.13",,,"3,260.15",45.29,,,,,,,,,,,,,
LOC003,Lock Flyglobe Silver,PACLINV0056978,,,"8,556.03","4,907.34",,,"3,648.69",42.64,,,,,,,,,,,,,
LOC004,Lock Moment,PACLINV0033815,,,"8,784.48","6,133.20",,,"2,651.28",30.18,,,,,,,,,,,,,
LOC006,Lock Union 2lever Silver,PACLINV0058378,,,"21,896.55","19,221.58",,,"2,674.97",12.22,,,,,,,,,,,,,
LOC009,Lock Union Brass 2lever,PACLINV0060670,,,"6,551.72","4,396.56",,,"2,155.16",32.89,,,,,,,,,,,,,
LOC010,Lock Union Dead 3lever,PACLINV0058436,,,"16,896.53","15,253.81",,,"1,642.72",9.72,,,,,,,,,,,,,
LOC011,Lock Wista W-20188,PACLINV0056763,,,"22,500.00","16,596.84",,,"5,903.16",26.24,,,,,,,,,,,,,
LOC012,Lock Union 2lever brass/gold,PACLINV0055127,,,"34,913.78","32,242.98",,,"2,670.80",7.65,,,,,,,,,,,,,
LOC013,Lock Wista W-23615,PACLINV0037376,,,"5,344.82","3,827.58",,,"1,517.24",28.39,,,,,,,,,,,,,
Inventory Sales Analysis,,,,,,,,,,,,,,,,,,,,Page 20 of 36,,,
,,,Amount (VAT,,,Amount (VAT,,,,,,,,,,,,,,,,,
Item Code,Item Description,Reference,,,Quantity,Cost,,,Profit,Profit %,,,,Markup %,,,,,,,,,
Linked Account:,,,,,,0,,,,,,,,,,,,,,,,,
LOC014,Lock Wista W-23613,PACLINV0056729,,,"3,577.58","2,551.72",,,"1,025.86",28.67,,,,,,,,,,,,,
LOC015,Lock Wista W-20252,PACLINV0060657,,,"11,293.10","7,655.16",,,"3,637.94",32.21,,,,,,,,,,,,,
LOO001,Looping Boxes,PACLINV0046653,,,"1,603.45",385.92,,,"1,217.53",75.93,,,,,,,,,,,,,
LOR001,Lordex 1kg,PACLINV0060104,,,"10,831.89","6,173.28",,,"4,658.61",43.01,,,,,,,,,,,,,
LOR002,Lordex 300g,PACLINV0046056,,,"2,974.11","1,474.14",,,"1,499.97",50.43,,,,,,,,,,,,,
M.C001,M.C.B Rail,PACLINV0052563,,,887.92,602.94,,,284.98,32.10,,,,,,,,,,,,,
MAC002,Machine Screw 2ba pcs,PACLINV0060672,,,491.39,351.68,,,139.71,28.43,,,,,,,,,,,,,
MAC004,Machine Screw 4ba,PACLINV0035586,,,905.17,491.37,,,413.80,45.72,,,,,,,,,,,,,
MAC005,MACHINE SCREW 2BA PKT,PACLINV0059559,,,"4,732.76","2,919.19",,,"1,813.57",38.32,,,,,,,,,,,,,
MAG001,Magic Connector 11/2 CHROME,PACLINV0056540,,,"6,094.82","4,471.21",,,"1,623.61",26.64,,,,,,,,,,,,,
MAG002,Magic Connector 11/4 CHROME,PACLINV0058253,,,"8,818.96","6,108.91",,,"2,710.05",30.73,,,,,,,,,,,,,
MAG005,Magnetic Socket 8mm,PACLINV0058320,,,"4,913.79","2,063.75",,,"2,850.04",58.00,,,,,,,,,,,,,
MAH001,Mahogany Spirit Stain,PACLINV0042258,,,862.07,396.60,,,465.47,53.99,,,,,,,,,,,,,
MAH003,Orion Mahogany Varnish1/2l,PACLINV0060307,,,"1,508.62",754.30,,,754.32,50.00,,,,,,,,,,,,,
MAL003,Malpha Hinges Hydraulic,PACLINV0061000,,,"47,086.20","19,060.07",,,"28,026.13",59.52,,,,,,,,,,,,,
MAN001,Manhole Cover 12x12,PACLINV0059649,,,"71,517.21","47,182.62",,,"24,334.59",34.03,,,,,,,,,,,,,
MAN002,Manhole Cover 15x15,PACLINV0053341,,,"22,931.02","16,874.68",,,"6,056.34",26.41,,,,,,,,,,,,,
MAN003,Manhole Cover 18x18,PACLINV0058278,,,"68,193.96","48,645.42",,,"19,548.54",28.67,,,,,,,,,,,,,
MAN004,Manhole Cover 18x24,PACLINV0060155,,,"336,137.92","249,020.61",,,"87,117.31",25.92,,,,,,,,,,,,,
MAN005,Manhole Cover 24x24,PACLINV0057477,,,"85,948.28","66,983.19",,,"18,965.09",22.07,,,,,,,,,,,,,
MAN007,Manilla Roll 100m,PACLINV0058116,,,"2,025.89","1,186.34",,,839.55,41.44,,,,,,,,,,,,,
MAN008,Manilla Roll 500m,PACLINV0059667,,,"10,396.52","6,038.55",,,"4,357.97",41.92,,,,,,,,,,,,,
MAN009,Manilla Rope 10mm- Mtrs,PACLINV0059518,,,"8,586.18","6,720.00",,,"1,866.18",21.73,,,,,,,,,,,,,
MAN010,Manilla Rope 12mm- Mtrs,PACLINV0060314,,,"16,060.35","5,680.96",,,"10,379.39",64.63,,,,,,,,,,,,,
MAN011,Manilla Rope 14mm- Mtrs,PACLINV0056785,,,"16,370.68","8,094.18",,,"8,276.50",50.56,,,,,,,,,,,,,
MAN013,Manilla Rope 18ply,PACLINV0061193,,,"6,969.77","2,480.34",,,"4,489.43",64.41,,,,,,,,,,,,,
MAN014,Manilla Rope 42ply,PACLINV0058136,,,"3,344.84","1,772.50",,,"1,572.34",47.01,,,,,,,,,,,,,
MAN015,Manilla Rope 6mm- Mtrs,PACLINV0054196,,,"5,405.17","1,830.00",,,"3,575.17",66.14,,,,,,,,,,,,,
MAN016,Manilla Rope 8mm- Mtrs,PACLINV0044247,,,"3,198.26","2,473.08",,,725.18,22.67,,,,,,,,,,,,,
MAN017,Manilla  Roll 1000m,PACLINV0059667,,,"18,893.10","9,281.44",,,"9,611.66",50.87,,,,,,,,,,,,,
MAN020,Manilla rope 10mm roll,PACLINV0052127,,,"8,362.06","7,241.37",,,"1,120.69",13.40,,,,,,,,,,,,,
MAN021,Manilla Rope 6mm Rolls,PACLINV0058995,,,"4,396.55","2,430.00",,,"1,966.55",44.73,,,,,,,,,,,,,
MAN022,Manilla Rope 8mm Rolls,PACLINV0053841,,,"14,224.14","10,523.20",,,"3,700.94",26.02,,,,,,,,,,,,,
MAN023,Manilla Rope 12mm Rolls,PACLINV0039802,,,"3,017.24","2,985.50",,,31.74,1.05,,,,,,,,,,,,,
MAR001,Marine Board- Tywood,PACLINV0060114,,,"6,668,103.37","6,129,046.70",,,"539,056.67",8.08,,,,,,,,,,,,,
MAR002,Marine Board-Zurkit 16mm,PACLINV0041871,,,"2,420,534.50","2,180,693.76",,,"239,840.74",9.91,,,,,,,,,,,,,
MAR003,Marine Board-Zurkit 18mm,PACLINV0057741,,,"4,141,241.40","3,852,571.72",,,"288,669.68",6.97,,,,,,,,,,,,,
MAS002,"Masking Tape Welfast 1.5""",PACLINV0045271,,,"8,318.97","5,199.84",,,"3,119.13",37.49,,,,,,,,,,,,,
MAS006,"Masking Tape Welfast 1""",PACLINV0061033,,,"60,060.23","34,466.52",,,"25,593.71",42.61,,,,,,,,,,,,,
MAS007,Masking Tape Big 1.5,PACLINV0028450,,,"5,689.65","3,693.08",,,"1,996.57",35.09,,,,,,,,,,,,,
MAS008,"Masking Tape Welfast 2""",PACLINV0060809,,,"105,965.53","72,870.92",,,"33,094.61",31.23,,,,,,,,,,,,,
MAS009,"Masking Tape Welfast 3/4""",PACLINV0059363,,,"21,362.11","14,086.80",,,"7,275.31",34.06,,,,,,,,,,,,,
MAS010,Mason Bit 10mm,PACLCRN0002690,,,"1,887.93",620.64,,,"1,267.29",67.13,,,,,,,,,,,,,
MAS011,Mason Bit 12mm,PACLINV0050763,,,"1,206.89",422.38,,,784.51,65.00,,,,,,,,,,,,,
MAS014,Mason Bit 6mm,PACLINV0060326,,,"2,137.94","1,172.49",,,965.45,45.16,,,,,,,,,,,,,
MAS015,Mason Bit 8mm,PACLINV0061295,,,"1,767.23",581.85,,,"1,185.38",67.08,,,,,,,,,,,,,
MAS016,Mason Chisel Flat,PACLINV0059045,,,"5,310.34","3,017.35",,,"2,292.99",43.18,,,,,,,,,,,,,
MAS017,Mason Chisel Pointed,PACLINV0060896,,,"21,137.89","12,069.40",,,"9,068.49",42.90,,,,,,,,,,,,,
MAS019,Mason Hammer 2.5lb,PACLINV0056722,,,"8,741.36","5,462.86",,,"3,278.50",37.51,,,,,,,,,,,,,
MAS020,Mason Hammer 2lb,PACLINV0053119,,,"2,155.16",862.10,,,"1,293.06",60.00,,,,,,,,,,,,,
Inventory Sales Analysis,,,,,,,,,,,,,,,,,,,,Page 21 of 36,,,
,,,Amount (VAT,,,Amount (VAT,,,,,,,,,,,,,,,,,
Item Code,Item Description,Reference,,,Quantity,Cost,,,Profit,Profit %,,,,Markup %,,,,,,,,,
Linked Account:,,,,,,0,,,,,,,,,,,,,,,,,
MAS021,Mason Hammer 3lb,PACLINV0061137,,,"7,172.39","4,837.70",,,"2,334.69",32.55,,,,,,,,,,,,,
MAS022,Mason Square 24,PACLINV0045472,,,"1,568.96",982.74,,,586.22,37.36,,,,,,,,,,,,,
MAS024,Mason Square Black,PACLINV0030227,,,"1,724.13",982.74,,,741.39,43.00,,,,,,,,,,,,,
MAS025,"Masking Tape 1""X20mts",PACLINV0057872,,,"22,327.62","7,887.37",,,"14,440.25",64.67,,,,,,,,,,,,,
MAS026,"Masking Tape 2""X20mts",PACLCRN0002935,,,"25,387.92","11,764.73",,,"13,623.19",53.66,,,,,,,,,,,,,
MAT001,Mattock Combined,PACLINV0060572,,,"70,948.25","48,537.59",,,"22,410.66",31.59,,,,,,,,,,,,,
MCB001,Mcb 63 A D/Pole,PACLINV0044355,,,"3,577.57","3,017.21",,,560.36,15.66,,,,,,,,,,,,,
MCB002,Mcb 20A S/Pole,PACLINV0056068,,,"2,500.00","1,241.36",,,"1,258.64",50.35,,,,,,,,,,,,,
MCB003,Mcb 32A S/Pole,PACLINV0060988,,,"5,758.59","3,337.80",,,"2,420.79",42.04,,,,,,,,,,,,,
MCB004,MCB 10 AMP,PACLINV0056068,,,"2,775.88","2,322.70",,,453.18,16.33,,,,,,,,,,,,,
MCB005,MCB 16 AMP,PACLINV0039473,,,215.52,100.00,,,115.52,53.60,,,,,,,,,,,,,
MCB006,Mcb 63 A S/Pole,PACLINV0045789,,,818.96,379.32,,,439.64,53.68,,,,,,,,,,,,,
MCB007,Mcb 100 A D/Pole,PACLINV0044363,,,"2,974.13","2,586.20",,,387.93,13.04,,,,,,,,,,,,,
MCB008,Mcb 40A S/Pole,PACLINV0045570,,,301.72,198.28,,,103.44,34.28,,,,,,,,,,,,,
MDF001,Mdf Board Beech,PACLINV0037946,,,"54,698.27","49,138.00",,,"5,560.27",10.17,,,,,,,,,,,,,
MDF002,Mdf Board Cherry,PACLINV0044109,,,"37,715.52","34,078.94",,,"3,636.58",9.64,,,,,,,,,,,,,
MDF003,Mdf Board Coimbra,PACLINV0053161,,,"57,758.62","50,689.59",,,"7,069.03",12.24,,,,,,,,,,,,,
MDF005,Mdf Board Plain,PACLINV0039526,,,"27,327.59","23,706.87",,,"3,620.72",13.25,,,,,,,,,,,,,
MDF006,Mdf Board American  Walnut,PACLINV0056978,,,"42,112.07","36,206.85",,,"5,905.22",14.02,,,,,,,,,,,,,
MDF007,Mdf Board White,PACLINV0058551,,,"105,387.94","94,176.49",,,"11,211.45",10.64,,,,,,,,,,,,,
MDF008,Mdf Ply Plain,PACLINV0059362,,,"3,795.69","3,448.28",,,347.41,9.15,,,,,,,,,,,,,
MDF009,Mdf Ply White,PACLINV0056652,,,"10,517.25","8,534.52",,,"1,982.73",18.85,,,,,,,,,,,,,
MDF012,Mdf Screws 1 Pkt,PACLINV0058412,,,"2,499.99",931.20,,,"1,568.79",62.75,,,,,,,,,,,,,
MDF013,Mdf Screws 1/12 Pkt,PACLINV0060042,,,"12,659.44","5,991.16",,,"6,668.28",52.67,,,,,,,,,,,,,
MDF014,Mdf Screws 11/4 Pkt,PACLINV0056123,,,"21,741.34","7,991.15",,,"13,750.19",63.24,,,,,,,,,,,,,
MDF015,Mdf Screws 2 Pkt,PACLINV0061000,,,"58,400.87","23,114.41",,,"35,286.46",60.42,,,,,,,,,,,,,
MDF017,Mdf Screws 3 Pkt,PACLINV0056851,,,"18,060.34","10,572.94",,,"7,487.40",41.46,,,,,,,,,,,,,
MDF018,Mdf Screws 3/4 Pkt,PACLINV0059739,,,"2,629.32","1,151.28",,,"1,478.04",56.21,,,,,,,,,,,,,
MEA001,Stanley-Measuring Tape-5m power lock,PACLINV0044108,,,"3,663.80","2,084.00",,,"1,579.80",43.12,,,,,,,,,,,,,
MEA002,Stanley -Measuring Tape 5m-Tylon,PACLINV0059518,,,"3,146.55","2,700.00",,,446.55,14.19,,,,,,,,,,,,,
MEA003,stanley-Measuring Tape 8m-tylon,PACLINV0029245,,,"1,146.55","1,001.25",,,145.30,12.67,,,,,,,,,,,,,
MET006,Meter Box Powdered 13X13,PACLINV0042838,,,"4,224.14",0.00,,,"4,224.14",100.00,,,,,,,,,,,,,
MET009,Metro Glue 250gms,PACLINV0058265,,,"9,844.85","6,301.65",,,"3,543.20",35.99,,,,,,,,,,,,,
MIN001,Mini Trunking,PACLINV0057813,,,"11,767.23","5,482.32",,,"6,284.91",53.41,,,,,,,,,,,,,
MIR001,Mirror Screws Pcs,PACLINV0044072,,,267.23,106.95,,,160.28,59.98,,,,,,,,,,,,,
MOP003,Mop Bucket,PACLINV0056800,,,"3,431.91","1,996.10",,,"1,435.81",41.84,,,,,,,,,,,,,
MOP006,Mop Teepee,PACLINV0059734,,,"17,931.00","12,322.50",,,"5,608.50",31.28,,,,,,,,,,,,,
MUL001,Multi Plug,PACLINV0057146,,,"2,836.22","2,343.77",,,492.45,17.36,,,,,,,,,,,,,
NAI001,Nails 1'- Kgs,PACLINV0060356,,,"7,383.63","5,663.71",,,"1,719.93",23.29,,,,,,,,,,,,,
NAI002,Nails 1.5'- Kgs,PACLINV0048323,,,"5,886.22","4,305.97",,,"1,580.25",26.85,,,,,,,,,,,,,
NAI003,Nails 2'- Kgs,PACLINV0059522,,,"72,976.22","56,936.81",,,"16,039.41",21.98,,,,,,,,,,,,,
NAI004,Nails 2.5'- Kgs,PACLINV0059894,,,"86,943.97","66,094.05",,,"20,849.92",23.98,,,,,,,,,,,,,
NAI005,Nails 3'- Kgs,PACLINV0059207,,,"419,555.51","313,968.72",,,"105,586.79",25.17,,,,,,,,,,,,,
NAI006,Nails 4'- Kgs,PACLINV0059825,,,"452,587.33","337,035.69",,,"115,551.64",25.53,,,,,,,,,,,,,
NAI007,Nails 5'- Kgs,PACLINV0058100,,,"41,366.36","29,691.03",,,"11,675.33",28.22,,,,,,,,,,,,,
NAI008,Nails 6'- Kgs,PACLINV0059727,,,"15,413.78","10,858.88",,,"4,554.90",29.55,,,,,,,,,,,,,
NAI009,Nails Bag 1,PACLINV0041028,,,"10,948.28","6,896.56",,,"4,051.72",37.01,,,,,,,,,,,,,
NAI011,Nails Bag 2,PACLINV0059379,,,"99,698.27","88,360.38",,,"11,337.89",11.37,,,,,,,,,,,,,
NAI012,Nails Bag 2.5,PACLINV0056915,,,"102,413.80","90,824.76",,,"11,589.04",11.32,,,,,,,,,,,,,
NAI013,Nails Bag 3,PACLINV0060931,,,"935,935.28","832,686.85",,,"103,248.43",11.03,,,,,,,,,,,,,
Inventory Sales Analysis,,,,,,,,,,,,,,,,,,,,Page 22 of 36,,,
,,,Amount (VAT,,,Amount (VAT,,,,,,,,,,,,,,,,,
Item Code,Item Description,Reference,,,Quantity,Cost,,,Profit,Profit %,,,,Markup %,,,,,,,,,
Linked Account:,,,,,,0,,,,,,,,,,,,,,,,,
NAI014,Nails Bag 4,PACLINV0056916,,,"1,319,284.45","1,180,562.43",,,"138,722.02",10.51,,,,,,,,,,,,,
NAI015,Nails Bag 5,PACLINV0058287,,,"57,974.13","52,106.79",,,"5,867.34",10.12,,,,,,,,,,,,,
NAI016,Nails Bag 6,PACLINV0057170,,,"19,870.69","15,517.23",,,"4,353.46",21.91,,,,,,,,,,,,,
NAI020,Nails Bag Panel Pins 1.5,PACLINV0031462,,,"4,137.93","3,362.07",,,775.86,18.75,,,,,,,,,,,,,
NAI022,Nails Ceiling 1,PACLINV0061152,,,"3,599.14","2,541.31",,,"1,057.83",29.39,,,,,,,,,,,,,
NAI023,Nails Ceiling 1.5,PACLINV0058224,,,"9,750.02","6,379.26",,,"3,370.76",34.57,,,,,,,,,,,,,
NAI024,Nails Panel Pins 1,PACLINV0056839,,,"3,932.78","2,073.29",,,"1,859.49",47.28,,,,,,,,,,,,,
NAI025,Nails Panel Pins 1.5,PACLINV0060105,,,"23,017.31","14,812.84",,,"8,204.47",35.64,,,,,,,,,,,,,
NAI029,Nails Roofing Bag,PACLINV0058167,,,"32,586.22","28,626.99",,,"3,959.23",12.15,,,,,,,,,,,,,
NAI030,Nails Roofing Kgs,PACLINV0060809,,,"87,817.75","61,697.58",,,"26,120.17",29.74,,,,,,,,,,,,,
NAI031,Nails U Bags,PACLINV0043263,,,"9,698.28","6,637.94",,,"3,060.34",31.56,,,,,,,,,,,,,
NAI035,Nails U Kgs,PACLINV0060815,,,"5,607.74","3,505.05",,,"2,102.69",37.50,,,,,,,,,,,,,
NAI036,Nail Polished 1.5- Kgs,PACLINV0057391,,,"4,586.22","2,610.00",,,"1,976.22",43.09,,,,,,,,,,,,,
NEM015,Nemsi Push Tap Wall-A003,PACLINV0048754,,,"3,879.31","2,920.08",,,959.23,24.73,,,,,,,,,,,,,
NEM018,Nemsi Long Neck Pillar  KitchenMixer Adj-KM2051,PACLINV0052818,,,"9,396.55","7,740.75",,,"1,655.80",17.62,,,,,,,,,,,,,
NEM019,Nemsi Long Neck BIB Kitchen Mixer-KM3051,PACLINV0043693,,,"13,155.17","10,957.52",,,"2,197.65",16.71,,,,,,,,,,,,,
NEM020,Nemsi Shower Head$Mirror 40cm-KS002,PACLINV0059189,,,"11,163.79","8,403.78",,,"2,760.01",24.72,,,,,,,,,,,,,
NEM023,Nemsi 3-Way Almn-Piano shower Mixer-KS1055,PACLINV0041791,,,"11,551.73","10,300.41",,,"1,251.32",10.83,,,,,,,,,,,,,
NEM025,Nemsi Premium ktchen mixer Chrome-KS6041,PACLINV0036318,,,"6,034.48","4,222.02",,,"1,812.46",30.04,,,,,,,,,,,,,
NEM026,Nemsi Kitchen Tap L- Neck Blk& silver-KS9022,PACLINV0037633,,,"3,879.31","3,269.18",,,610.13,15.73,,,,,,,,,,,,,
NEM027,Nemsi Kitchen Wall Tap-KS9051,PACLINV0060810,,,"3,017.24","2,644.92",,,372.32,12.34,,,,,,,,,,,,,
NEM028,Nemsi Double Corner-Shelf With Towel-N002,PACLINV0049566,,,"2,439.66","1,895.43",,,544.23,22.31,,,,,,,,,,,,,
NEM029,Nemsi  mirrorSingle Corner Shelf-N009,PACLINV0044322,,,"2,137.93","1,871.44",,,266.49,12.46,,,,,,,,,,,,,
NEM030,Nemsi Single Corner Shelf Blk-N009-B,PACLINV0056344,,,"1,508.63","1,119.68",,,388.95,25.78,,,,,,,,,,,,,
NEM033,Nemsi Bath 6pcs Accessories set Black-N053B,PACLINV0052554,,,"2,025.86","1,831.46",,,194.40,9.60,,,,,,,,,,,,,
NEM037,Nemsi Soap Dish Mirror-N092,PACLINV0043693,,,448.28,367.90,,,80.38,17.93,,,,,,,,,,,,,
NEM038,Nemsi Tissue Holder mirror-N131,PACLINV0060520,,,"2,586.20","2,240.22",,,345.98,13.38,,,,,,,,,,,,,
NEM039,Nemsi Tissue Holder Black-N131-B,PACLINV0039749,,,"1,793.11","1,667.52",,,125.59,7.00,,,,,,,,,,,,,
NEM040,Nemsi Hook Double Black-N177,PACLINV0047416,,,"1,870.70","1,711.52",,,159.18,8.51,,,,,,,,,,,,,
NEM041,Nemsi Double Towel  bar With 5 Hooks-N226,PACLINV0054180,,,"5,172.40","4,222.76",,,949.64,18.36,,,,,,,,,,,,,
NEM047,Nemsi Rectangle Shelf Gun Grey-N316,PACLINV0038435,,,431.03,375.89,,,55.14,12.79,,,,,,,,,,,,,
NEM048,Nemsi M- Hooks silver& black Aluminium-N366,PACLINV0049821,,,"1,327.59","1,127.67",,,199.92,15.06,,,,,,,,,,,,,
NEM049,Nemsi Heavy Duty Hand rail Grab Bar-N370,PACLINV0052554,,,"1,594.83",967.71,,,627.12,39.32,,,,,,,,,,,,,
NEM052,Nemsi Paint Roller 9,PACLINV0059795,,,"16,818.94","12,913.56",,,"3,905.38",23.22,,,,,,,,,,,,,
NON001,"Non Return Valve lirlee 1""",PACLINV0035239,,,"1,034.48",732.76,,,301.72,29.17,,,,,,,,,,,,,
NON002,Non Return Valve 1 pegler,PACLINV0059990,,,"22,181.05","17,441.63",,,"4,739.42",21.37,,,,,,,,,,,,,
NON003,Non Return Valve 1/2 Pegler,PACLINV0058992,,,"2,844.83","2,161.46",,,683.37,24.02,,,,,,,,,,,,,
NON006,Non Return Valve 3/4 Pegler,PACLINV0055970,,,"21,413.80","16,009.62",,,"5,404.18",25.24,,,,,,,,,,,,,
NYL002,Nylon Window Netting Mtrs,PACLINV0034338,,,"1,120.69",624.00,,,496.69,44.32,,,,,,,,,,,,,
NYU001,Nyumba Cement,PACLINV0059789,,,"9,993,853.54","9,516,475.98",,,"477,377.56",4.78,,,,,,,,,,,,,
OLD001,Old News Papers,PACLINV0057588,,,"1,077.59",413.10,,,664.49,61.66,,,,,,,,,,,,,
P 1002,SQ 12,PACLINV0056969,,,"8,060.34","7,034.46",,,"1,025.88",12.73,,,,,,,,,,,,,
PAC001,Packing Tape Clear,PACLINV0028727,,,818.96,465.51,,,353.45,43.16,,,,,,,,,,,,,
PAD001,Padbolt 6,PACLINV0056755,,,"4,913.78","2,090.00",,,"2,823.78",57.47,,,,,,,,,,,,,
PAD004,Padbolt Jk Big,PACLINV0060962,,,"2,327.58","1,400.94",,,926.64,39.81,,,,,,,,,,,,,
PAD006,Padbolt Juakali-Shiny,PACLINV0056282,,,"6,474.14","2,944.14",,,"3,530.00",54.52,,,,,,,,,,,,,
PAD009,Padlock Mindy 70mm,PACLINV0060987,,,"13,491.42","9,257.35",,,"4,234.07",31.38,,,,,,,,,,,,,
PAD015,Padlock Tri Circle 261,PACLINV0050557,,,732.76,379.32,,,353.44,48.23,,,,,,,,,,,,,
PAD016,Padlock Tri Circle 262,PACLINV0056101,,,"2,439.67","1,368.48",,,"1,071.19",43.91,,,,,,,,,,,,,
PAD017,Padlock Tri Circle 263,PACLINV0049631,,,"5,448.28","3,280.42",,,"2,167.86",39.79,,,,,,,,,,,,,
Inventory Sales Analysis,,,,,,,,,,,,,,,,,,,,Page 23 of 36,,,
,,,Amount (VAT,,,Amount (VAT,,,,,,,,,,,,,,,,,
Item Code,Item Description,Reference,,,Quantity,Cost,,,Profit,Profit %,,,,Markup %,,,,,,,,,
Linked Account:,,,,,,0,,,,,,,,,,,,,,,,,
PAD018,Padlock Tri Circle 264,PACLINV0043265,,,"14,422.43","8,651.05",,,"5,771.38",40.02,,,,,,,,,,,,,
PAD019,Padlock Tri Circle 265,PACLINV0059305,,,"14,775.84","11,549.12",,,"3,226.72",21.84,,,,,,,,,,,,,
PAD020,Padlock Tri Circle 266,PACLINV0057645,,,"14,733.62","12,166.08",,,"2,567.54",17.43,,,,,,,,,,,,,
PAD021,Padlock Mindy 60mm,PACLINV0060301,,,"13,771.54","10,631.63",,,"3,139.91",22.80,,,,,,,,,,,,,
PAD022,Padlock Mindy 50mm,PACLINV0058696,,,"11,793.05","9,310.32",,,"2,482.73",21.05,,,,,,,,,,,,,
PAI002,Paint Roller 4,PACLINV0060712,,,"4,956.92","1,577.97",,,"3,378.95",68.17,,,,,,,,,,,,,
PAI004,Paint Roller 9,PACLINV0059460,,,"99,534.14","27,267.74",,,"72,266.40",72.60,,,,,,,,,,,,,
PAI006,"Nemsi Paint Roller Tray 9""",PACLINV0048173,,,"1,551.73",775.86,,,775.87,50.00,,,,,,,,,,,,,
PAN001,Panga,PACLINV0057654,,,"7,413.77","3,073.21",,,"4,340.56",58.55,,,,,,,,,,,,,
PAN002,Panga H/G,PACLINV0047381,,,"19,560.33","10,493.58",,,"9,066.75",46.35,,,,,,,,,,,,,
PAN003,Panel Door Laminated,PACLINV0053113,,,"10,086.21","9,000.00",,,"1,086.21",10.77,,,,,,,,,,,,,
PAT001,Pattress Double Deep,PACLINV0059711,,,"1,215.47",702.61,,,512.86,42.19,,,,,,,,,,,,,
PAT003,Pattress Single Deep,PACLINV0057579,,,"1,689.59",758.58,,,931.01,55.10,,,,,,,,,,,,,
PAT004,Pattress Single Shallow,PACLINV0046247,,,51.72,34.48,,,17.24,33.33,,,,,,,,,,,,,
PAT005,Pattex PL100,PACLINV0035111,,,"4,353.43","3,448.24",,,905.19,20.79,,,,,,,,,,,,,
PAT006,Pattex PL-150,PACLINV0061228,,,"13,387.93","10,258.60",,,"3,129.33",23.37,,,,,,,,,,,,,
PED001,Pedrallo Pump 0.5hp,PACLINV0045013,,,"73,163.82","64,819.70",,,"8,344.12",11.40,,,,,,,,,,,,,
PED002,Pedrallo Pump 1hp,PACLINV0048452,,,"21,551.72","17,672.41",,,"3,879.31",18.00,,,,,,,,,,,,,
PHO001,Photocell Switch,PACLINV0054548,,,"3,362.06","2,629.30",,,732.76,21.79,,,,,,,,,,,,,
PIL003,Pillar Tap Basin Type,PACLINV0059361,,,"24,521.56","16,196.05",,,"8,325.51",33.95,,,,,,,,,,,,,
PIL005,Pillar Tap Sprout Brimix,PACLCRN0002286,,,"8,146.54","5,172.40",,,"2,974.14",36.51,,,,,,,,,,,,,
PIL006,Pillar Tap Sprout,PACLINV0034693,,,"2,887.93","1,014.78",,,"1,873.15",64.86,,,,,,,,,,,,,
PIP001,Pipe Wrench 10,PACLINV0056505,,,862.07,586.20,,,275.87,32.00,,,,,,,,,,,,,
PIP002,Pipe Wrench 12,PACLINV0060864,,,"4,965.52","3,172.40",,,"1,793.12",36.11,,,,,,,,,,,,,
PIP003,Pipe Wrench 14,PACLINV0043194,,,"4,672.41","3,150.35",,,"1,522.06",32.58,,,,,,,,,,,,,
PIP005,Pipe Wrench 8,PACLINV0033880,,,387.93,267.24,,,120.69,31.11,,,,,,,,,,,,,
PLA001,Plain Sheet Roll 30g,PACLINV0058293,,,"142,586.21","123,862.09",,,"18,724.12",13.13,,,,,,,,,,,,,
PLA002,Plain Sheet Roll 32g,PACLINV0061149,,,"141,810.34","118,189.68",,,"23,620.66",16.66,,,,,,,,,,,,,
PLA004,Plascon Ext Clear 5l,PACLINV0047008,,,"6,465.52","5,984.00",,,481.52,7.45,,,,,,,,,,,,,
PLA007,Plascon Int Clear 1l,PACLINV0042820,,,646.55,586.21,,,60.34,9.33,,,,,,,,,,,,,
PLA008,Plascon Int Clear 5l,PACLINV0056821,,,"15,177.59","13,387.50",,,"1,790.09",11.79,,,,,,,,,,,,,
PLA010,Plascon Int Mahogany 5l,PACLINV0046452,,,"24,568.96","20,702.80",,,"3,866.16",15.74,,,,,,,,,,,,,
PLA016,Plain sheet 30g mtrs,PACLINV0057562,,,"100,866.40","73,568.10",,,"27,298.30",27.06,,,,,,,,,,,,,
PLA017,Plain sheet 32g mtrs,PACLINV0044723,,,"29,698.27","19,853.74",,,"9,844.53",33.15,,,,,,,,,,,,,
PLA020,Plascon Int Pine  5l,PACLINV0060338,,,"3,232.76","2,677.50",,,555.26,17.18,,,,,,,,,,,,,
PLA021,Plascon  EXT  Pine 5l,PACLINV0043377,,,"12,931.03","11,968.00",,,963.03,7.45,,,,,,,,,,,,,
PLA022,Plascon Woodcare  Pine 1l,PACLINV0041134,,,646.55,578.00,,,68.55,10.60,,,,,,,,,,,,,
PLA023,Plascon Woodcare Ext Pine 1l,PACLINV0038443,,,646.55,629.00,,,17.55,2.71,,,,,,,,,,,,,
PLA026,Plascon Woodcare  Ext Teak  5l,PACLINV0055990,,,"9,698.28","8,976.00",,,722.28,7.45,,,,,,,,,,,,,
PLA027,Plascon Woodcare Ext Teak  1l,PACLINV0043013,,,646.55,629.00,,,17.55,2.71,,,,,,,,,,,,,
PLI001,Pliers H.G,PACLINV0057001,,,"5,517.22","3,224.98",,,"2,292.24",41.55,,,,,,,,,,,,,
PLI003,Pliers Red,PACLINV0059915,,,"5,931.03","3,394.42",,,"2,536.61",42.77,,,,,,,,,,,,,
PLI007,Stanley-Pliears Combination8''Dynagrip.,PACLINV0044408,,,"2,685.35","2,250.00",,,435.35,16.21,,,,,,,,,,,,,
PLI009,Stanley-Pliers Mini -MultiTool,PACLINV0038648,,,"1,525.86","1,338.75",,,187.11,12.26,,,,,,,,,,,,,
PLU001,Plumb Line,PACLINV0060300,,,"1,232.77",729.94,,,502.83,40.79,,,,,,,,,,,,,
PLY001,Plywood 3mm,PACLINV0060774,,,"107,793.09","67,823.79",,,"39,969.30",37.08,,,,,,,,,,,,,
PLY002,Plywood 6mm,PACLINV0056123,,,"161,379.33","123,422.68",,,"37,956.65",23.52,,,,,,,,,,,,,
PLY003,Plywood 9mm,PACLINV0061257,,,"106,896.52","88,596.38",,,"18,300.14",17.12,,,,,,,,,,,,,
POL003,Polythene Black 15kg,PACLINV0060126,,,"268,318.80","215,132.49",,,"53,186.31",19.82,,,,,,,,,,,,,
POL004,Polythene Black 20kg,PACLINV0056139,,,"843,448.48","734,532.51",,,"108,915.97",12.91,,,,,,,,,,,,,
Inventory Sales Analysis,,,,,,,,,,,,,,,,,,,,Page 24 of 36,,,
,,,Amount (VAT,,,Amount (VAT,,,,,,,,,,,,,,,,,
Item Code,Item Description,Reference,,,Quantity,Incl),,Cost,Profit,Profit %,,,,Markup %,,,,,,,,,
Linked Account:,,,,,,0,,,,,,,,,,,,,,,,,
POL005,Polythene Black Mtrs,PACLINV0061139,,,"89,224.06","1,600.00",,"45,628.00","43,596.06",48.86,,,,,,,,,,,,,
POL006,Polythene Clear Mtrs,PACLINV0051246,,,"4,310.35","6,250.00",,"2,344.80","1,965.55",45.60,,,,,,,,,,,,,
POL007,Polythene Clear Roll,PACLINV0060231,,,"33,620.70","72,000.00",,"28,448.30","5,172.40",15.38,,,,,,,,,,,,,
POL008,Polishing Pad,PACLINV0054933,,,"1,681.04",250.00,,948.31,732.73,43.59,,,,,,,,,,,,,
PON001,Ponal Glue 1/2l,PACLINV0060321,,,"12,844.83",550.00,,"8,900.85","3,943.98",30.70,,,,,,,,,,,,,
PON002,Ponal Glue 1/4l,PACLINV0060666,,,"4,956.95",250.00,,"3,268.87","1,688.08",34.05,,,,,,,,,,,,,
PON003,Ponal Glue 1l,PACLINV0041795,,,"13,275.80",650.00,,"10,075.92","3,199.88",24.10,,,,,,,,,,,,,
PON005,Ponal Glue 4l,PACLINV0057561,,,"19,827.60","2,000.00",,"17,198.26","2,629.34",13.26,,,,,,,,,,,,,
POP004,"Pop Up Waste Chrome 11/2""",PACLINV0057872,,,"1,301.73",550.00,,982.77,318.96,24.50,,,,,,,,,,,,,
POP005,Pop Up Waste Chrome 11/4,PACLINV0060310,,,"5,603.44",550.00,,"3,014.31","2,589.13",46.21,,,,,,,,,,,,,
POU001,Poultry Mesh Blue,PACLINV0038713,,,"12,543.10","19,400.00",,"11,896.56",646.54,5.15,,,,,,,,,,,,,
POU002,Poultry Mesh Green,PACLINV0048798,,,"10,000.00","6,000.00",,"7,198.28","2,801.72",28.02,,,,,,,,,,,,,
POW001,Power Guard,PACLINV0061034,,,"2,672.41","1,500.00",,"2,413.80",258.61,9.68,,,,,,,,,,,,,
PPR002,Ppr Ball Cork 25mm,PACLINV0056613,,,"2,512.95",180.00,,"1,507.11","1,005.84",40.03,,,,,,,,,,,,,
PPR003,Ppr Ball Cork 32mm,PACLINV0032201,,,215.52,250.00,,93.47,122.05,56.63,,,,,,,,,,,,,
PPR006,Ppr Ball Cork 63mm,PACLINV0052610,,,603.45,950.00,,560.34,43.11,7.14,,,,,,,,,,,,,
PPR007,Ppr Cup 20mm,PACLINV0043440,,,68.96,10.00,,15.00,53.96,78.25,,,,,,,,,,,,,
PPR008,Ppr Cup 25mm,PACLINV0059896,,,"2,155.17",400.00,,940.40,"1,214.77",56.37,,,,,,,,,,,,,
PPR009,Ppr Cup 32mm,PACLINV0058739,,,"1,392.21",30.00,,678.80,713.41,51.24,,,,,,,,,,,,,
PPR010,Ppr Cup 40mm,PACLINV0056231,,,301.72,405.00,,179.20,122.52,40.61,,,,,,,,,,,,,
PPR011,Ppr Cup 50mm,PACLINV0056231,,,461.20,585.00,,291.48,169.72,36.80,,,,,,,,,,,,,
PPR012,Ppr Cup 63mm,PACLINV0050730,,,396.55,"1,840.00",,310.36,86.19,21.73,,,,,,,,,,,,,
PPR013,Ppr Double Elbow 25x1/2,PACLINV0045461,,,"5,155.18","5,840.00",,"4,405.72",749.46,14.54,,,,,,,,,,,,,
PPR014,Ppr Elbow 20mm,PACLINV0059786,,,"1,543.10",100.00,,454.76,"1,088.34",70.53,,,,,,,,,,,,,
PPR016,Ppr Elbow 25mm,PACLINV0056434,,,"82,530.09",270.00,,"18,167.85","64,362.24",77.99,,,,,,,,,,,,,
PPR017,Ppr Elbow 25mmx45,PACLINV0043245,,,"1,836.21","7,680.00",,615.81,"1,220.40",66.46,,,,,,,,,,,,,
PPR018,Ppr Elbow 32mm,PACLINV0059650,,,"24,047.29","4,320.00",,"7,873.31","16,173.98",67.26,,,,,,,,,,,,,
PPR019,Ppr Elbow 32mm x45,PACLINV0043245,,,344.82,"4,320.00",,216.84,127.98,37.12,,,,,,,,,,,,,
PPR020,Ppr Elbow 40mm,PACLINV0056795,,,"4,551.74",50.00,,"2,464.80","2,086.94",45.85,,,,,,,,,,,,,
PPR021,Ppr Elbow 50mm,PACLINV0056231,,,"2,883.62",765.00,,"1,664.00","1,219.62",42.29,,,,,,,,,,,,,
PPR022,Ppr Elbow 63mm,PACLINV0060764,,,"2,663.80",600.00,,"2,141.16",522.64,19.62,,,,,,,,,,,,,
PPR023,Ppr F/Adapter 20x1/2,PACLINV0059004,,,926.72,40.00,,481.12,445.60,48.08,,,,,,,,,,,,,
PPR024,Ppr F/Adapter 25x1/2,PACLINV0060312,,,"9,004.29",160.00,,"4,196.95","4,807.34",53.39,,,,,,,,,,,,,
PPR025,Ppr F/Adapter 25x3/4,PACLINV0057830,,,"4,491.38",800.00,,"2,475.72","2,015.66",44.88,,,,,,,,,,,,,
PPR026,Ppr F/Adapter 32x1,PACLINV0061065,,,"4,896.54",280.00,,"2,566.71","2,329.83",47.58,,,,,,,,,,,,,
PPR027,Ppr F/Adapter 32x3/4,PACLINV0058853,,,896.55,50.00,,457.52,439.03,48.97,,,,,,,,,,,,,
PPR028,Ppr F/Adapter 40x11/4,PACLINV0039511,,,344.83,120.00,,220.53,124.30,36.05,,,,,,,,,,,,,
PPR029,Ppr F/Adapter 50x11/2,PACLINV0047313,,,"1,034.48",180.00,,827.60,206.88,20.00,,,,,,,,,,,,,
PPR031,Ppr F/Elbow 20x1/2,PACLINV0059786,,,482.77,"4,000.00",,261.52,221.25,45.83,,,,,,,,,,,,,
PPR032,Ppr F/Elbow 25x1/2,PACLINV0057965,,,"32,748.26","1,620.00",,"17,048.31","15,699.95",47.94,,,,,,,,,,,,,
PPR033,Ppr F/Elbow 25x3/4,PACLINV0060947,,,"4,338.80","1,125.00",,"2,896.46","1,442.34",33.24,,,,,,,,,,,,,
PPR034,Ppr F/Elbow 32x1,PACLINV0058948,,,982.77,55.00,,668.70,314.07,31.96,,,,,,,,,,,,,
PPR036,Ppr F/Elbow 32x3/4,PACLINV0058940,,,93.96,55.00,,56.22,37.74,40.17,,,,,,,,,,,,,
PPR037,Ppr F/Elbow 40x11/4,PACLINV0043188,,,818.96,"1,350.00",,427.00,391.96,47.86,,,,,,,,,,,,,
PPR039,Ppr F/Tee 20x1/2,PACLINV0045587,,,163.79,40.00,,113.82,49.97,30.51,,,,,,,,,,,,,
PPR040,Ppr F/Tee 25x1/2,PACLINV0061195,,,"3,435.34",50.00,,"1,863.20","1,572.14",45.76,,,,,,,,,,,,,
PPR041,Ppr F/Tee 25x3/4,PACLINV0045696,,,181.04,160.00,,127.90,53.14,29.35,,,,,,,,,,,,,
PPR042,Ppr F/Tee 32x1,PACLINV0031781,,,198.27,320.00,,143.61,54.66,27.57,,,,,,,,,,,,,
PPR043,Ppr F/Tee 32x3/4,PACLINV0050442,,,564.66,"1,280.00",,385.76,178.90,31.68,,,,,,,,,,,,,
PPR045,Ppr F/ Thread Union 1,PACLINV0045109,,,"1,206.89",150.00,,939.84,267.05,22.13,,,,,,,,,,,,,
Inventory Sales Analysis,,,,,,,,,,,,,,,,,,,,Page 25 of 36,,,
,,,Amount (VAT,,,Amount (VAT,,,,,,,,,,,,,,,,,
Item Code,Item Description,Reference,,,Quantity,Cost,,,Profit,Profit %,,,,Markup %,,,,,,,,,
Linked Account:,,,,,,0,,,,,,,,,,,,,,,,,
PPR048,Ppr Gate Valve 25mm,PACLINV0049141,,,215.52,86.21,,,129.31,60.00,,,,,,,,,,,,,
PPR050,Ppr M/Adapter 20x1/2,PACLINV0058896,,,"1,219.81",771.42,,,448.39,36.76,,,,,,,,,,,,,
PPR051,Ppr M/Adapter 25x1/2,PACLINV0060613,,,"23,461.19","11,944.95",,,"11,516.24",49.09,,,,,,,,,,,,,
PPR052,Ppr M/Adapter 25x3/4,PACLINV0059181,,,"22,663.85","13,426.38",,,"9,237.47",40.76,,,,,,,,,,,,,
PPR053,Ppr M/Adapter 32x1,PACLINV0060761,,,"20,525.82","12,134.42",,,"8,391.40",40.88,,,,,,,,,,,,,
PPR054,Ppr M/Adapter 32x1/2,PACLINV0030693,,,0.00,0.00,,,0.00,0.00,,,,,,,,,,,,,
PPR055,Ppr M/Adapter 32x3/4,PACLCRN0002839,,,801.72,434.40,,,367.32,45.82,,,,,,,,,,,,,
PPR056,Ppr M/Adapter 40x11/4,PACLCRN0002831,,,"8,543.11","5,667.90",,,"2,875.21",33.66,,,,,,,,,,,,,
PPR057,Ppr M/Adapter 50x11/2,PACLINV0058683,,,"9,439.67","5,426.85",,,"4,012.82",42.51,,,,,,,,,,,,,
PPR058,Ppr M/Adapter 63x2,PACLINV0060292,,,"1,560.34","1,090.04",,,470.30,30.14,,,,,,,,,,,,,
PPR059,Ppr M/Elbow 20x1/2,PACLINV0031816,,,86.21,43.10,,,43.11,50.01,,,,,,,,,,,,,
PPR060,Ppr M/Elbow 25x1/2,PACLINV0056992,,,"1,370.70",797.72,,,572.98,41.80,,,,,,,,,,,,,
PPR061,Ppr M/Elbow 25x3/4,PACLINV0058226,,,"1,112.07",751.41,,,360.66,32.43,,,,,,,,,,,,,
PPR062,Ppr M/Elbow 32x1,PACLINV0044699,,,551.72,369.84,,,181.88,32.97,,,,,,,,,,,,,
PPR067,Ppr M/Tee 25x1/2,PACLINV0049238,,,517.24,269.16,,,248.08,47.96,,,,,,,,,,,,,
PPR068,Ppr M/Tee 25x3/4,PACLINV0029675,,,0.00,0.00,,,0.00,0.00,,,,,,,,,,,,,
PPR072,Ppr M/Thread Union 1,PACLINV0052426,,,"3,797.40","2,631.06",,,"1,166.34",30.71,,,,,,,,,,,,,
PPR074,Ppr M/Thread Union 3/4,PACLINV0060320,,,"4,150.00","3,103.56",,,"1,046.44",25.22,,,,,,,,,,,,,
PPR075,Ppr Machine H/G,PACLINV0045404,,,"9,267.25","7,077.01",,,"2,190.24",23.63,,,,,,,,,,,,,
PPR076,Ppr Overbend 25mm,PACLINV0059438,,,"3,793.11","2,667.88",,,"1,125.23",29.67,,,,,,,,,,,,,
PPR084,Ppr Pipe Danco 20mm,PACLINV0059786,,,"7,560.35","5,612.76",,,"1,947.59",25.76,,,,,,,,,,,,,
PPR085,Ppr Pipe Danco 25mm,PACLINV0057587,,,"559,922.57","409,267.40",,,"150,655.17",26.91,,,,,,,,,,,,,
PPR086,Ppr Pipe Danco 32mm,PACLINV0059782,,,"228,995.72","181,708.98",,,"47,286.74",20.65,,,,,,,,,,,,,
PPR087,Ppr Pipe Danco 40mm,PACLINV0056793,,,"61,939.67","52,674.93",,,"9,264.74",14.96,,,,,,,,,,,,,
PPR088,Ppr Pipe Danco 50mm,PACLINV0056231,,,"42,715.52","37,468.58",,,"5,246.94",12.28,,,,,,,,,,,,,
PPR093,Ppr Pipe Metro 40mm,PACLINV0035694,,,"2,456.90","1,370.70",,,"1,086.20",44.21,,,,,,,,,,,,,
PPR095,Ppr Pipe Metro 63mm,PACLINV0054223,,,"1,163.79","1,120.69",,,43.10,3.70,,,,,,,,,,,,,
PPR098,Ppr Pipe Roll 32mm,PACLINV0055200,,,"12,068.97","9,794.40",,,"2,274.57",18.85,,,,,,,,,,,,,
PPR100,Ppr Pipe Roll Danco 25mm,PACLINV0055830,,,"104,310.35","85,070.45",,,"19,239.90",18.44,,,,,,,,,,,,,
PPR101,Ppr Pipe Roll Danco 32mm,PACLCRN0002670,,,"57,655.18","49,829.16",,,"7,826.02",13.57,,,,,,,,,,,,,
PPR102,Ppr Pipe Roll Danco 40mm,PACLINV0055249,,,"19,396.55","15,142.40",,,"4,254.15",21.93,,,,,,,,,,,,,
PPR105,Ppr Plug 20mm,PACLINV0051580,,,293.10,93.24,,,199.86,68.19,,,,,,,,,,,,,
PPR106,Ppr Plug 25mm,PACLINV0035758,,,387.93,132.25,,,255.68,65.91,,,,,,,,,,,,,
PPR107,Ppr Red/Socket 25x20,PACLINV0056971,,,504.30,77.58,,,426.72,84.62,,,,,,,,,,,,,
PPR108,Ppr Red/Socket 32x20,PACLINV0056613,,,30.17,6.90,,,23.27,77.13,,,,,,,,,,,,,
PPR109,Ppr Red/Socket 32x25,PACLINV0060761,,,"6,193.90","2,086.86",,,"4,107.04",66.31,,,,,,,,,,,,,
PPR110,Ppr Red/Socket 40x25,PACLINV0047822,,,"1,219.82",637.88,,,581.94,47.71,,,,,,,,,,,,,
PPR111,Ppr Red/Socket 40x32,PACLINV0050238,,,974.15,410.48,,,563.67,57.86,,,,,,,,,,,,,
PPR115,Ppr Red/Socket 50x40,PACLINV0054294,,,314.65,129.30,,,185.35,58.91,,,,,,,,,,,,,
PPR116,Ppr Red/Socket 63x25,PACLINV0040098,,,51.72,38.79,,,12.93,25.00,,,,,,,,,,,,,
PPR117,Ppr Red/Socket 63x32,PACLINV0032201,,,86.21,51.72,,,34.49,40.01,,,,,,,,,,,,,
PPR122,Ppr Red/Tee 32x25,PACLINV0030343,,,"1,051.74",635.46,,,416.28,39.58,,,,,,,,,,,,,
PPR124,Ppr Red/Tee 40x32,PACLINV0047822,,,86.21,48.28,,,37.93,44.00,,,,,,,,,,,,,
PPR125,Ppr Socket 20mm,PACLINV0056971,,,818.97,163.18,,,655.79,80.07,,,,,,,,,,,,,
PPR126,Ppr Socket 25mm,PACLINV0061195,,,"51,068.08","7,816.78",,,"43,251.30",84.69,,,,,,,,,,,,,
PPR127,Ppr Socket 32mm,PACLINV0057220,,,"16,453.42","4,276.46",,,"12,176.96",74.01,,,,,,,,,,,,,
PPR128,Ppr Socket 40mm,PACLINV0059231,,,"3,771.56","1,437.36",,,"2,334.20",61.89,,,,,,,,,,,,,
PPR130,Ppr Socket 63mm,PACLINV0060309,,,"2,392.25","1,445.20",,,947.05,39.59,,,,,,,,,,,,,
PPR135,Ppr socket 50mm,PACLINV0055113,,,"1,758.62",917.28,,,841.34,47.84,,,,,,,,,,,,,
PPR137,Ppr Tee 20mm,PACLINV0058896,,,624.99,155.15,,,469.84,75.18,,,,,,,,,,,,,
Inventory Sales Analysis,,,,,,,,,,,,,,,,,,,,Page 26 of 36,,,
,,,Amount (VAT,,,Amount (VAT,,,,,,,,,,,,,,,,,
Item Code,Item Description,Reference,,,Quantity,Cost,,,Profit,Profit %,,,,Markup %,,,,,,,,,
Linked Account:,,,,,,0,,,,,,,,,,,,,,,,,
PPR138,Ppr Tee 25mm,PACLINV0060947,,,"22,586.07","6,372.77",,,"16,213.30",71.78,,,,,,,,,,,,,
PPR139,Ppr Tee 32mm,PACLINV0058739,,,"10,232.73","4,436.96",,,"5,795.77",56.64,,,,,,,,,,,,,
PPR140,Ppr Tee 40mm,PACLINV0046644,,,"1,530.15",845.35,,,684.80,44.75,,,,,,,,,,,,,
PPR141,Ppr Tee 50mm,PACLINV0049766,,,"2,823.28","1,648.66",,,"1,174.62",41.60,,,,,,,,,,,,,
PPR142,Ppr Tee 63mm,PACLINV0060764,,,913.78,621.66,,,292.12,31.97,,,,,,,,,,,,,
PPR145,Ppr Thread Union 32mm,PACLINV0050709,,,344.83,206.19,,,138.64,40.21,,,,,,,,,,,,,
PPR147,Ppr Union 20mm,PACLINV0060613,,,159.47,77.58,,,81.89,51.35,,,,,,,,,,,,,
PPR148,Ppr Union 25mm,PACLINV0056960,,,"4,805.94","2,088.17",,,"2,717.77",56.55,,,,,,,,,,,,,
PPR149,Ppr Union 32mm,PACLINV0059613,,,"4,228.42","1,699.01",,,"2,529.41",59.82,,,,,,,,,,,,,
PPR150,Ppr Union 40mm,PACLINV0058641,,,439.67,304.14,,,135.53,30.83,,,,,,,,,,,,,
PPR151,Ppr Union 50mm,PACLINV0050767,,,336.21,214.77,,,121.44,36.12,,,,,,,,,,,,,
PPR152,Ppr Union 63mm,PACLINV0060541,,,560.35,376.98,,,183.37,32.72,,,,,,,,,,,,,
PPR155,Ppr Pipe Danco 63mm,PACLINV0052610,,,"59,956.91","51,360.40",,,"8,596.51",14.34,,,,,,,,,,,,,
PPR158,Ppr F/Thread Union 3/4,PACLINV0056190,,,"1,724.14","1,521.90",,,202.24,11.73,,,,,,,,,,,,,
PPR159,Ppr Red/Tee 50x25,PACLINV0047401,,,68.96,6.90,,,62.06,89.99,,,,,,,,,,,,,
PPR160,Ppr Pipe Roll 25mm-Metro(PN16),PACLINV0038854,,,"66,120.69","58,275.88",,,"7,844.81",11.86,,,,,,,,,,,,,
PPR161,Ppr Pipe Roll 20mm-METRO,PACLINV0058896,,,"2,241.38","1,890.00",,,351.38,15.68,,,,,,,,,,,,,
PTG003,Ptg Connector,PACLINV0034399,,,"1,810.34","1,206.87",,,603.47,33.33,,,,,,,,,,,,,
PTG011,Ptg Gutter,PACLINV0057807,,,"11,206.89","10,431.08",,,775.81,6.92,,,,,,,,,,,,,
PTG013,Ptg Inside Corner,PACLINV0034399,,,301.72,258.62,,,43.10,14.28,,,,,,,,,,,,,
PTG015,Ptg Outside Corner,PACLINV0034399,,,301.72,258.62,,,43.10,14.28,,,,,,,,,,,,,
PUM001,Pump Control Auto,PACLINV0057770,,,"40,818.96","28,687.39",,,"12,131.57",29.72,,,,,,,,,,,,,
PUS001,Push Tap,PACLINV0048064,,,"8,012.93","6,465.54",,,"1,547.39",19.31,,,,,,,,,,,,,
PUT003,Putty Premium in Kgs,PACLINV0060811,,,"15,456.89","11,042.22",,,"4,414.67",28.56,,,,,,,,,,,,,
PUT004,Putty Premium Buckets- 40kgs,PACLINV0057864,,,"18,017.24","8,860.07",,,"9,157.17",50.82,,,,,,,,,,,,,
PVC001,Pvc Bend 11/2x45,PACLINV0059885,,,"19,254.30","6,022.11",,,"13,232.19",68.72,,,,,,,,,,,,,
PVC002,Pvc Bend 11/2x90,PACLINV0056682,,,"45,064.53","14,038.93",,,"31,025.60",68.85,,,,,,,,,,,,,
PVC003,Pvc Bend 11/4x45,PACLINV0054954,,,538.80,134.52,,,404.28,75.03,,,,,,,,,,,,,
PVC004,Pvc Bend 11/4x90,PACLINV0059786,,,"1,952.59",560.50,,,"1,392.09",71.29,,,,,,,,,,,,,
PVC005,Pvc Bend 2x45,PACLINV0059579,,,"21,081.86","7,678.46",,,"13,403.40",63.58,,,,,,,,,,,,,
PVC006,Pvc Bend 2x90,PACLINV0059973,,,"50,439.49","16,927.34",,,"33,512.15",66.44,,,,,,,,,,,,,
PVC007,Pvc Bend 3x45,PACLINV0052856,,,"11,862.09","5,659.03",,,"6,203.06",52.29,,,,,,,,,,,,,
PVC008,Pvc Bend 3x90,PACLINV0059577,,,"40,439.64","18,126.56",,,"22,313.08",55.18,,,,,,,,,,,,,
PVC009,Pvc Bend 4x45,PACLINV0060885,,,"44,478.41","18,974.67",,,"25,503.74",57.34,,,,,,,,,,,,,
PVC010,Pvc Bend 4x90,PACLINV0057155,,,"110,293.08","45,724.08",,,"64,569.00",58.54,,,,,,,,,,,,,
PVC011,Pvc Bend 6x45,PACLINV0059283,,,"3,060.34","2,275.84",,,784.50,25.63,,,,,,,,,,,,,
PVC012,Pvc Bend 6x90,PACLINV0043794,,,"19,767.24","12,428.14",,,"7,339.10",37.13,,,,,,,,,,,,,
PVC013,Pvc Bend 8x90,PACLINV0056267,,,"10,137.93","9,827.64",,,310.29,3.06,,,,,,,,,,,,,
PVC014,Pvc Boss Connector 4x11/2,PACLINV0059885,,,521.54,301.70,,,219.84,42.15,,,,,,,,,,,,,
PVC015,Pvc Boss Connector 4x11/4,PACLINV0056202,,,211.20,120.68,,,90.52,42.86,,,,,,,,,,,,,
PVC016,Pvc Boss Connector 4x2,PACLINV0054548,,,"3,624.99","1,327.48",,,"2,297.51",63.38,,,,,,,,,,,,,
PVC017,Pvc Boss Connector 4x3,PACLINV0044241,,,129.31,90.51,,,38.80,30.01,,,,,,,,,,,,,
PVC019,Pvc Cross Tee 4,PACLINV0049776,,,"2,642.24","2,009.09",,,633.15,23.96,,,,,,,,,,,,,
PVC020,Pvc Flex Bend 4,PACLINV0060423,,,"23,090.40","13,699.56",,,"9,390.84",40.67,,,,,,,,,,,,,
PVC022,Pvc Floor Trap 4way,PACLINV0057592,,,"175,215.55","121,716.85",,,"53,498.70",30.53,,,,,,,,,,,,,
PVC023,Pvc Floor Trap 1Way,PACLINV0059786,,,"14,491.39","8,719.75",,,"5,771.64",39.83,,,,,,,,,,,,,
PVC026,Pvc Full Bora 4,PACLINV0058195,,,"38,146.54","29,310.38",,,"8,836.16",23.16,,,,,,,,,,,,,
PVC027,Pvc Gulley Trap 2,PACLINV0030526,,,629.31,310.32,,,318.99,50.69,,,,,,,,,,,,,
PVC028,Pvc Gulley Trap 4,PACLINV0059872,,,"8,219.84","4,275.43",,,"3,944.41",47.99,,,,,,,,,,,,,
PVC031,Pvc Inspection Bend 4,PACLINV0058989,,,"13,995.69","9,474.97",,,"4,520.72",32.30,,,,,,,,,,,,,
Inventory Sales Analysis,,,,,,,,,,,,,,,,,,,,Page 27 of 36,,,
,,,Amount (VAT,,,Amount (VAT,,,,,,,,,,,,,,,,,
Item Code,Item Description,Reference,,,Quantity,Cost,,,Profit,Profit %,,,,Markup %,,,,,,,,,
Linked Account:,,,,,,0,,,,,,,,,,,,,,,,,
PVC032,Pvc Inspection Tee 4,PACLINV0058030,,,961.20,627.86,,,333.34,34.68,,,,,,,,,,,,,
PVC034,Pvc Plug 11/2,PACLINV0059650,,,"3,706.88","1,590.39",,,"2,116.49",57.10,,,,,,,,,,,,,
PVC035,Pvc Plug 11/4,PACLINV0056613,,,150.86,103.44,,,47.42,31.43,,,,,,,,,,,,,
PVC036,Pvc Plug 2,PACLINV0060455,,,"9,517.18","4,408.38",,,"5,108.80",53.68,,,,,,,,,,,,,
PVC037,Pvc Plug 3,PACLINV0057095,,,"5,698.28","3,982.44",,,"1,715.84",30.11,,,,,,,,,,,,,
PVC038,Pvc Plug 4,PACLINV0060534,,,"7,612.09","4,590.86",,,"3,021.23",39.69,,,,,,,,,,,,,
PVC039,Pvc Plug 6,PACLINV0056339,,,"3,586.20","3,017.21",,,568.99,15.87,,,,,,,,,,,,,
PVC053,Pvc Reducer 11/2x11/4,PACLINV0059786,,,655.17,155.16,,,500.01,76.32,,,,,,,,,,,,,
PVC054,Pvc Reducer 2x11/2,PACLINV0057455,,,"4,116.32","1,129.22",,,"2,987.10",72.57,,,,,,,,,,,,,
PVC055,Pvc Reducer 2x11/4,PACLINV0045176,,,375.00,123.03,,,251.97,67.19,,,,,,,,,,,,,
PVC056,Pvc Reducer 3x2,PACLINV0059577,,,"4,094.81","2,417.91",,,"1,676.90",40.95,,,,,,,,,,,,,
PVC057,Pvc Reducer 4x2,PACLINV0059960,,,"5,524.11","2,910.64",,,"2,613.47",47.31,,,,,,,,,,,,,
PVC058,Pvc Reducer 4x3,PACLINV0058397,,,"3,676.74","2,290.17",,,"1,386.57",37.71,,,,,,,,,,,,,
PVC059,Pvc Reducer 6x4,PACLINV0044273,,,793.11,454.53,,,338.58,42.69,,,,,,,,,,,,,
PVC062,Pvc Socket 4,PACLINV0049101,,,"2,612.08","1,230.60",,,"1,381.48",52.89,,,,,,,,,,,,,
PVC064,Pvc Tee 11/2,PACLINV0061260,,,"6,797.38","3,093.48",,,"3,703.90",54.49,,,,,,,,,,,,,
PVC065,Pvc Tee 11/4,PACLINV0047574,,,241.37,124.16,,,117.21,48.56,,,,,,,,,,,,,
PVC066,Pvc Tee 2,PACLINV0058500,,,"31,810.23","18,032.54",,,"13,777.69",43.31,,,,,,,,,,,,,
PVC067,Pvc Tee 3,PACLINV0060155,,,"15,534.48","8,415.56",,,"7,118.92",45.83,,,,,,,,,,,,,
PVC068,Pvc Tee 4,PACLINV0058424,,,"31,331.87","17,305.65",,,"14,026.22",44.77,,,,,,,,,,,,,
PVC069,Pvc Tee 6,PACLINV0058725,,,"1,000.00",842.80,,,157.20,15.72,,,,,,,,,,,,,
PVC072,Pvc Vent Core 2,PACLINV0058240,,,568.95,163.78,,,405.17,71.21,,,,,,,,,,,,,
PVC073,Pvc Vent Core 3,PACLINV0049397,,,706.90,201.76,,,505.14,71.46,,,,,,,,,,,,,
PVC074,Pvc Vent Core 4,PACLINV0058596,,,"1,495.66",558.72,,,936.94,62.64,,,,,,,,,,,,,
PVC076,Pvc W/Pipe Brown 4,PACLINV0043243,,,"56,060.35","43,827.80",,,"12,232.55",21.82,,,,,,,,,,,,,
PVC077,Pvc W/Pipe Grey 11/2,PACLINV0059786,,,"21,870.69","12,361.87",,,"9,508.82",43.48,,,,,,,,,,,,,
PVC079,Pvc W/Pipe Grey 2,PACLINV0057155,,,"22,853.46","13,585.21",,,"9,268.25",40.56,,,,,,,,,,,,,
PVC080,Pvc W/Pipe Grey 3,PACLINV0054102,,,"15,741.37","9,217.02",,,"6,524.35",41.45,,,,,,,,,,,,,
PVC081,Pvc W/Pipe Grey 4,PACLINV0060999,,,"74,000.00","43,686.72",,,"30,313.28",40.96,,,,,,,,,,,,,
PVC082,Pvc W/Pipe Grey 6,PACLINV0056308,,,"39,224.13","25,646.52",,,"13,577.61",34.62,,,,,,,,,,,,,
PVC083,Pvc W/Pipe Grey 8 pm,PACLINV0042447,,,"38,189.67","36,034.46",,,"2,155.21",5.64,,,,,,,,,,,,,
PVC085,Pvc W/Pipe Metro 11/2,PACLINV0060312,,,"90,870.74","72,120.36",,,"18,750.38",20.63,,,,,,,,,,,,,
PVC086,Pvc W/Pipe Metro 2,PACLINV0056346,,,"251,913.84","200,666.25",,,"51,247.59",20.34,,,,,,,,,,,,,
PVC087,Pvc W/Pipe Metro 3,PACLINV0060119,,,"158,538.83","131,754.45",,,"26,784.38",16.89,,,,,,,,,,,,,
PVC088,Pvc W/Pipe Metro 4,PACLINV0056203,,,"1,243,120.74","1,013,524.42",,,"229,596.32",18.47,,,,,,,,,,,,,
PVC089,Pvc W/Pipe Metro 6,PACLINV0060271,,,"359,698.24","280,656.84",,,"79,041.40",21.97,,,,,,,,,,,,,
PVC093,Pvc W/Pipe Pm 4,PACLINV0044322,,,"91,767.23","81,379.29",,,"10,387.94",11.32,,,,,,,,,,,,,
PVC094,Pvc Y Tee 4,PACLINV0060885,,,"1,508.62","1,103.44",,,405.18,26.86,,,,,,,,,,,,,
PVC096,"Pvc W/Pipe Metro 11/4""",PACLINV0059786,,,"5,271.54","3,517.30",,,"1,754.24",33.28,,,,,,,,,,,,,
QUA002,Quarry Stones 9x9,PACLINV0032680,,,603.45,579.32,,,24.13,4.00,,,,,,,,,,,,,
R 1001,R 10- 1/2 length,PACLINV0046180,,,"9,827.59","6,095.60",,,"3,731.99",37.97,,,,,,,,,,,,,
R 1003,R 16,PACLINV0033810,,,"6,336.21","5,759.88",,,576.33,9.10,,,,,,,,,,,,,
R 1004,R 16 Ft,PACLINV0059529,,,"14,530.15","6,683.04",,,"7,847.11",54.01,,,,,,,,,,,,,
R 6001,R 6,PACLINV0059825,,,"156,250.00","88,354.98",,,"67,895.02",43.45,,,,,,,,,,,,,
R 8001,R 8,PACLINV0057712,,,"6,375.00","5,424.60",,,950.40,14.91,,,,,,,,,,,,,
R P001,R Pipe 11/2x16g,PACLINV0043486,,,"24,267.25","19,819.55",,,"4,447.70",18.33,,,,,,,,,,,,,
R P002,R Pipe 11/2x18g,PACLINV0055427,,,"4,780.19","3,443.76",,,"1,336.43",27.96,,,,,,,,,,,,,
R P003,R Pipe 11/4x16g,PACLINV0059863,,,"32,672.42","25,432.00",,,"7,240.42",22.16,,,,,,,,,,,,,
R P004,R Pipe 11/4x18g,PACLINV0055427,,,"1,681.03","1,285.20",,,395.83,23.55,,,,,,,,,,,,,
R P005,R Pipe 1x16g,PACLINV0044028,,,"6,379.32","4,435.26",,,"1,944.06",30.47,,,,,,,,,,,,,
Inventory Sales Analysis,,,,,,,,,,,,,,,,,,,,Page 28 of 36,,,
,,,Amount (VAT,,,Amount (VAT,,,,,,,,,,,,,,,,,
Item Code,Item Description,Reference,,,Quantity,Cost,,,Profit,Profit %,,,,Markup %,,,,,,,,,
Linked Account:,,,,,,0,,,,,,,,,,,,,,,,,
R P006,R Pipe 1x18g,PACLINV0044028,,,"6,034.48","4,368.00",,,"1,666.48",27.62,,,,,,,,,,,,,
R P007,R Pipe 21/2x16g,PACLINV0059863,,,"17,327.59","15,259.20",,,"2,068.39",11.94,,,,,,,,,,,,,
R P008,R Pipe 2x16g,PACLINV0029423,,,"1,163.79",968.00,,,195.79,16.82,,,,,,,,,,,,,
R P009,R Pipe 2x18g,PACLINV0048150,,,"13,577.60","10,315.20",,,"3,262.40",24.03,,,,,,,,,,,,,
R P010,R Pipe 3/4x16g,PACLINV0042168,,,"4,067.24","3,573.38",,,493.86,12.14,,,,,,,,,,,,,
R P011,R Pipe 3/4x18g,PACLINV0049743,,,"6,017.24","4,110.75",,,"1,906.49",31.68,,,,,,,,,,,,,
R P012,R Pipe 3x16g,PACLINV0060348,,,"31,293.09","27,258.00",,,"4,035.09",12.89,,,,,,,,,,,,,
R/S001,R/S Box Charcoal Grey 2.5m,PACLINV0056355,,,"87,241.38","63,335.07",,,"23,906.31",27.40,,,,,,,,,,,,,
R/S002,R/S Box Charcoal Grey 3m,PACLINV0060809,,,"123,232.75","91,726.30",,,"31,506.45",25.57,,,,,,,,,,,,,
R/S003,R/S Box Clear 2.5m,PACLCRN0002568,,,"17,241.38","16,163.80",,,"1,077.58",6.25,,,,,,,,,,,,,
R/S004,R/S Box Clear 2m,PACLINV0053347,,,"4,905.18","4,784.68",,,120.50,2.46,,,,,,,,,,,,,
R/S005,R/S Box Clear 3m,PACLINV0056285,,,"39,784.48","36,853.54",,,"2,930.94",7.37,,,,,,,,,,,,,
R/S011,R/S Clear 2.5m,PACLINV0060210,,,"97,284.48","82,974.40",,,"14,310.08",14.71,,,,,,,,,,,,,
R/S012,R/S Clear 2m,PACLINV0056501,,,"28,146.55","23,275.80",,,"4,870.75",17.30,,,,,,,,,,,,,
R/S013,R/S Clear 3m,PACLINV0043214,,,"13,836.20","11,774.04",,,"2,062.16",14.90,,,,,,,,,,,,,
R/S014,R/S Maisha 2.5x30g,PACLINV0057891,,,"238,193.97","197,438.99",,,"40,754.98",17.11,,,,,,,,,,,,,
R/S015,R/S Maisha 2.5x32g,PACLINV0056680,,,"204,625.02","163,619.12",,,"41,005.90",20.04,,,,,,,,,,,,,
R/S016,R/S Maisha 2x30g,PACLINV0059721,,,"144,267.25","112,391.95",,,"31,875.30",22.09,,,,,,,,,,,,,
R/S017,R/S Maisha 2x32g,PACLINV0056081,,,"177,793.09","134,547.90",,,"43,245.19",24.32,,,,,,,,,,,,,
R/S018,R/S Maisha 3x30g,PACLINV0058622,,,"312,228.46","243,741.89",,,"68,486.57",21.93,,,,,,,,,,,,,
R/S019,R/S Maisha 3x32g,PACLINV0059863,,,"153,232.79","122,372.74",,,"30,860.05",20.14,,,,,,,,,,,,,
RAK002,Rake 12,PACLINV0039247,,,689.65,227.28,,,462.37,67.04,,,,,,,,,,,,,
RAK003,Rake 14,PACLINV0034557,,,991.38,490.72,,,500.66,50.50,,,,,,,,,,,,,
RAK005,Rake Juakali Big,PACLINV0057417,,,"17,267.23","9,385.49",,,"7,881.74",45.65,,,,,,,,,,,,,
RAK007,Rake Juakali Small,PACLINV0051310,,,905.17,600.00,,,305.17,33.71,,,,,,,,,,,,,
RAW001,Rawl Bolt M10,PACLINV0059335,,,"12,482.77","6,646.02",,,"5,836.75",46.76,,,,,,,,,,,,,
RAW002,Rawl Bolt M12,PACLINV0057945,,,"10,284.47","5,947.80",,,"4,336.67",42.17,,,,,,,,,,,,,
RAW003,Rawl Bolt M6,PACLINV0030605,,,"1,586.20",621.60,,,964.60,60.81,,,,,,,,,,,,,
RAW004,Rawl Bolt M8,PACLINV0056597,,,"14,293.11","6,788.25",,,"7,504.86",52.51,,,,,,,,,,,,,
RAZ001,Razor Wire,PACLINV0029052,,,"4,482.76","3,574.32",,,908.44,20.27,,,,,,,,,,,,,
RED001,Red Oxide 1kg,PACLINV0058941,,,"28,982.68","17,167.34",,,"11,815.34",40.77,,,,,,,,,,,,,
REF001,Reflector Vest,PACLINV0056722,,,"36,993.09","27,131.39",,,"9,861.70",26.66,,,,,,,,,,,,,
RET001,Stanley-Retractable  Knife With 3 Blades,PACLINV0058778,,,"3,896.54","3,375.00",,,521.54,13.38,,,,,,,,,,,,,
RHI001,Rhino Cement,PACLINV0031400,,,"136,551.72","131,810.80",,,"4,740.92",3.47,,,,,,,,,,,,,
RID002,Ridges 30g,PACLINV0058874,,,"5,155.17","3,658.80",,,"1,496.37",29.03,,,,,,,,,,,,,
RID003,Ridges 32g,PACLINV0055164,,,"3,577.59","2,250.00",,,"1,327.59",37.11,,,,,,,,,,,,,
RID006,Ridges Box Grey,PACLINV0060348,,,"6,206.89","4,275.84",,,"1,931.05",31.11,,,,,,,,,,,,,
RID007,Ridges 28G,PACLINV0040955,,,"7,284.48","5,771.35",,,"1,513.13",20.77,,,,,,,,,,,,,
RID008,Ridges Box B/Red,PACLINV0060210,,,"3,275.86","2,586.20",,,689.66,21.05,,,,,,,,,,,,,
RIV003,Rivet Pcs,PACLINV0036487,,,267.24,43.00,,,224.24,83.91,,,,,,,,,,,,,
RIV004,Rivets 3/4,PACLINV0061304,,,603.45,482.76,,,120.69,20.00,,,,,,,,,,,,,
ROA002,Road Kerb,PACLINV0032729,,,"3,793.10","3,682.47",,,110.63,2.92,,,,,,,,,,,,,
ROO001,Roofing Bolt 1,PACLINV0055333,,,"2,112.07","1,681.02",,,431.05,20.41,,,,,,,,,,,,,
ROO002,Roofing Bolt 11/2,PACLINV0058995,,,991.38,616.84,,,374.54,37.78,,,,,,,,,,,,,
ROO004,Roofing Bolt 2.5,PACLINV0029003,,,431.03,274.00,,,157.03,36.43,,,,,,,,,,,,,
ROO008,Roofing Insulation 3mm-Roll,PACLINV0035492,,,"26,293.10","20,655.00",,,"5,638.10",21.44,,,,,,,,,,,,,
ROO009,Roofing Insulation 5mm-Roll,PACLINV0045597,,,"278,103.45","234,025.50",,,"44,077.95",15.85,,,,,,,,,,,,,
ROO010,Roofing Screw 1,PACLINV0056630,,,"2,818.97","2,016.12",,,802.85,28.48,,,,,,,,,,,,,
ROO013,Roofing Washers,PACLINV0059825,,,"10,431.03","2,553.24",,,"7,877.79",75.52,,,,,,,,,,,,,
ROO015,Roofing Bolt 2,PACLINV0057915,,,"1,767.25",954.66,,,812.59,45.98,,,,,,,,,,,,,
Inventory Sales Analysis,,,,,,,,,,,,,,,,,,,,Page 29 of 36,,,
,,,Amount (VAT,,,Amount (VAT,,,,,,,,,,,,,,,,,
Item Code,Item Description,Reference,,,Quantity,Cost,,,Profit,Profit %,,,,Markup %,,,,,,,,,
Linked Account:,,,,,,0,,,,,,,,,,,,,,,,,
ROO016,"Roofing Screw 2.5""",PACLINV0031495,,,12.93,0.00,,,12.93,100.00,,,,,,,,,,,,,
ROU001,Rough Cast Machine,PACLINV0029026,,,862.07,603.45,,,258.62,30.00,,,,,,,,,,,,,
ROU003,Round Covers Black Large,PACLINV0059559,,,"2,198.28",856.26,,,"1,342.02",61.05,,,,,,,,,,,,,
ROU004,Round Covers Black Small,PACLINV0031248,,,43.10,10.34,,,32.76,76.01,,,,,,,,,,,,,
ROU005,Round Covers White Large,PACLINV0057828,,,780.15,319.59,,,460.56,59.03,,,,,,,,,,,,,
ROU006,Round Covers White Small,PACLINV0054534,,,560.34,155.10,,,405.24,72.32,,,,,,,,,,,,,
ROU007,Round File,PACLINV0060314,,,"2,120.67","1,086.26",,,"1,034.41",48.78,,,,,,,,,,,,,
RSB001,R/S Box charcoal grey 2m,PACLINV0053411,,,"19,870.69","12,862.08",,,"7,008.61",35.27,,,,,,,,,,,,,
RSB005,R/S Box Charcoal Grey 3m 28g,PACLINV0040955,,,"141,206.90","111,879.60",,,"29,327.30",20.77,,,,,,,,,,,,,
RSB006,R/S Box Charcoal Grey 2.5m 28g,PACLINV0040955,,,"28,017.24","22,198.60",,,"5,818.64",20.77,,,,,,,,,,,,,
RSB007,R/S Box B/Red 2.5m,PACLINV0060210,,,"49,655.17","43,965.60",,,"5,689.57",11.46,,,,,,,,,,,,,
RUF001,C/S/G RUFF & TUFF 3mm B/whiite,PACLINV0037684,,,"21,508.62","20,267.46",,,"1,241.16",5.77,,,,,,,,,,,,,
SAC001,Sacks,PACLINV0056447,,,"12,081.88","4,177.74",,,"7,904.14",65.42,,,,,,,,,,,,,
SAD001,Saddle Clips 1,PACLINV0043692,,,"1,224.14",627.44,,,596.70,48.74,,,,,,,,,,,,,
SAD002,Saddle Clips 1/2 Hose,PACLINV0059881,,,130.17,137.90,,,-7.73,-5.94,,,,,,,,,,,,,
SAD003,Saddle Clips 1/2,PACLINV0050570,,,"2,926.73","1,239.25",,,"1,687.48",57.66,,,,,,,,,,,,,
SAD004,Saddle Clips 11/2,PACLINV0053099,,,353.45,213.84,,,139.61,39.50,,,,,,,,,,,,,
SAD005,Saddle Clips 2,PACLINV0054289,,,"1,862.08",977.54,,,884.54,47.50,,,,,,,,,,,,,
SAD006,Saddle Clips 3,PACLINV0044501,,,"7,443.97","4,485.44",,,"2,958.53",39.74,,,,,,,,,,,,,
SAD007,Saddle Clips 3/4,PACLINV0052563,,,"1,987.07",765.05,,,"1,222.02",61.50,,,,,,,,,,,,,
SAD008,Saddle Clips 4,PACLINV0043683,,,"2,293.09","1,171.04",,,"1,122.05",48.93,,,,,,,,,,,,,
SAD011,Saddle Clips Plastic 32mm,PACLINV0054018,,,73.28,55.17,,,18.11,24.71,,,,,,,,,,,,,
SAF001,Safety Gloves,PACLINV0056025,,,"10,121.89","9,482.73",,,639.16,6.31,,,,,,,,,,,,,
SAH001,Sahara Filler,PACLINV0032141,,,465.52,431.03,,,34.49,7.41,,,,,,,,,,,,,
SAN006,Sand Paper P100 Roll,PACLINV0059606,,,"43,974.13","26,664.06",,,"17,310.07",39.36,,,,,,,,,,,,,
SAN007,Sand Paper P120 Roll,PACLINV0057041,,,"104,612.08","63,536.35",,,"41,075.73",39.26,,,,,,,,,,,,,
SAN008,Sand Paper P36 Roll,PACLINV0050031,,,"1,551.72","1,077.58",,,474.14,30.56,,,,,,,,,,,,,
SAN009,Sand Paper P40 Roll,PACLINV0055192,,,"3,318.97","2,155.18",,,"1,163.79",35.06,,,,,,,,,,,,,
SAN010,Sand Paper P60 Roll,PACLINV0059733,,,"5,215.52","3,232.77",,,"1,982.75",38.02,,,,,,,,,,,,,
SAN011,Sand Paper P80 Roll,PACLINV0057701,,,"8,706.89","5,351.39",,,"3,355.50",38.54,,,,,,,,,,,,,
SAN012,Sand Truck,PACLINV0030899,,,"31,034.48","28,448.28",,,"2,586.20",8.33,,,,,,,,,,,,,
SAN013,Sand Wheelbarrow,PACLINV0031637,,,775.86,775.86,,,0.00,0.00,,,,,,,,,,,,,
SAN016,Sanding Disk 7,PACLINV0059987,,,"4,400.86","2,193.12",,,"2,207.74",50.17,,,,,,,,,,,,,
SAN017,Sand Paper Water Proof,PACLINV0059456,,,"16,008.63","5,746.50",,,"10,262.13",64.10,,,,,,,,,,,,,
SAN018,Sand Paper P100 Ft,PACLINV0061187,,,"32,185.34","15,533.97",,,"16,651.37",51.74,,,,,,,,,,,,,
SAN019,Sand Paper P120 Ft,PACLINV0058345,,,"51,055.98","24,270.93",,,"26,785.05",52.46,,,,,,,,,,,,,
SAN020,Sand Paper P36 Ft,PACLINV0060558,,,"2,267.23","1,135.23",,,"1,132.00",49.93,,,,,,,,,,,,,
SAN021,Sand Paper P40 Ft,PACLINV0044099,,,"8,956.90","3,894.27",,,"5,062.63",56.52,,,,,,,,,,,,,
SAN022,Sand Paper P60 Ft,PACLINV0059085,,,"7,060.37","3,218.88",,,"3,841.49",54.41,,,,,,,,,,,,,
SAN023,Sand Paper P80 Ft,PACLINV0061134,,,"18,758.59","8,995.62",,,"9,762.97",52.05,,,,,,,,,,,,,
SCR003,Scrapper 2,PACLINV0057993,,,"4,732.77","2,775.64",,,"1,957.13",41.35,,,,,,,,,,,,,
SCR004,Scrapper 2.5,PACLINV0055158,,,517.24,206.88,,,310.36,60.00,,,,,,,,,,,,,
SCR005,Scrapper 3,PACLINV0060455,,,"6,965.50","3,736.32",,,"3,229.18",46.36,,,,,,,,,,,,,
SCR006,Scrapper 4,PACLINV0059217,,,"4,663.77","1,934.02",,,"2,729.75",58.53,,,,,,,,,,,,,
SCR008,Screw Driver Combined,PACLINV0060757,,,"8,866.32","2,881.05",,,"5,985.27",67.51,,,,,,,,,,,,,
SCR009,Screw Driver Flat,PACLINV0059182,,,689.66,315.63,,,374.03,54.23,,,,,,,,,,,,,
SCR011,Screw Driver Star,PACLINV0056280,,,"1,008.61",310.32,,,698.29,69.23,,,,,,,,,,,,,
SCR026,Stanley-Screw Driver Set 6pc-magnetic tip+tester,PACLINV0056007,,,"4,655.18","4,282.50",,,372.68,8.01,,,,,,,,,,,,,
SCR027,Stanley-Screw Driver Set 8pc cushionGrip,PACLINV0050199,,,"2,844.83","2,355.00",,,489.83,17.22,,,,,,,,,,,,,
SCR029,Bosch Screw DriverBit-2608521039-10pc,PACLINV0029492,,,750.00,638.00,,,112.00,14.93,,,,,,,,,,,,,
Inventory Sales Analysis,,,,,,,,,,,,,,,,,,,,Page 30 of 36,,,
,,,Amount (VAT,,,Amount (VAT,,,,,,,,,,,,,,,,,
Item Code,Item Description,Reference,,,Quantity,Cost,,,Profit,Profit %,,,,Markup %,,,,,,,,,
Linked Account:,,,,,,0,,,,,,,,,,,,,,,,,
SEA003,Seat Cover H/G,PACLCRN0002871,,,"12,116.38","6,885.10",,,"5,231.28",43.18,,,,,,,,,,,,,
SEL002,Self Tapping Screws 1.5,PACLINV0054759,,,"3,448.28","1,797.25",,,"1,651.03",47.88,,,,,,,,,,,,,
SEL003,Self Tapping Screws 2,PACLINV0037429,,,"5,387.93","3,470.32",,,"1,917.61",35.59,,,,,,,,,,,,,
SEL007,Self Tapping  Screws 3/4,PACLINV0045160,,,"3,750.00","2,068.96",,,"1,681.04",44.83,,,,,,,,,,,,,
SHA001,Shallow Drain,PACLINV0030837,,,"1,637.93","1,379.30",,,258.63,15.79,,,,,,,,,,,,,
SHE001,Shears Adjustable H/G,PACLINV0057314,,,"11,409.47","7,464.85",,,"3,944.62",34.57,,,,,,,,,,,,,
SHE003,Shears Fixed,PACLINV0059266,,,"4,224.12","2,500.00",,,"1,724.12",40.82,,,,,,,,,,,,,
SHE004,Shelf Bracket 10x12,PACLINV0046982,,,"4,422.41","1,898.16",,,"2,524.25",57.08,,,,,,,,,,,,,
SHE005,Shelf Bracket 8x10,PACLINV0049868,,,637.93,274.61,,,363.32,56.95,,,,,,,,,,,,,
SHE008,Shelf Brackets 6x8,PACLINV0057384,,,"1,715.51",905.10,,,810.41,47.24,,,,,,,,,,,,,
SHE010,Orion Shellac Heavy 1l,PACLINV0035463,,,"3,181.03","2,844.84",,,336.19,10.57,,,,,,,,,,,,,
SHE011,Orion Shellac Light 1/2l,PACLINV0043447,,,"4,655.17","2,456.85",,,"2,198.32",47.22,,,,,,,,,,,,,
SHE012,Orion Shellac Light 1l,PACLINV0043344,,,"4,439.65","2,918.43",,,"1,521.22",34.26,,,,,,,,,,,,,
SHE014,Orion Shellac Heavy 1/2L,PACLINV0045070,,,"4,612.07","3,103.44",,,"1,508.63",32.71,,,,,,,,,,,,,
SHO002,Shoe Tacks 1/2,PACLINV0043901,,,543.10,322.75,,,220.35,40.57,,,,,,,,,,,,,
SHO003,Shoe Tacks 3/4,PACLINV0058204,,,"2,706.87","1,061.82",,,"1,645.05",60.77,,,,,,,,,,,,,
SHO005,Lirlee Arabic  Shower-LR9217,PACLINV0042516,,,"7,155.16","4,143.92",,,"3,011.24",42.08,,,,,,,,,,,,,
SHO015,Shower Concealed 5way,PACLINV0055249,,,"71,318.97","62,431.04",,,"8,887.93",12.46,,,,,,,,,,,,,
SID004,Side Flash 28G,PACLINV0040955,,,"22,413.79","17,758.00",,,"4,655.79",20.77,,,,,,,,,,,,,
SIL001,Silicon Gun,PACLINV0042958,,,"2,284.46","1,379.28",,,905.18,39.62,,,,,,,,,,,,,
SIL002,Silicon Gun Sausage,PACLINV0058478,,,"4,396.55","3,965.52",,,431.03,9.80,,,,,,,,,,,,,
SIL003,Silicon Hi Tech Black,PACLINV0056563,,,"18,327.58","10,354.43",,,"7,973.15",43.50,,,,,,,,,,,,,
SIL004,Silicon Hi Tech Clear,PACLINV0059935,,,"86,327.58","51,078.24",,,"35,249.34",40.83,,,,,,,,,,,,,
SIL010,Silicon Sausage Clear,PACLINV0056378,,,"22,008.59","14,153.41",,,"7,855.18",35.69,,,,,,,,,,,,,
SIL011,Silicon Sausage White,PACLINV0060455,,,"10,922.40","6,621.99",,,"4,300.41",39.37,,,,,,,,,,,,,
SIL013,Silicon Tube Black,PACLINV0058157,,,"17,456.85","6,032.59",,,"11,424.26",65.44,,,,,,,,,,,,,
SIL014,Silicon Tube Clear,PACLINV0061176,,,"82,318.72","28,011.19",,,"54,307.53",65.97,,,,,,,,,,,,,
SIL015,Silicon Tube White,PACLINV0058567,,,"17,909.45","5,838.35",,,"12,071.10",67.40,,,,,,,,,,,,,
SIL016,Crown Silicon Solution  5L,PACLINV0060819,,,"43,749.99","41,269.45",,,"2,480.54",5.67,,,,,,,,,,,,,
SIL017,Silicon Sausage Black,PACLINV0060992,,,"12,068.97","6,916.08",,,"5,152.89",42.70,,,,,,,,,,,,,
SIM001,Simba Cement,PACLINV0057640,,,"102,704,274.65","98,532,422.30",,,"4,171,852.35",4.06,,,,,,,,,,,,,
SIN004,Single Socket,PACLINV0057813,,,"1,551.73",827.60,,,724.13,46.67,,,,,,,,,,,,,
SIS001,Sisal Rope Big,PACLINV0060342,,,672.41,413.82,,,258.59,38.46,,,,,,,,,,,,,
SIS002,Sisal Rope Small,PACLINV0059340,,,"5,163.76","2,206.72",,,"2,957.04",57.27,,,,,,,,,,,,,
SIS003,Sisal Twine 1kg,PACLINV0058644,,,"1,172.42",750.00,,,422.42,36.03,,,,,,,,,,,,,
SIS004,Sisal Twine 2kg,PACLINV0051566,,,"1,508.62","1,099.15",,,409.47,27.14,,,,,,,,,,,,,
SLA001,Slasher-Wooden,PACLINV0060590,,,"29,547.30","12,954.52",,,"16,592.78",56.16,,,,,,,,,,,,,
SLE001,Sledge Hammer 10lb,PACLINV0059768,,,"8,922.41","7,327.60",,,"1,594.81",17.87,,,,,,,,,,,,,
SLE002,Sledge Hammer 12lb,PACLINV0057178,,,"12,327.58","9,931.08",,,"2,396.50",19.44,,,,,,,,,,,,,
SLE003,Sledge Hammer 14lb,PACLINV0044433,,,"3,448.27","2,353.44",,,"1,094.83",31.75,,,,,,,,,,,,,
SLE004,Sledge Hammer 6lb,PACLINV0049490,,,"1,982.75","1,344.84",,,637.91,32.17,,,,,,,,,,,,,
SLE005,Sledge Hammer 8lb,PACLINV0057247,,,"1,250.00",896.56,,,353.44,28.28,,,,,,,,,,,,,
SOC001,Socket Double Gold,PACLINV0029019,,,"7,379.30","4,742.73",,,"2,636.57",35.73,,,,,,,,,,,,,
SOC002,Socket Single Black,PACLINV0042168,,,"8,043.08","5,395.03",,,"2,648.05",32.92,,,,,,,,,,,,,
SOC003,Socket Double Metal,PACLINV0058563,,,"6,905.15","5,689.64",,,"1,215.51",17.60,,,,,,,,,,,,,
SOC004,Socket Single Metal,PACLINV0060814,,,"3,922.41","3,258.63",,,663.78,16.92,,,,,,,,,,,,,
SOC005,Socket Double Black,PACLINV0047048,,,"25,172.42","19,611.80",,,"5,560.62",22.09,,,,,,,,,,,,,
SOC006,Socket Double ( USB) Black,PACLINV0059850,,,"23,793.10","18,836.31",,,"4,956.79",20.83,,,,,,,,,,,,,
SOC009,Tronic Socket Double,PACLINV0059219,,,"10,543.09","8,324.60",,,"2,218.49",21.04,,,,,,,,,,,,,
SOC010,Tronic Socket Single,PACLINV0061125,,,"3,232.76","2,177.64",,,"1,055.12",32.64,,,,,,,,,,,,,
Inventory Sales Analysis,,,,,,,,,,,,,,,,,,,,Page 31 of 36,,,
,,,Amount (VAT,,,Amount (VAT,,,,,,,,,,,,,,,,,
Item Code,Item Description,Reference,,,Quantity,Cost,,,Profit,Profit %,,,,Markup %,,,,,,,,,
Linked Account:,,,,,,0,,,,,,,,,,,,,,,,,
SOC013,Socket Double,PACLINV0059329,,,"5,336.19","3,439.59",,,"1,896.60",35.54,,,,,,,,,,,,,
SOF003,Soft Broom With Handle,PACLINV0059825,,,"43,776.71","14,030.08",,,"29,746.63",67.95,,,,,,,,,,,,,
SOF004,Soft Broom Without  Handle,PACLINV0056457,,,"8,314.63","4,350.24",,,"3,964.39",47.68,,,,,,,,,,,,,
SPA001,Spade Imported,PACLINV0057249,,,"161,775.77","95,337.56",,,"66,438.21",41.07,,,,,,,,,,,,,
SPA007,Spanner Combined 17,PACLINV0050763,,,525.86,172.40,,,353.46,67.22,,,,,,,,,,,,,
SPA010,Spanner Fix 14x15,PACLINV0051344,,,215.52,43.10,,,172.42,80.00,,,,,,,,,,,,,
SPA011,Spanner Fix 16x17,PACLINV0028700,,,146.55,72.42,,,74.13,50.58,,,,,,,,,,,,,
SPA015,Spanner Ring 12x13,PACLINV0061297,,,"1,481.04",650.65,,,830.39,56.07,,,,,,,,,,,,,
SPA016,Spanner Ring 14x15,PACLINV0060072,,,"1,775.85",749.56,,,"1,026.29",57.79,,,,,,,,,,,,,
SPA017,Spanner Ring 16x17,PACLINV0061193,,,"1,137.92",635.20,,,502.72,44.18,,,,,,,,,,,,,
SPA020,Spanner Fix 6mm,PACLINV0043142,,,206.90,190.00,,,16.90,8.17,,,,,,,,,,,,,
SPI001,Spirit Level 10,PACLINV0057406,,,474.14,379.32,,,94.82,20.00,,,,,,,,,,,,,
SPI002,Spirit Level 12,PACLINV0061049,,,603.44,413.80,,,189.64,31.43,,,,,,,,,,,,,
SPI006,Spirit Level Magnetic 10,PACLINV0028538,,,543.10,390.82,,,152.28,28.04,,,,,,,,,,,,,
SPI007,Spirit Level Magnetic 12,PACLINV0030121,,,"1,120.68",858.24,,,262.44,23.42,,,,,,,,,,,,,
SPI008,Spirit Level Medium Magnetic,PACLINV0060782,,,905.17,431.05,,,474.12,52.38,,,,,,,,,,,,,
SPI009,Spirit Level  80CM-WADFOW,PACLINV0061242,,,"3,362.07","2,420.90",,,941.17,27.99,,,,,,,,,,,,,
SPR002,Spray Paint Blue,PACLINV0045328,,,"1,422.42",617.24,,,805.18,56.61,,,,,,,,,,,,,
SPR003,Spray Paint Chrome MAXIMA,PACLINV0060046,,,"2,844.83","2,268.08",,,576.75,20.27,,,,,,,,,,,,,
SPR004,Spray Paint  Black MAXIMA,PACLINV0051427,,,"9,655.16","5,463.72",,,"4,191.44",43.41,,,,,,,,,,,,,
SPR005,Spray Paint White- MAXIMA,PACLINV0056321,,,"11,077.57","6,371.04",,,"4,706.53",42.49,,,,,,,,,,,,,
SPR006,Spray Paint Gold MAXIMA,PACLINV0060046,,,"6,681.03","5,132.80",,,"1,548.23",23.17,,,,,,,,,,,,,
SPR007,Spray Paint Matt Black,PACLINV0043624,,,"3,405.16","1,664.77",,,"1,740.39",51.11,,,,,,,,,,,,,
SPR008,Spray Paint Red-MAXIMA,PACLINV0029912,,,"1,034.49",607.77,,,426.72,41.25,,,,,,,,,,,,,
SPR009,Spray Paint Remover,PACLINV0045607,,,"2,206.89","1,637.92",,,568.97,25.78,,,,,,,,,,,,,
SPR011,Spray Paint Gold,PACLINV0055655,,,"2,801.72","1,338.65",,,"1,463.07",52.22,,,,,,,,,,,,,
SPR015,Sprinkler Head,PACLINV0059004,,,"1,112.07",810.00,,,302.07,27.16,,,,,,,,,,,,,
SPR019,Spray Paint Grey MAXIMA,PACLINV0044417,,,344.83,198.27,,,146.56,42.50,,,,,,,,,,,,,
SPR020,Spray Paint Grey,PACLINV0038625,,,"1,810.35",827.58,,,982.77,54.29,,,,,,,,,,,,,
SPR021,Spray Paint Bright Gold MAXIMA,PACLINV0056935,,,"3,922.41","2,685.30",,,"1,237.11",31.54,,,,,,,,,,,,,
SPR022,Spray Paint  Yellow  MAXIMA,PACLINV0042131,,,"1,422.42",827.56,,,594.86,41.82,,,,,,,,,,,,,
SPR023,Spray Paint Asmaco- Matt Black,PACLINV0048930,,,"2,155.16","1,025.85",,,"1,129.31",52.40,,,,,,,,,,,,,
SPR024,Spray Paint Asmaco-Silver,PACLINV0053981,,,"1,163.79",439.65,,,724.14,62.22,,,,,,,,,,,,,
SPR027,Sprinkler Rotary,PACLINV0054691,,,"3,620.67","2,844.84",,,775.83,21.43,,,,,,,,,,,,,
SPR028,Spray Paint Maxima Bright Silver,PACLINV0053450,,,"1,551.72","1,107.20",,,444.52,28.65,,,,,,,,,,,,,
SQ 001,Sq 10,PACLINV0058886,,,"6,465.52","5,482.74",,,982.78,15.20,,,,,,,,,,,,,
SQU001,Squeezer,PACLINV0058906,,,"2,456.88","1,719.54",,,737.34,30.01,,,,,,,,,,,,,
STA009,Standard Thinner Crown 1l,PACLINV0059344,,,"8,836.23","6,426.53",,,"2,409.70",27.27,,,,,,,,,,,,,
STA010,Standard Thinner Crown 5l,PACLINV0060336,,,"123,836.19","111,096.80",,,"12,739.39",10.29,,,,,,,,,,,,,
STA011,Standard Thinner Glory 1l,PACLINV0058809,,,"34,465.39","21,988.77",,,"12,476.62",36.20,,,,,,,,,,,,,
STA012,Standard Thinner Glory 5l,PACLINV0059919,,,"134,409.51","96,574.13",,,"37,835.38",28.15,,,,,,,,,,,,,
STA015,Star Bit,PACLINV0050486,,,"5,030.18","2,370.50",,,"2,659.68",52.87,,,,,,,,,,,,,
STA016,Standard Thinner Dura 5 ltrs,PACLINV0029022,,,"2,931.03","2,068.00",,,863.03,29.44,,,,,,,,,,,,,
STE001,Steel Float Trowel Yellow,PACLINV0059217,,,"2,499.99","1,241.36",,,"1,258.63",50.35,,,,,,,,,,,,,
STE002,Steel Nails Pcs,PACLINV0057267,,,"4,331.85","1,154.12",,,"3,177.73",73.36,,,,,,,,,,,,,
STE003,Steel Nails Pkt 1,PACLINV0060206,,,"35,663.88","19,430.68",,,"16,233.20",45.52,,,,,,,,,,,,,
STE004,Steel Nails Pkt 1.5,PACLINV0056932,,,"11,405.20","6,244.65",,,"5,160.55",45.25,,,,,,,,,,,,,
STE005,Steel Nails Pkt 2,PACLINV0061202,,,"50,706.99","27,020.74",,,"23,686.25",46.71,,,,,,,,,,,,,
STE006,Steel Nails Pkt 2.5,PACLINV0056117,,,"21,319.01","11,145.78",,,"10,173.23",47.72,,,,,,,,,,,,,
STE007,Steel Nails Pkt 3,PACLINV0060048,,,"116,275.88","62,190.87",,,"54,085.01",46.51,,,,,,,,,,,,,
Inventory Sales Analysis,,,,,,,,,,,,,,,,,,,,Page 32 of 36,,,
,,,Amount (VAT,,,Amount (VAT,,,,,,,,,,,,,,,,,
Item Code,Item Description,Reference,,,Quantity,Cost,,,Profit,Profit %,,,,Markup %,,,,,,,,,
Linked Account:,,,,,,0,,,,,,,,,,,,,,,,,
STE008,Steel Nails Pkt 4,PACLINV0056253,,,"51,965.50","27,851.62",,,"24,113.88",46.40,,,,,,,,,,,,,
STE010,Steel Tape 100m,PACLINV0060275,,,"6,681.04","5,191.57",,,"1,489.47",22.29,,,,,,,,,,,,,
STE011,Steel Tape 50m,PACLINV0048839,,,"1,896.55","1,422.42",,,474.13,25.00,,,,,,,,,,,,,
STE012,Steel Trowel Rubber Handle,PACLINV0058309,,,"5,387.90","2,781.73",,,"2,606.17",48.37,,,,,,,,,,,,,
STE014,Steel Trowel Wooden Handle,PACLINV0040682,,,301.72,155.17,,,146.55,48.57,,,,,,,,,,,,,
STO001,Stone 4x9,PACLINV0029500,,,"2,162.07","1,769.04",,,393.03,18.18,,,,,,,,,,,,,
STO003,Stone 9x9,PACLINV0031777,,,"2,413.79","2,105.28",,,308.51,12.78,,,,,,,,,,,,,
STO006,Stop Cork Cons 1/2 Cobra,PACLINV0059786,,,"66,922.45","38,546.47",,,"28,375.98",42.40,,,,,,,,,,,,,
STR003,Strip Connector 30a,PACLINV0046918,,,"1,137.94",896.48,,,241.46,21.22,,,,,,,,,,,,,
STR005,Stronghold Parquet Crown 1kg,PACLINV0059046,,,"11,870.68","8,346.99",,,"3,523.69",29.68,,,,,,,,,,,,,
STR006,Stronghold Parquet Crown 20k,PACLINV0058283,,,"141,206.90","130,128.71",,,"11,078.19",7.85,,,,,,,,,,,,,
STR008,Stronghold Parquet Crown 4kg,PACLINV0059325,,,"37,198.29","31,450.90",,,"5,747.39",15.45,,,,,,,,,,,,,
STR010,Stronghold T/Adhesive 1kg,PACLINV0060327,,,"13,965.50","8,406.97",,,"5,558.53",39.80,,,,,,,,,,,,,
STR012,Stronghold T/Adhesive 4kg,PACLINV0061244,,,"32,155.16","26,567.40",,,"5,587.76",17.38,,,,,,,,,,,,,
STR016,Strip Connector 20a,PACLINV0049868,,,163.80,94.82,,,68.98,42.11,,,,,,,,,,,,,
STY001,Styro Foam 1,PACLINV0059617,,,"26,077.59","18,700.00",,,"7,377.59",28.29,,,,,,,,,,,,,
STY002,Styro Foam 1/2,PACLINV0049838,,,"5,000.01","3,655.85",,,"1,344.16",26.88,,,,,,,,,,,,,
STY003,Styro Foam 3/4,PACLINV0058038,,,"24,676.70","18,146.62",,,"6,530.08",26.46,,,,,,,,,,,,,
SUP001,Super Glue Big,PACLINV0032425,,,129.30,69.66,,,59.64,46.13,,,,,,,,,,,,,
SUP002,Super Glue Small,PACLINV0060426,,,"2,356.82","1,090.20",,,"1,266.62",53.74,,,,,,,,,,,,,
SWI001,Tronic Switch 1 Gang,PACLINV0056636,,,"3,612.06","1,508.70",,,"2,103.36",58.23,,,,,,,,,,,,,
SWI002,Switch 2 Gang,PACLINV0058389,,,"10,249.99","1,368.76",,,"8,881.23",86.65,,,,,,,,,,,,,
SWI003,Switch 3 Gang,PACLINV0053532,,,603.45,387.00,,,216.45,35.87,,,,,,,,,,,,,
SWI004,Switch 4 Gang Gold,PACLINV0051605,,,905.17,898.71,,,6.46,0.71,,,,,,,,,,,,,
SWI005,Switch Box Double,PACLINV0059603,,,"67,586.18","40,667.21",,,"26,918.97",39.83,,,,,,,,,,,,,
SWI006,Switch Box Single,PACLCRN0002791,,,"63,396.47","29,750.40",,,"33,646.07",53.07,,,,,,,,,,,,,
SWI007,Switch 2 Gang  Black,PACLINV0038043,,,"3,603.45","2,781.03",,,822.42,22.82,,,,,,,,,,,,,
SWI008,Switch 3 gang Black,PACLINV0038043,,,"3,310.34","2,568.00",,,742.34,22.42,,,,,,,,,,,,,
SWI009,Switch 4 gang Black,PACLINV0038043,,,"1,112.07",801.72,,,310.35,27.91,,,,,,,,,,,,,
SWI015,Switch 2 Gang Gold,PACLINV0038757,,,258.62,241.38,,,17.24,6.67,,,,,,,,,,,,,
T S001,T Stoppers,PACLINV0035546,,,241.38,84.56,,,156.82,64.97,,,,,,,,,,,,,
TAC002,Taco Easycare Polish 5l,PACLINV0047986,,,"1,982.76","1,896.55",,,86.21,4.35,,,,,,,,,,,,,
TAN001,Tangit 1000ml,PACLINV0057592,,,"99,056.05","88,291.44",,,"10,764.61",10.87,,,,,,,,,,,,,
TAN002,Tangit 100ml,PACLINV0059176,,,"18,318.85","12,739.29",,,"5,579.56",30.46,,,,,,,,,,,,,
TAN003,Tangit 250ml,PACLINV0060947,,,"115,189.60","89,796.59",,,"25,393.01",22.04,,,,,,,,,,,,,
TAN004,Tangit 500ml,PACLINV0059301,,,"273,514.05","226,760.26",,,"46,753.79",17.09,,,,,,,,,,,,,
TAN005,Tangit 50ml,PACLINV0059756,,,"9,409.53","5,821.71",,,"3,587.82",38.13,,,,,,,,,,,,,
TAN006,Tank Connector 1,PACLINV0041970,,,935.34,568.98,,,366.36,39.17,,,,,,,,,,,,,
TAN007,Tank Connector 1/2,PACLINV0056613,,,456.89,90.10,,,366.79,80.28,,,,,,,,,,,,,
TAN009,Tank Connector 3/4,PACLINV0044504,,,"1,219.82",680.58,,,539.24,44.21,,,,,,,,,,,,,
TAP001,Tap Garden 1/2,PACLINV0060613,,,"37,525.81","24,029.11",,,"13,496.70",35.97,,,,,,,,,,,,,
TAP002,Tap Garden 3/4,PACLINV0056728,,,"7,413.78","5,203.43",,,"2,210.35",29.81,,,,,,,,,,,,,
TAP003,Tap Lockable 1/2,PACLINV0045983,,,948.28,676.26,,,272.02,28.69,,,,,,,,,,,,,
TAP004,Tap Lockable 3/4,PACLINV0056496,,,"2,370.68","1,403.68",,,967.00,40.79,,,,,,,,,,,,,
TAP007,Tap Pegler 1/2,PACLINV0058896,,,"22,784.43","11,668.56",,,"11,115.87",48.79,,,,,,,,,,,,,
TAP008,Tap Pegler 3/4,PACLINV0058150,,,"6,068.95","3,597.68",,,"2,471.27",40.72,,,,,,,,,,,,,
TAP015,Tape Measure 3m,PACLINV0060578,,,"2,327.57","1,948.42",,,379.15,16.29,,,,,,,,,,,,,
TAP017,Tape Measure 5m,PACLINV0043439,,,"2,594.84","1,300.00",,,"1,294.84",49.90,,,,,,,,,,,,,
TAP019,Tape Measure Steel 100m,PACLINV0030874,,,"5,972.41","5,458.30",,,514.11,8.61,,,,,,,,,,,,,
TAP022,Tape Measure Knicker 5M,PACLINV0056723,,,"7,573.05","4,933.58",,,"2,639.47",34.85,,,,,,,,,,,,,
Inventory Sales Analysis,,,,,,,,,,,,,,,,,,,,Page 33 of 36,,,
,,,Amount (VAT,,,Amount (VAT,,,,,,,,,,,,,,,,,
Item Code,Item Description,Reference,,,Quantity,Cost,,,Profit,Profit %,,,,Markup %,,,,,,,,,
Linked Account:,,,,,,0,,,,,,,,,,,,,,,,,
TAP025,Tape Measure Knicker 7.5M,PACLINV0049179,,,"13,689.52","8,860.81",,,"4,828.71",35.27,,,,,,,,,,,,,
TEE001,Tee 1x1/8,PACLINV0060761,,,"40,612.08","31,962.64",,,"8,649.44",21.30,,,,,,,,,,,,,
TEE002,Tee 3/4x1/8,PACLINV0046856,,,"8,060.36","6,299.24",,,"1,761.12",21.85,,,,,,,,,,,,,
TEE003,Tee Door,PACLINV0058631,,,"23,405.17","19,767.88",,,"3,637.29",15.54,,,,,,,,,,,,,
TEE004,Tee Hinges 4,PACLINV0056951,,,"2,344.82",844.76,,,"1,500.06",63.97,,,,,,,,,,,,,
TEE005,Tee Hinges 6,PACLINV0060891,,,"3,862.07","2,138.07",,,"1,724.00",44.64,,,,,,,,,,,,,
TEE006,Tee Hinges 8,PACLINV0061232,,,560.34,172.40,,,387.94,69.23,,,,,,,,,,,,,
TES001,Tester Big,PACLINV0058838,,,"2,362.14","1,327.48",,,"1,034.66",43.80,,,,,,,,,,,,,
TES003,Tester Small,PACLINV0059621,,,"1,112.01",568.92,,,543.09,48.84,,,,,,,,,,,,,
THR001,Thread Tape Small,PACLINV0060132,,,"30,560.30","10,592.14",,,"19,968.16",65.34,,,,,,,,,,,,,
THR002,Thread Tape Big,PACLINV0058399,,,"45,849.23","28,368.94",,,"17,480.29",38.13,,,,,,,,,,,,,
TIL001,Tile Adhesive Bamburi Seti,PACLINV0059881,,,431.03,431.03,,,0.00,0.00,,,,,,,,,,,,,
TIL006,Tile Adhesive Izomix 25kg,PACLINV0056205,,,"277,456.91","201,438.04",,,"76,018.87",27.40,,,,,,,,,,,,,
TIL007,Tile Adhesive Mzito Probond,PACLINV0059614,,,"399,517.19","295,504.20",,,"104,012.99",26.03,,,,,,,,,,,,,
TIL008,Tile Cutter,PACLINV0041686,,,543.10,336.21,,,206.89,38.09,,,,,,,,,,,,,
TIL010,Tile Spacers 2.5mm,PACLINV0056169,,,"5,896.54","2,331.62",,,"3,564.92",60.46,,,,,,,,,,,,,
TIL011,Tile Spacers 2mm,PACLINV0059995,,,"17,267.26","4,629.58",,,"12,637.68",73.19,,,,,,,,,,,,,
TIL012,Tile Spacers 3mm,PACLINV0050201,,,"1,732.75",851.75,,,881.00,50.84,,,,,,,,,,,,,
TIL014,Tile Adhesive 1951-Kalekim 25kg,PACLCRN0002727,,,"103,310.35","71,120.50",,,"32,189.85",31.16,,,,,,,,,,,,,
TIL015,Tile Adhesive 1952 White-kalekim 25kg,PACLINV0057575,,,"504,353.48","394,373.40",,,"109,980.08",21.81,,,,,,,,,,,,,
TIN002,Tinsnip 10,PACLINV0052271,,,"2,500.00","1,011.47",,,"1,488.53",59.54,,,,,,,,,,,,,
TIN004,Tinsnip 8,PACLINV0052715,,,"1,939.64","1,091.96",,,847.68,43.70,,,,,,,,,,,,,
TIS009,Tissue Holder NEMSI Black,PACLINV0056344,,,"5,758.62","5,255.01",,,503.61,8.75,,,,,,,,,,,,,
TOI001,Toilet P-Trap,PACLCRN0001904,,,"1,810.34","1,724.14",,,86.20,4.76,,,,,,,,,,,,,
TOI004,Toilet S-Trap,PACLINV0034588,,,"4,224.14","3,620.68",,,603.46,14.29,,,,,,,,,,,,,
TOW004,Towel Holder Ring-chrome,PACLINV0046501,,,"1,681.04",729.30,,,951.74,56.62,,,,,,,,,,,,,
TOW010,Tower Bolt China 3,PACLINV0058129,,,"1,362.08",715.35,,,646.73,47.48,,,,,,,,,,,,,
TOW011,Tower Bolt China 4,PACLINV0059841,,,"1,814.66","1,072.93",,,741.73,40.87,,,,,,,,,,,,,
TOW012,Tower Bolt China 6,PACLINV0056951,,,"3,612.07",958.44,,,"2,653.63",73.47,,,,,,,,,,,,,
TOW014,Padbot Blue JK,PACLINV0061232,,,"1,939.65",646.50,,,"1,293.15",66.67,,,,,,,,,,,,,
TOW016,Towel Holder -Premium square-black,PACLINV0028448,,,"1,293.10","1,045.24",,,247.86,19.17,,,,,,,,,,,,,
TOW017,Tower Bolt sliding- Jk,PACLINV0057494,,,"8,008.62","3,664.20",,,"4,344.42",54.25,,,,,,,,,,,,,
TRA001,Trans Africa Q35-Hm,PACLINV0039865,,,"12,629.31","11,000.00",,,"1,629.31",12.90,,,,,,,,,,,,,
TRA004,Transafrica Sdw750,PACLINV0054157,,,"18,362.07","12,929.32",,,"5,432.75",29.59,,,,,,,,,,,,,
TRA006,Transafrica Sub Sm5,PACLINV0057825,,,"16,379.31","16,200.00",,,179.31,1.09,,,,,,,,,,,,,
TRA009,Transport,PACLINV0060511,,,"1,993,042.86","37,068.15",,,"1,955,974.71",98.14,,,,,,,,,,,,,
TRI001,Tri Square 10,PACLINV0056448,,,"1,551.71",715.06,,,836.65,53.92,,,,,,,,,,,,,
TRI002,Tri Square 12,PACLINV0054242,,,301.72,137.94,,,163.78,54.28,,,,,,,,,,,,,
TRI003,Tri Square 6,PACLINV0061193,,,603.46,331.82,,,271.64,45.01,,,,,,,,,,,,,
TRI004,Tri Square 8,PACLINV0055798,,,706.04,525.91,,,180.13,25.51,,,,,,,,,,,,,
TRO002,Tronic Led Tube 4ft,PACLINV0047642,,,"3,577.58","2,088.16",,,"1,489.42",41.63,,,,,,,,,,,,,
TRO003,Trowel China 8,PACLINV0061049,,,"1,767.23",732.80,,,"1,034.43",58.53,,,,,,,,,,,,,
TRO004,Trowel China 6,PACLINV0057891,,,"2,284.48",965.44,,,"1,319.04",57.74,,,,,,,,,,,,,
TRO006,Trowel Jk Big,PACLINV0060403,,,"1,150.86",461.17,,,689.69,59.93,,,,,,,,,,,,,
TRO007,Trowel Jk Medium,PACLINV0037054,,,594.83,258.60,,,336.23,56.53,,,,,,,,,,,,,
TRO010,Tronic Led Fitting 2ft,PACLINV0056636,,,"2,521.56","1,882.58",,,638.98,25.34,,,,,,,,,,,,,
TRO011,Tronic Led  Tube 2ft,PACLINV0056636,,,"3,030.18","1,641.76",,,"1,388.42",45.82,,,,,,,,,,,,,
TUB001,Tube 1/2x1/2x16g,PACLINV0029842,,,"3,448.28","2,890.00",,,558.28,16.19,,,,,,,,,,,,,
TUB002,Tube 11/2x11/2x14g,PACLINV0029689,,,"3,189.66","2,778.40",,,411.26,12.89,,,,,,,,,,,,,
TUB003,Tube 11/2x11/2x16g,PACLINV0056899,,,"477,538.84","424,293.21",,,"53,245.64",11.15,,,,,,,,,,,,,
Inventory Sales Analysis,,,,,,,,,,,,,,,,,,,,Page 34 of 36,,,
,,,Amount (VAT,,,Amount (VAT,,,,,,,,,,,,,,,,,
Item Code,Item Description,Reference,,,Quantity,Cost,,,Profit,Profit %,,,,Markup %,,,,,,,,,
Linked Account:,,,,,,0,,,,,,,,,,,,,,,,,
TUB004,Tube 11/2x11/2x18g(0.8mm),PACLINV0060214,,,"66,538.79","51,692.45",,,"14,846.34",22.31,,,,,,,,,,,,,
TUB006,Tube 11/2x1x16g,PACLINV0057578,,,"208,301.74","170,791.78",,,"37,509.96",18.01,,,,,,,,,,,,,
TUB007,Tube 11/2x1x18g(0.8mm non structural),PACLINV0060218,,,"88,426.73","63,743.17",,,"24,683.56",27.91,,,,,,,,,,,,,
TUB008,Tube 11/4x11/4x1.5mm,PACLINV0057002,,,"56,691.36","48,990.74",,,"7,700.62",13.58,,,,,,,,,,,,,
TUB009,Tube 11/4x11/4x18g (0.8mmnon-structural),PACLINV0046172,,,"14,439.65","11,745.35",,,"2,694.30",18.66,,,,,,,,,,,,,
TUB011,Tube 1x1x16g,PACLINV0061112,,,"596,012.98","485,155.31",,,"110,857.67",18.60,,,,,,,,,,,,,
TUB012,Tube 1x1x18g,PACLINV0058877,,,"89,982.75","57,718.67",,,"32,264.08",35.86,,,,,,,,,,,,,
TUB013,Tube 2x1x14g,PACLINV0032487,,,"199,137.93","171,982.50",,,"27,155.43",13.64,,,,,,,,,,,,,
TUB014,Tube 2x1x1.5mm,PACLINV0060294,,,"221,293.11","187,895.98",,,"33,397.13",15.09,,,,,,,,,,,,,
TUB015,Tube 2x1x18g,PACLINV0057045,,,"56,353.46","39,105.17",,,"17,248.29",30.61,,,,,,,,,,,,,
TUB018,Tube 2x2x16g,PACLINV0061199,,,"623,129.25","555,517.68",,,"67,611.57",10.85,,,,,,,,,,,,,
TUB019,Tube 2x2x18g(Non-Structural),PACLINV0059308,,,"61,754.31","51,241.35",,,"10,512.97",17.02,,,,,,,,,,,,,
TUB020,Tube 3/4x3/4x16g,PACLINV0060074,,,"222,564.70","168,729.74",,,"53,834.96",24.19,,,,,,,,,,,,,
TUB021,Tube 3/4x3/4x18g(0.8mm),PACLINV0057092,,,"50,103.46","34,186.86",,,"15,916.60",31.77,,,,,,,,,,,,,
TUB022,Tube 3x2X2mm,PACLINV0061112,,,"187,698.30","170,085.19",,,"17,613.11",9.38,,,,,,,,,,,,,
TUB023,Tube 3x2x2.5mm,PACLINV0049571,,,"24,784.49","21,392.21",,,"3,392.28",13.69,,,,,,,,,,,,,
TUB024,Tube 3x2x3mm,PACLINV0044486,,,"16,077.59","14,531.50",,,"1,546.09",9.62,,,,,,,,,,,,,
TUB026,Tube 3x3x2.5mm,PACLINV0048258,,,"25,387.93","23,986.24",,,"1,401.69",5.52,,,,,,,,,,,,,
TUB028,Tube 3x3x3mm,PACLINV0058587,,,"86,477.58","80,488.52",,,"5,989.06",6.93,,,,,,,,,,,,,
TUB029,Tube 3x3x4mm,PACLINV0032487,,,"170,474.14","164,741.50",,,"5,732.64",3.36,,,,,,,,,,,,,
TUB033,Tube 4x2x3mm,PACLINV0029176,,,"39,176.72","34,592.00",,,"4,584.72",11.70,,,,,,,,,,,,,
TUB035,Tube 4x4x2.5mm,PACLINV0061112,,,"22,000.01","20,258.60",,,"1,741.41",7.92,,,,,,,,,,,,,
TUB036,Tube 4x4x3mm,PACLINV0060293,,,"31,663.80","28,869.60",,,"2,794.20",8.82,,,,,,,,,,,,,
TUB040,Tube 4x2x4mm,PACLINV0032487,,,"146,379.31","141,207.00",,,"5,172.31",3.53,,,,,,,,,,,,,
TUB041,Tube 11/2x11/2x3mm,PACLINV0043290,,,"39,568.96","34,697.80",,,"4,871.16",12.31,,,,,,,,,,,,,
TUB045,Tube 2x2x1.2mm,PACLINV0054705,,,"46,120.69","37,982.78",,,"8,137.91",17.64,,,,,,,,,,,,,
TUB046,Tube 4x4x4mm,PACLINV0054632,,,"88,396.55","77,280.65",,,"11,115.90",12.58,,,,,,,,,,,,,
TUB047,Tube 2x1x0.8mm-Non structural,PACLINV0060595,,,"4,612.07","3,723.59",,,888.48,19.26,,,,,,,,,,,,,
TUB048,Tube 3/4x3/4/18g(1mm),PACLINV0057111,,,"4,267.25","2,971.53",,,"1,295.72",30.36,,,,,,,,,,,,,
TUB049,Tube 1x1x18g(0.8mm),PACLINV0061079,,,"12,241.38","9,271.24",,,"2,970.14",24.26,,,,,,,,,,,,,
TUB050,Tube 6x6x3mm,PACLINV0059580,,,"15,344.83","12,204.80",,,"3,140.03",20.46,,,,,,,,,,,,,
TUR001,Turpentine Glory 1l,PACLCRN0002875,,,"15,758.59","10,339.27",,,"5,419.32",34.39,,,,,,,,,,,,,
TUR002,Turpentine Glory 5l,PACLINV0061199,,,"45,991.38","33,143.72",,,"12,847.66",27.93,,,,,,,,,,,,,
UND001,Undertaker 100ml,PACLINV0046262,,,"2,163.79","1,285.34",,,878.45,40.60,,,,,,,,,,,,,
UND002,Undertaker 1l,PACLINV0055983,,,"251,163.77","212,982.00",,,"38,181.77",15.20,,,,,,,,,,,,,
UND003,Undertaker 250ml,PACLINV0058404,,,"8,491.38","5,880.00",,,"2,611.38",30.75,,,,,,,,,,,,,
USP001,Uspro Foam Premium 750ml,PACLINV0037728,,,"56,379.34","47,831.86",,,"8,547.48",15.16,,,,,,,,,,,,,
USP002,Uspro Foam Economy 750ml,PACLINV0033457,,,"24,094.84","18,574.88",,,"5,519.96",22.91,,,,,,,,,,,,,
USP003,USPRO Foam DLG,PACLINV0058923,,,"40,646.56","24,827.52",,,"15,819.04",38.92,,,,,,,,,,,,,
USP004,USPRO Foam  Sista,PACLINV0058854,,,"52,112.07","41,758.64",,,"10,353.43",19.87,,,,,,,,,,,,,
UVE001,Iron strips  U VENT,PACLINV0039569,,,"10,862.06","9,051.60",,,"1,810.46",16.67,,,,,,,,,,,,,
VAL009,Valley 28G,PACLINV0040955,,,"1,120.69",887.90,,,232.79,20.77,,,,,,,,,,,,,
WAL001,Wall Coping 12,PACLINV0058352,,,"4,137.93","2,069.10",,,"2,068.83",50.00,,,,,,,,,,,,,
WAL006,Wall Pass,PACLINV0059881,,,882.76,520.00,,,362.76,41.09,,,,,,,,,,,,,
WAL007,Wall Plug 10mm,PACLINV0056376,,,862.06,416.70,,,445.36,51.66,,,,,,,,,,,,,
WAL008,Wall Plug 12mm,PACLINV0054106,,,413.79,310.36,,,103.43,25.00,,,,,,,,,,,,,
WAL009,Wall Plug 6mm,PACLINV0060119,,,"6,663.82","2,701.41",,,"3,962.41",59.46,,,,,,,,,,,,,
WAL010,Wall Plug 8mm,PACLINV0057182,,,"4,931.03","3,362.19",,,"1,568.84",31.82,,,,,,,,,,,,,
WAL011,Wall Plug Pcs,PACLINV0060310,,,556.01,194.36,,,361.65,65.04,,,,,,,,,,,,,
WAL014,Wall Tap Short Neck,PACLINV0061282,,,"6,077.56","4,038.80",,,"2,038.76",33.55,,,,,,,,,,,,,
Inventory Sales Analysis,,,,,,,,,,,,,,,,,,,,Page 35 of 36,,,
,,,Amount (VAT,,,Amount (VAT,,,,,,,,,,,,,,,,,
Item Code,Item Description,Reference,,,Quantity,Cost,,,Profit,Profit %,,,,Markup %,,,,,,,,,
Linked Account:,,,,,,0,,,,,,,,,,,,,,,,,
WAL015,Wall Tap Long  Neck,PACLINV0056903,,,"12,068.94","8,206.51",,,"3,862.43",32.00,,,,,,,,,,,,,
WAR001,Warning Tape Red,PACLINV0057753,,,"7,568.95","5,059.64",,,"2,509.31",33.15,,,,,,,,,,,,,
WAS003,Wash Hand Basin 18x12,PACLINV0046743,,,"1,293.10",827.84,,,465.26,35.98,,,,,,,,,,,,,
WAS009,Washers Metal Small,PACLINV0059881,,,549.15,313.39,,,235.76,42.93,,,,,,,,,,,,,
WAT001,Tronic Water Heater Switch 20A,PACLINV0059901,,,"2,267.24","1,206.87",,,"1,060.37",46.77,,,,,,,,,,,,,
WAT002,Water Heater Switch 45a Gold,PACLINV0056852,,,"6,267.23","4,572.22",,,"1,695.01",27.05,,,,,,,,,,,,,
WAT003,Water Meter Davis 1/2,PACLINV0031097,,,"1,120.69",862.07,,,258.62,23.08,,,,,,,,,,,,,
WAT005,Water Meter Kent 1/2,PACLINV0059075,,,"5,948.28","4,653.00",,,"1,295.28",21.78,,,,,,,,,,,,,
WAT006,Water Meter Kent 3/4,PACLINV0061078,,,"2,500.00","2,098.28",,,401.72,16.07,,,,,,,,,,,,,
WAT007,Watering Can,PACLINV0057071,,,"2,715.50","1,629.32",,,"1,086.18",40.00,,,,,,,,,,,,,
WAT010,Waterproof Mzito Powder,PACLINV0054548,,,"18,390.52","2,377.70",,,"16,012.82",87.07,,,,,,,,,,,,,
WAT013,Waterproof Sikalite,PACLINV0056487,,,"157,198.36","97,256.28",,,"59,942.08",38.13,,,,,,,,,,,,,
WAT014,Waterproof Sikalite 25l-plastocrete,PACLINV0060198,,,"154,741.43","135,172.48",,,"19,568.95",12.65,,,,,,,,,,,,,
WAT015,Waterproof Socket Single,PACLINV0051386,,,"5,172.40","4,568.96",,,603.44,11.67,,,,,,,,,,,,,
WAT016,Tronic Waterproof Socket Twin,PACLINV0047107,,,"6,551.72","5,560.36",,,991.36,15.13,,,,,,,,,,,,,
WAT023,Waterpump Dayliff 1HP,PACLINV0047169,,,"8,620.69","8,512.93",,,107.76,1.25,,,,,,,,,,,,,
WAT026,Cooker Socket  Grey,PACLINV0050969,,,517.24,491.38,,,25.86,5.00,,,,,,,,,,,,,
WAT028,Water Heater Switch 45A,PACLINV0056376,,,"13,758.60","8,959.81",,,"4,798.79",34.88,,,,,,,,,,,,,
WAT029,Water Heater Switch 45A Black,PACLINV0046633,,,"4,120.69","2,896.56",,,"1,224.13",29.71,,,,,,,,,,,,,
WD4002,Wd40 250ml,PACLINV0059110,,,"2,370.68","1,605.61",,,765.07,32.27,,,,,,,,,,,,,
WD4003,Wd40 500ml,PACLINV0029204,,,517.24,406.10,,,111.14,21.49,,,,,,,,,,,,,
WEL002,Welding Glass,PACLINV0042168,,,512.07,510.78,,,1.29,0.25,,,,,,,,,,,,,
WEL004,Welding Googles,PACLINV0057253,,,"1,922.42",899.93,,,"1,022.49",53.19,,,,,,,,,,,,,
WEL005,Welding Holder,PACLINV0060061,,,"1,336.20",760.16,,,576.04,43.11,,,,,,,,,,,,,
WEL008,Welding Rods Agi- KGS,PACLINV0058086,,,"59,556.02","36,025.01",,,"23,531.01",39.51,,,,,,,,,,,,,
WEL009,Welding Rods Simba,PACLINV0045496,,,"244,844.70","149,801.25",,,"95,043.45",38.82,,,,,,,,,,,,,
WHE003,Wheelbarrow H/G,PACLINV0060994,,,"231,508.60","183,291.44",,,"48,217.16",20.83,,,,,,,,,,,,,
WHE004,Wheelbarrow M/G,PACLINV0060994,,,"4,051.72","3,103.45",,,948.27,23.40,,,,,,,,,,,,,
WHE005,Wheelbarrow Super H/G,PACLINV0056962,,,"404,612.08","340,261.43",,,"64,350.65",15.90,,,,,,,,,,,,,
WHE007,Wheelbarrow Wheel Big,PACLINV0060820,,,"14,568.96","9,051.70",,,"5,517.26",37.87,,,,,,,,,,,,,
WHE009,Wheelbarrow Wheel Tuktuk,PACLINV0055781,,,"19,985.47","14,995.44",,,"4,990.03",24.97,,,,,,,,,,,,,
WHI001,White Cement 1kg,PACLINV0054545,,,431.03,75.00,,,356.03,82.60,,,,,,,,,,,,,
WHI003,White Cement 40kg (52.5N),PACLINV0059450,,,"144,224.13","113,793.00",,,"30,431.13",21.10,,,,,,,,,,,,,
WHI005,White Spirit 5l Glory,PACLINV0057852,,,"264,086.26","214,987.17",,,"49,099.09",18.59,,,,,,,,,,,,,
WHI006,White Spirit Crown 1l,PACLINV0061225,,,"19,125.05","13,840.63",,,"5,284.42",27.63,,,,,,,,,,,,,
WHI007,White Spirit Crown 5l,PACLINV0059496,,,"196,206.84","154,017.03",,,"42,189.81",21.50,,,,,,,,,,,,,
WHI008,White Spirit Glory 1l,PACLINV0059753,,,"77,021.26","53,168.69",,,"23,852.57",30.97,,,,,,,,,,,,,
WIN001,Window Fastener,PACLINV0058599,,,"18,112.05","9,265.99",,,"8,846.06",48.84,,,,,,,,,,,,,
WIN003,Window Handle,PACLINV0042168,,,"5,408.63","3,569.14",,,"1,839.49",34.01,,,,,,,,,,,,,
WIN004,Window  Fastener Kent- Right,PACLINV0059834,,,"36,974.17","24,150.00",,,"12,824.17",34.68,,,,,,,,,,,,,
WIN005,Window Stay,PACLINV0058119,,,"23,568.96","10,733.56",,,"12,835.40",54.46,,,,,,,,,,,,,
WIN007,Window Stay Kent,PACLINV0059834,,,"43,362.06","28,674.49",,,"14,687.57",33.87,,,,,,,,,,,,,
WIN008,Drawer Handle Silver 8,PACLINV0056027,,,"4,267.23","2,241.20",,,"2,026.03",47.48,,,,,,,,,,,,,
WIN009,Drawer Handle  Gold 8,PACLINV0059935,,,"3,879.31","1,680.90",,,"2,198.41",56.67,,,,,,,,,,,,,
WIN010,Drawer Handle Grey 8,PACLINV0059739,,,"5,163.79","2,129.14",,,"3,034.65",58.77,,,,,,,,,,,,,
WIN011,Window  Fastener Kent- Left,PACLINV0059834,,,"1,939.66","1,183.35",,,756.31,38.99,,,,,,,,,,,,,
WIR001,Wire Brush,PACLINV0056266,,,"65,146.47","41,902.55",,,"23,243.92",35.68,,,,,,,,,,,,,
WIR002,Wire Mesh H/G,PACLINV0058989,,,"222,112.12","154,670.93",,,"67,441.19",30.36,,,,,,,,,,,,,
WIR004,Wire Mesh M/G,PACLINV0060692,,,"259,094.82","180,621.12",,,"78,473.70",30.29,,,,,,,,,,,,,
WOO003,Wood Chisel 1/2,PACLINV0060285,,,51.72,51.72,,,0.00,0.00,,,,,,,,,,,,,
Inventory Sales Analysis,,,,,,,,,,,,,,,,,,,,Page 36 of 36,,,
,,,Amount (VAT,,,Amount (VAT,,,,,,,,,,,,,,,,,
Item Code,Item Description,Reference,,,Quantity,Cost,,,Profit,Profit %,,,,Markup %,,,,,,,,,
Linked Account:,,,,,,0,,,,,,,,,,,,,,,,,
WOO006,Wood Filla Mahogany,PACLINV0056084,,,"20,344.82","14,121.76",,,"6,223.06",30.59,,,,,,,,,,,,,
WOO007,Wood Filla Pine,PACLINV0048013,,,"6,000.00","3,900.00",,,"2,100.00",35.00,,,,,,,,,,,,,
WOO008,Wood Screw Assorted,PACLINV0056128,,,"2,202.54",548.68,,,"1,653.86",75.09,,,,,,,,,,,,,
WOO009,Wood Screw Pkt 1,PACLINV0032181,,,129.31,30.17,,,99.14,76.67,,,,,,,,,,,,,
WOO010,Wood Screw Pkt 1.5,PACLINV0043970,,,258.62,112.07,,,146.55,56.67,,,,,,,,,,,,,
WOO016,Wood preservative Black 20l,PACLINV0029401,,,"1,724.14","1,034.48",,,689.66,40.00,,,,,,,,,,,,,
WOO017,Wood preservative Black 5l,PACLINV0060714,,,905.17,439.65,,,465.52,51.43,,,,,,,,,,,,,
WOO018,Wood preservative Green 20l,PACLINV0054537,,,"5,905.18","4,143.44",,,"1,761.74",29.83,,,,,,,,,,,,,
WOO019,Wood preservative Green 5l,PACLINV0047588,,,"1,724.13",931.02,,,793.11,46.00,,,,,,,,,,,,,
WOO020,Wood Chisel 3/4,PACLINV0060285,,,60.34,58.65,,,1.69,2.80,,,,,,,,,,,,,
YEL001,Yellow Oxide 1kg,PACLINV0053628,,,"3,827.58","2,452.96",,,"1,374.62",35.91,,,,,,,,,,,,,
ZED001,Zed 1,PACLINV0058469,,,"81,732.76","74,998.83",,,"6,733.93",8.24,,,,,,,,,,,,,
ZED002,Zed 3/4,PACLINV0057766,,,"28,793.12","21,150.32",,,"7,642.80",26.54,,,,,,,,,,,,,
ZED003,Zed Stopper,PACLINV0058469,,,810.34,224.84,,,585.50,72.25,,,,,,,,,,,,,
ZVE001,Irn strips Z VENT,PACLINV0047327,,,517.24,301.72,,,215.52,41.67,,,,,,,,,,,,,
,,,,,"326,968,883.06","297,216,261.37",,,"29,752,621.69",9.10,,,,10.01,,,,,,,,,
Total,,,,,"326,968,883.06","297,216,261.37",,,"29,752,621.69",9.10,,,,,,,,,,,,,10.01
